{"stats":{"minecraft:crafted":{"minecraft:oak_planks":84,"minecraft:stone_shovel":2,"minecraft:fishing_rod":2,"minecraft:cooked_chicken":12,"minecraft:furnace":2,"minecraft:cooked_mutton":16,"minecraft:iron_boots":1,"minecraft:stone_pickaxe":2,"minecraft:smoker":1,"minecraft:cooked_beef":16,"minecraft:cooked_cod":53,"minecraft:cooked_porkchop":13,"minecraft:crafting_table":1,"minecraft:wooden_pickaxe":1,"minecraft:iron_helmet":1,"minecraft:iron_sword":1,"minecraft:cooked_salmon":15,"minecraft:bucket":1,"minecraft:stone_axe":3,"minecraft:air":0,"minecraft:oak_boat":1,"minecraft:iron_chestplate":1,"minecraft:shield":3,"minecraft:stick":28,"minecraft:iron_ingot":104,"minecraft:iron_pickaxe":1,"minecraft:iron_leggings":1,"minecraft:gold_ingot":3,"minecraft:torch":4},"minecraft:broken":{"minecraft:stone_pickaxe":2,"minecraft:stone_axe":2,"minecraft:fishing_rod":1,"minecraft:stone_shovel":1},"minecraft:mined":{"minecraft:tuff":2,"minecraft:mossy_cobblestone":6,"minecraft:deepslate_diamond_ore":21,"minecraft:grass_block":86,"minecraft:redstone_wire":3,"minecraft:furnace":6,"minecraft:sticky_piston":3,"minecraft:iron_ore":62,"minecraft:andesite":2,"minecraft:deepslate_lapis_ore":3,"minecraft:vine":1,"minecraft:deepslate_iron_ore":43,"minecraft:rail":1,"minecraft:stone":104,"minecraft:tripwire":5,"minecraft:smoker":1,"minecraft:crafting_table":11,"minecraft:short_grass":43,"minecraft:tall_grass":3,"minecraft:cobblestone":16,"minecraft:deepslate_gold_ore":4,"minecraft:repeater":1,"minecraft:light_gray_wool":2,"minecraft:oak_log":83,"minecraft:coal_ore":75,"minecraft:dirt":63,"minecraft:dispenser":2,"minecraft:oak_leaves":13,"minecraft:deepslate_emerald_ore":2,"minecraft:deepslate":11},"minecraft:dropped":{"minecraft:water_bucket":1,"minecraft:iron_ingot":32,"minecraft:wheat_seeds":1,"minecraft:mossy_cobblestone":6,"minecraft:glass_bottle":1,"minecraft:iron_helmet":1,"minecraft:cobblestone":1,"minecraft:stick":4,"minecraft:cod":2,"minecraft:pufferfish":1,"minecraft:dirt":15,"minecraft:torch":1,"minecraft:cooked_salmon":15,"minecraft:iron_leggings":1,"minecraft:string":16,"minecraft:redstone":4,"minecraft:raw_copper":1,"minecraft:raw_iron":5,"minecraft:iron_chestplate":1,"minecraft:andesite":1,"minecraft:spider_eye":12,"minecraft:bamboo":2},"minecraft:custom":{"minecraft:mob_kills":116,"minecraft:interact_with_crafting_table":26,"minecraft:leave_game":10,"minecraft:time_since_death":164299,"minecraft:climb_one_cm":208,"minecraft:sprint_one_cm":603752,"minecraft:walk_one_cm":371529,"minecraft:damage_blocked_by_shield":3928,"minecraft:drop":25,"minecraft:play_time":256919,"minecraft:deaths":5,"minecraft:sneak_time":19725,"minecraft:walk_under_water_one_cm":31313,"minecraft:boat_one_cm":175146,"minecraft:jump":5050,"minecraft:interact_with_blast_furnace":7,"minecraft:walk_on_water_one_cm":31167,"minecraft:total_world_time":256919,"minecraft:interact_with_furnace":45,"minecraft:time_since_rest":164449,"minecraft:damage_taken":3085,"minecraft:damage_dealt":17204,"minecraft:swim_one_cm":75031,"minecraft:fly_one_cm":1243606,"minecraft:open_chest":7,"minecraft:crouch_one_cm":72324,"minecraft:interact_with_smoker":19,"minecraft:fish_caught":80,"minecraft:fall_one_cm":131760},"minecraft:killed":{"minecraft:cave_spider":3,"minecraft:spider":12,"minecraft:skeleton":16,"minecraft:horse":1,"minecraft:chicken":11,"minecraft:drowned":3,"minecraft:pig":7,"minecraft:zombie_villager":1,"minecraft:iron_golem":1,"minecraft:creeper":9,"minecraft:sheep":9,"minecraft:goat":4,"minecraft:zombie":20,"minecraft:donkey":1,"minecraft:enderman":1,"minecraft:cow":6},"minecraft:picked_up":{"minecraft:fishing_rod":1,"minecraft:iron_chestplate":4,"minecraft:crafting_table":15,"minecraft:chicken":12,"minecraft:chest_minecart":2,"minecraft:potion":1,"minecraft:shield":3,"minecraft:string":41,"minecraft:raw_copper":4,"minecraft:iron_leggings":2,"minecraft:sticky_piston":3,"minecraft:pufferfish":9,"minecraft:cobbled_deepslate":18,"minecraft:beef":16,"minecraft:iron_pickaxe":1,"minecraft:light_gray_wool":7,"minecraft:furnace":10,"minecraft:iron_boots":1,"minecraft:egg":1,"minecraft:stick":10,"minecraft:raw_iron":158,"minecraft:torch":13,"minecraft:porkchop":13,"minecraft:redstone":7,"minecraft:arrow":32,"minecraft:rotten_flesh":28,"minecraft:beetroot_seeds":3,"minecraft:cobblestone":203,"minecraft:mutton":16,"minecraft:rail":24,"minecraft:cod":55,"minecraft:white_wool":9,"minecraft:feather":10,"minecraft:cooked_beef":22,"minecraft:repeater":1,"minecraft:tripwire_hook":2,"minecraft:water_bucket":2,"minecraft:andesite":3,"minecraft:salmon":15,"minecraft:leather":8,"minecraft:smoker":1,"minecraft:oak_log":145,"minecraft:lily_pad":2,"minecraft:gunpowder":20,"minecraft:lapis_lazuli":40,"minecraft:dirt":35,"minecraft:cooked_mutton":13,"minecraft:bone":24,"minecraft:apple":2,"minecraft:wheat_seeds":2,"minecraft:raw_gold":6,"minecraft:cooked_chicken":5,"minecraft:stone_pickaxe":4,"minecraft:iron_ingot":20,"minecraft:bamboo":2,"minecraft:powered_rail":2,"minecraft:oak_planks":68,"minecraft:spider_eye":19,"minecraft:mossy_cobblestone":6,"minecraft:pumpkin_seeds":3,"minecraft:diamond":42,"minecraft:stone_axe":5,"minecraft:soul_lantern":4,"minecraft:iron_helmet":3,"minecraft:golden_apple":1,"minecraft:emerald":4,"minecraft:bread":3,"minecraft:oak_sapling":30,"minecraft:coal":226},"minecraft:killed_by":{"minecraft:cave_spider":1,"minecraft:skeleton":1,"minecraft:zombie":2},"minecraft:used":{"minecraft:stone_shovel":133,"minecraft:redstone":3,"minecraft:shield":87,"minecraft:iron_sword":168,"minecraft:cooked_chicken":5,"minecraft:rotten_flesh":13,"minecraft:torch":4,"minecraft:dirt":17,"minecraft:iron_helmet":2,"minecraft:iron_boots":2,"minecraft:light_gray_wool":3,"minecraft:oak_sapling":6,"minecraft:furnace":6,"minecraft:egg":1,"minecraft:cooked_beef":6,"minecraft:cobbled_deepslate":11,"minecraft:iron_leggings":1,"minecraft:cooked_mutton":14,"minecraft:water_bucket":25,"minecraft:stone_pickaxe":261,"minecraft:oak_planks":42,"minecraft:wooden_pickaxe":18,"minecraft:rail":2,"minecraft:crafting_table":12,"minecraft:smoker":1,"minecraft:oak_log":22,"minecraft:apple":1,"minecraft:bread":3,"minecraft:iron_pickaxe":91,"minecraft:soul_lantern":4,"minecraft:pufferfish":8,"minecraft:stone_axe":180,"minecraft:fishing_rod":114,"minecraft:cobblestone":79,"minecraft:potion":1,"minecraft:cooked_porkchop":8,"minecraft:andesite":1,"minecraft:bucket":26,"minecraft:oak_boat":1,"minecraft:chest_minecart":2}},"DataVersion":3953}