{"stats":{"minecraft:crafted":{"minecraft:oak_planks":84,"minecraft:fishing_rod":1,"minecraft:cooked_chicken":12,"minecraft:furnace":2,"minecraft:cooked_mutton":2,"minecraft:iron_boots":1,"minecraft:stone_pickaxe":2,"minecraft:smoker":1,"minecraft:crafting_table":1,"minecraft:wooden_pickaxe":1,"minecraft:iron_helmet":1,"minecraft:iron_sword":1,"minecraft:bucket":1,"minecraft:stone_axe":3,"minecraft:air":0,"minecraft:iron_chestplate":1,"minecraft:shield":3,"minecraft:stick":24,"minecraft:iron_ingot":99,"minecraft:iron_pickaxe":1,"minecraft:gold_ingot":3,"minecraft:iron_leggings":1,"minecraft:torch":4},"minecraft:broken":{"minecraft:stone_pickaxe":2,"minecraft:stone_axe":2},"minecraft:mined":{"minecraft:tuff":2,"minecraft:deepslate_diamond_ore":21,"minecraft:grass_block":11,"minecraft:furnace":5,"minecraft:iron_ore":62,"minecraft:andesite":2,"minecraft:deepslate_lapis_ore":3,"minecraft:deepslate_iron_ore":43,"minecraft:rail":1,"minecraft:stone":104,"minecraft:crafting_table":8,"minecraft:short_grass":18,"minecraft:tall_grass":3,"minecraft:cobblestone":13,"minecraft:deepslate_gold_ore":4,"minecraft:light_gray_wool":2,"minecraft:oak_log":83,"minecraft:coal_ore":75,"minecraft:dirt":7,"minecraft:oak_leaves":8,"minecraft:deepslate_emerald_ore":2,"minecraft:deepslate":11},"minecraft:dropped":{"minecraft:water_bucket":1,"minecraft:iron_ingot":32,"minecraft:glass_bottle":1,"minecraft:iron_helmet":1,"minecraft:cobblestone":1,"minecraft:cod":2,"minecraft:dirt":1,"minecraft:torch":1,"minecraft:iron_leggings":1,"minecraft:string":16,"minecraft:redstone":4,"minecraft:raw_copper":1,"minecraft:raw_iron":5,"minecraft:iron_chestplate":1,"minecraft:andesite":1},"minecraft:custom":{"minecraft:mob_kills":105,"minecraft:interact_with_crafting_table":21,"minecraft:leave_game":9,"minecraft:time_since_death":72517,"minecraft:sprint_one_cm":466734,"minecraft:walk_one_cm":300692,"minecraft:damage_blocked_by_shield":3928,"minecraft:drop":16,"minecraft:play_time":165137,"minecraft:deaths":5,"minecraft:sneak_time":18687,"minecraft:walk_under_water_one_cm":23906,"minecraft:jump":3759,"minecraft:interact_with_blast_furnace":7,"minecraft:walk_on_water_one_cm":26034,"minecraft:total_world_time":165137,"minecraft:interact_with_furnace":43,"minecraft:time_since_rest":72667,"minecraft:damage_taken":2509,"minecraft:damage_dealt":15718,"minecraft:swim_one_cm":54065,"minecraft:fly_one_cm":878230,"minecraft:open_chest":1,"minecraft:crouch_one_cm":69763,"minecraft:interact_with_smoker":6,"minecraft:fish_caught":5,"minecraft:fall_one_cm":99291},"minecraft:killed":{"minecraft:cave_spider":3,"minecraft:spider":12,"minecraft:skeleton":16,"minecraft:horse":1,"minecraft:chicken":11,"minecraft:drowned":1,"minecraft:pig":7,"minecraft:zombie_villager":1,"minecraft:creeper":9,"minecraft:sheep":9,"minecraft:goat":4,"minecraft:donkey":1,"minecraft:zombie":15,"minecraft:cow":6,"minecraft:enderman":1},"minecraft:picked_up":{"minecraft:crafting_table":12,"minecraft:iron_chestplate":4,"minecraft:chicken":12,"minecraft:chest_minecart":2,"minecraft:potion":1,"minecraft:shield":3,"minecraft:string":37,"minecraft:raw_copper":4,"minecraft:iron_leggings":2,"minecraft:cobbled_deepslate":18,"minecraft:beef":16,"minecraft:iron_pickaxe":1,"minecraft:light_gray_wool":7,"minecraft:egg":1,"minecraft:iron_boots":1,"minecraft:furnace":9,"minecraft:stick":7,"minecraft:raw_iron":158,"minecraft:torch":13,"minecraft:porkchop":13,"minecraft:redstone":4,"minecraft:arrow":26,"minecraft:rotten_flesh":19,"minecraft:beetroot_seeds":3,"minecraft:cobblestone":201,"minecraft:mutton":16,"minecraft:rail":24,"minecraft:cod":6,"minecraft:white_wool":9,"minecraft:feather":10,"minecraft:cooked_beef":22,"minecraft:water_bucket":2,"minecraft:andesite":3,"minecraft:leather":7,"minecraft:oak_log":145,"minecraft:gunpowder":20,"minecraft:lapis_lazuli":40,"minecraft:dirt":21,"minecraft:cooked_mutton":13,"minecraft:bone":24,"minecraft:apple":2,"minecraft:wheat_seeds":1,"minecraft:raw_gold":6,"minecraft:cooked_chicken":5,"minecraft:stone_pickaxe":4,"minecraft:iron_ingot":17,"minecraft:powered_rail":2,"minecraft:oak_planks":68,"minecraft:spider_eye":7,"minecraft:pumpkin_seeds":3,"minecraft:diamond":42,"minecraft:stone_axe":5,"minecraft:soul_lantern":4,"minecraft:iron_helmet":3,"minecraft:golden_apple":1,"minecraft:emerald":4,"minecraft:bread":3,"minecraft:oak_sapling":30,"minecraft:coal":174},"minecraft:killed_by":{"minecraft:cave_spider":1,"minecraft:skeleton":1,"minecraft:zombie":2},"minecraft:used":{"minecraft:shield":87,"minecraft:iron_sword":143,"minecraft:cooked_chicken":5,"minecraft:rotten_flesh":13,"minecraft:torch":4,"minecraft:dirt":17,"minecraft:iron_helmet":2,"minecraft:iron_boots":2,"minecraft:light_gray_wool":2,"minecraft:furnace":5,"minecraft:oak_sapling":6,"minecraft:egg":1,"minecraft:cooked_beef":6,"minecraft:cobbled_deepslate":11,"minecraft:iron_leggings":1,"minecraft:cooked_mutton":14,"minecraft:water_bucket":22,"minecraft:stone_pickaxe":261,"minecraft:oak_planks":42,"minecraft:wooden_pickaxe":18,"minecraft:rail":2,"minecraft:crafting_table":9,"minecraft:smoker":1,"minecraft:oak_log":22,"minecraft:apple":1,"minecraft:iron_pickaxe":73,"minecraft:soul_lantern":4,"minecraft:stone_axe":180,"minecraft:fishing_rod":16,"minecraft:potion":1,"minecraft:cobblestone":79,"minecraft:bucket":23,"minecraft:andesite":1,"minecraft:chest_minecart":2}},"DataVersion":3953}