{"stats":{"minecraft:broken":{"minecraft:stone_pickaxe":2,"minecraft:diamond_pickaxe":1,"minecraft:stone_axe":2,"minecraft:iron_sword":1,"minecraft:fishing_rod":3,"minecraft:stone_shovel":10,"minecraft:shield":1,"minecraft:iron_pickaxe":1,"minecraft:iron_helmet":2},"minecraft:mined":{"minecraft:white_bed":1,"minecraft:cobbled_deepslate_stairs":22,"minecraft:obsidian":1,"minecraft:granite":3,"minecraft:grass_block":561,"minecraft:chiseled_tuff_bricks":1,"minecraft:hopper":34,"minecraft:oxeye_daisy":3,"minecraft:tuff_bricks":4,"minecraft:spawner":1,"minecraft:iron_ore":122,"minecraft:sticky_piston":3,"minecraft:cobbled_deepslate":461,"minecraft:deepslate_lapis_ore":9,"minecraft:dirt_path":1,"minecraft:tripwire":5,"minecraft:deepslate_redstone_ore":13,"minecraft:smoker":1,"minecraft:soul_fire":2,"minecraft:torch":11,"minecraft:poppy":1,"minecraft:chest":83,"minecraft:cobblestone":237,"minecraft:oak_planks":17,"minecraft:wall_torch":18,"minecraft:repeater":1,"minecraft:powered_rail":5,"minecraft:activator_rail":50,"minecraft:waxed_copper_block":1,"minecraft:light_gray_wool":2,"minecraft:oak_log":85,"minecraft:dirt":851,"minecraft:dispenser":2,"minecraft:oak_leaves":14,"minecraft:deepslate":2103,"minecraft:tuff":66,"minecraft:mossy_cobblestone":56,"minecraft:deepslate_diamond_ore":83,"minecraft:lever":1,"minecraft:cobbled_deepslate_slab":11,"minecraft:jungle_planks":1,"minecraft:redstone_wire":3,"minecraft:kelp":105,"minecraft:oak_trapdoor":3,"minecraft:furnace":10,"minecraft:andesite":25,"minecraft:bookshelf":1,"minecraft:deepslate_iron_ore":49,"minecraft:vine":1,"minecraft:rail":58,"minecraft:stone":748,"minecraft:redstone_wall_torch":3,"minecraft:oak_slab":6,"minecraft:redstone_block":1,"minecraft:dandelion":7,"minecraft:oak_fence":17,"minecraft:crafting_table":17,"minecraft:cobbled_deepslate_wall":3,"minecraft:cornflower":3,"minecraft:short_grass":486,"minecraft:tall_grass":39,"minecraft:copper_ore":4,"minecraft:lapis_ore":5,"minecraft:deepslate_gold_ore":14,"minecraft:diorite":21,"minecraft:coal_ore":104,"minecraft:gravel":3,"minecraft:cobweb":23,"minecraft:deepslate_emerald_ore":2,"minecraft:fern":1},"minecraft:killed_by":{"minecraft:cave_spider":1,"minecraft:zombie":2,"minecraft:player":1,"minecraft:skeleton":1},"minecraft:used":{"minecraft:oak_sign":2,"minecraft:chest":105,"minecraft:shield":141,"minecraft:iron_sword":262,"minecraft:rotten_flesh":13,"minecraft:iron_chestplate":1,"minecraft:soul_sand":6,"minecraft:glass":36,"minecraft:lava_bucket":7,"minecraft:lantern":39,"minecraft:grass_block":11,"minecraft:iron_helmet":3,"minecraft:magma_block":2,"minecraft:bow":117,"minecraft:furnace":11,"minecraft:oak_sapling":6,"minecraft:cooked_cod":12,"minecraft:egg":15,"minecraft:oak_planks":109,"minecraft:stone_pickaxe":261,"minecraft:powered_rail":52,"minecraft:ender_pearl":1,"minecraft:wooden_pickaxe":18,"minecraft:redstone_block":5,"minecraft:diamond_axe":95,"minecraft:cobbled_deepslate_stairs":120,"minecraft:redstone_torch":21,"minecraft:lever":1,"minecraft:bread":19,"minecraft:deepslate":2,"minecraft:soul_lantern":4,"minecraft:pufferfish":11,"minecraft:diamond_sword":260,"minecraft:andesite":3,"minecraft:smooth_stone_slab":2,"minecraft:chest_minecart":2,"minecraft:oak_boat":1,"minecraft:oak_fence":76,"minecraft:oak_trapdoor":6,"minecraft:flint_and_steel":1,"minecraft:stone_shovel":1321,"minecraft:redstone":3,"minecraft:cooked_chicken":17,"minecraft:torch":368,"minecraft:dirt":4152,"minecraft:anvil":1,"minecraft:hopper":53,"minecraft:cobblestone_wall":4,"minecraft:granite":3,"minecraft:oak_fence_gate":9,"minecraft:iron_boots":2,"minecraft:barrel":2,"minecraft:light_gray_wool":4,"minecraft:iron_trapdoor":3,"minecraft:soul_soil":2,"minecraft:minecart":24,"minecraft:cooked_beef":31,"minecraft:cobbled_deepslate":2297,"minecraft:iron_leggings":1,"minecraft:cobbled_deepslate_wall":5,"minecraft:cooked_mutton":28,"minecraft:water_bucket":121,"minecraft:glow_ink_sac":2,"minecraft:rail":189,"minecraft:oak_slab":45,"minecraft:crafting_table":19,"minecraft:white_bed":3,"minecraft:smoker":1,"minecraft:oak_log":38,"minecraft:cornflower":1,"minecraft:activator_rail":54,"minecraft:diamond_pickaxe":3820,"minecraft:apple":1,"minecraft:iron_pickaxe":251,"minecraft:stone_axe":180,"minecraft:fishing_rod":158,"minecraft:cobblestone":246,"minecraft:potion":1,"minecraft:cobbled_deepslate_slab":19,"minecraft:porkchop":1,"minecraft:cooked_porkchop":13,"minecraft:bucket":116,"minecraft:kelp":300},"minecraft:custom":{"minecraft:animals_bred":3,"minecraft:interact_with_crafting_table":53,"minecraft:open_barrel":28,"minecraft:leave_game":40,"minecraft:time_since_death":5337,"minecraft:sprint_one_cm":1840588,"minecraft:damage_blocked_by_shield":7354,"minecraft:drop":180,"minecraft:talked_to_villager":2,"minecraft:play_time":780819,"minecraft:deaths":7,"minecraft:jump":12754,"minecraft:walk_on_water_one_cm":84435,"minecraft:enchant_item":9,"minecraft:interact_with_furnace":49,"minecraft:sleep_in_bed":12,"minecraft:damage_dealt":34907,"minecraft:player_kills":2,"minecraft:crouch_one_cm":414999,"minecraft:interact_with_smoker":20,"minecraft:horse_one_cm":90485,"minecraft:mob_kills":509,"minecraft:interact_with_anvil":6,"minecraft:inspect_hopper":95,"minecraft:climb_one_cm":703,"minecraft:walk_one_cm":1888208,"minecraft:sneak_time":102269,"minecraft:walk_under_water_one_cm":863414,"minecraft:boat_one_cm":175146,"minecraft:interact_with_blast_furnace":8,"minecraft:total_world_time":780819,"minecraft:interact_with_grindstone":6,"minecraft:time_since_rest":5395,"minecraft:damage_taken":6896,"minecraft:minecart_one_cm":224121,"minecraft:swim_one_cm":190435,"minecraft:fly_one_cm":2846373,"minecraft:open_chest":376,"minecraft:fish_caught":101,"minecraft:fall_one_cm":234811},"minecraft:crafted":{"minecraft:oak_planks":264,"minecraft:cooked_chicken":12,"minecraft:lever":1,"minecraft:cooked_mutton":16,"minecraft:iron_boots":1,"minecraft:smoker":1,"minecraft:oak_slab":42,"minecraft:cooked_porkchop":13,"minecraft:diamond_axe":1,"minecraft:crafting_table":3,"minecraft:wooden_pickaxe":1,"minecraft:iron_helmet":1,"minecraft:cobbled_deepslate_wall":6,"minecraft:iron_chestplate":2,"minecraft:diamond_pickaxe":2,"minecraft:shield":4,"minecraft:stick":192,"minecraft:iron_ingot":104,"minecraft:iron_pickaxe":1,"minecraft:iron_block":3,"minecraft:gold_ingot":3,"minecraft:redstone_torch":29,"minecraft:cobbled_deepslate_slab":12,"minecraft:stone_shovel":10,"minecraft:fishing_rod":3,"minecraft:furnace":2,"minecraft:stone_pickaxe":2,"minecraft:cobbled_deepslate_stairs":120,"minecraft:cooked_beef":24,"minecraft:cooked_cod":53,"minecraft:diamond_sword":1,"minecraft:iron_sword":1,"minecraft:cooked_salmon":15,"minecraft:bucket":2,"minecraft:stone_axe":3,"minecraft:air":0,"minecraft:oak_boat":1,"minecraft:iron_leggings":2,"minecraft:anvil":1,"minecraft:white_bed":1,"minecraft:torch":340},"minecraft:dropped":{"minecraft:iron_sword":1,"minecraft:soul_sand":1,"minecraft:diamond_axe":3,"minecraft:lapis_lazuli":29,"minecraft:glow_ink_sac":2,"minecraft:glass_bottle":1,"minecraft:cod":2,"minecraft:dirt":245,"minecraft:cornflower":1,"minecraft:cooked_cod":27,"minecraft:bone":351,"minecraft:gravel":8,"minecraft:cobbled_deepslate":331,"minecraft:obsidian":1,"minecraft:rotten_flesh":1,"minecraft:oak_planks":1,"minecraft:leather_boots":4,"minecraft:arrow":209,"minecraft:beef":3,"minecraft:egg":3,"minecraft:water_bucket":1,"minecraft:golden_boots":2,"minecraft:iron_ingot":32,"minecraft:bread":1,"minecraft:oak_slab":18,"minecraft:wheat_seeds":22,"minecraft:mossy_cobblestone":6,"minecraft:diamond_leggings":1,"minecraft:cobblestone":39,"minecraft:iron_helmet":1,"minecraft:granite":85,"minecraft:grass_block":1,"minecraft:stick":9,"minecraft:pufferfish":1,"minecraft:oxeye_daisy":3,"minecraft:diorite":9,"minecraft:torch":14,"minecraft:cooked_salmon":15,"minecraft:diamond_helmet":1,"minecraft:iron_leggings":1,"minecraft:string":39,"minecraft:redstone_block":1,"minecraft:dandelion":6,"minecraft:redstone":4,"minecraft:raw_copper":1,"minecraft:deepslate":1,"minecraft:tuff":17,"minecraft:stone_shovel":1,"minecraft:raw_iron":5,"minecraft:cobbled_deepslate_slab":1,"minecraft:diamond_sword":2,"minecraft:diamond_chestplate":1,"minecraft:diamond_pickaxe":1,"minecraft:iron_chestplate":1,"minecraft:andesite":1,"minecraft:oak_sapling":1,"minecraft:spider_eye":12,"minecraft:barrel":2,"minecraft:bamboo":2,"minecraft:bow":13},"minecraft:picked_up":{"minecraft:iron_chestplate":5,"minecraft:redstone_block":2,"minecraft:diamond_sword":1,"minecraft:potion":1,"minecraft:enchanted_book":1,"minecraft:string":68,"minecraft:raw_copper":49,"minecraft:iron_leggings":3,"minecraft:sticky_piston":3,"minecraft:pufferfish":12,"minecraft:activator_rail":50,"minecraft:diamond_leggings":1,"minecraft:cobbled_deepslate":2374,"minecraft:bucket":2,"minecraft:redstone_torch":3,"minecraft:iron_pickaxe":1,"minecraft:furnace":13,"minecraft:iron_boots":2,"minecraft:stick":42,"minecraft:oak_fence":13,"minecraft:torch":138,"minecraft:porkchop":14,"minecraft:diorite":9,"minecraft:rotten_flesh":50,"minecraft:armadillo_scute":1,"minecraft:obsidian":2,"minecraft:cod":68,"minecraft:cobblestone":1163,"minecraft:feather":13,"minecraft:cooked_beef":22,"minecraft:repeater":1,"minecraft:water_bucket":4,"minecraft:andesite":5,"minecraft:smoker":3,"minecraft:tuff":24,"minecraft:lapis_lazuli":193,"minecraft:dirt":712,"minecraft:name_tag":4,"minecraft:leather_boots":5,"minecraft:glass":17,"minecraft:bone":418,"minecraft:bow":18,"minecraft:cobbled_deepslate_wall":3,"minecraft:wheat_seeds":29,"minecraft:raw_gold":36,"minecraft:cobbled_deepslate_slab":11,"minecraft:diamond_helmet":1,"minecraft:bamboo":2,"minecraft:powered_rail":7,"minecraft:oak_planks":85,"minecraft:grass_block":1,"minecraft:barrel":2,"minecraft:mossy_cobblestone":6,"minecraft:diamond":190,"minecraft:deepslate":1,"minecraft:soul_lantern":4,"minecraft:lever":1,"minecraft:granite":169,"minecraft:chainmail_helmet":1,"minecraft:bread":3,"minecraft:golden_apple":3,"minecraft:emerald":8,"minecraft:oak_sapling":33,"minecraft:diamond_pickaxe":3,"minecraft:fishing_rod":3,"minecraft:crafting_table":23,"minecraft:chicken":12,"minecraft:chest_minecart":2,"minecraft:shield":5,"minecraft:cornflower":2,"minecraft:oak_trapdoor":3,"minecraft:beef":19,"minecraft:light_gray_wool":7,"minecraft:minecart":25,"minecraft:chest":73,"minecraft:egg":18,"minecraft:raw_iron":350,"minecraft:bowl":3,"minecraft:redstone":36,"minecraft:diamond_chestplate":1,"minecraft:cooked_cod":34,"minecraft:stone_shovel":1,"minecraft:arrow":401,"minecraft:beetroot_seeds":3,"minecraft:saddle":4,"minecraft:gold_ingot":22,"minecraft:white_wool":9,"minecraft:rail":159,"minecraft:mutton":16,"minecraft:oxeye_daisy":5,"minecraft:tripwire_hook":3,"minecraft:glow_ink_sac":4,"minecraft:salmon":20,"minecraft:leather":34,"minecraft:oak_log":333,"minecraft:lily_pad":3,"minecraft:golden_boots":2,"minecraft:cobbled_deepslate_stairs":22,"minecraft:gunpowder":20,"minecraft:cooked_mutton":13,"minecraft:apple":2,"minecraft:kelp":192,"minecraft:oak_fence_gate":1,"minecraft:iron_ingot":86,"minecraft:stone_pickaxe":4,"minecraft:cooked_chicken":5,"minecraft:iron_sword":1,"minecraft:soul_sand":1,"minecraft:oak_slab":26,"minecraft:dandelion":7,"minecraft:gravel":12,"minecraft:white_bed":2,"minecraft:spider_eye":20,"minecraft:pumpkin_seeds":3,"minecraft:stone_axe":5,"minecraft:iron_helmet":3,"minecraft:diamond_axe":4,"minecraft:baked_potato":76,"minecraft:coal":255,"minecraft:hopper":35,"minecraft:ender_pearl":1},"minecraft:killed":{"minecraft:cave_spider":3,"minecraft:spider":16,"minecraft:skeleton":355,"minecraft:chicken":11,"minecraft:cat":5,"minecraft:wolf":1,"minecraft:pig":8,"minecraft:zombie_villager":1,"minecraft:iron_golem":1,"minecraft:creeper":17,"minecraft:sheep":10,"minecraft:goat":4,"minecraft:zombie":44,"minecraft:donkey":1,"minecraft:glow_squid":1,"minecraft:cow":9,"minecraft:horse":1,"minecraft:drowned":3,"minecraft:bat":1,"minecraft:enderman":3}},"DataVersion":3953}