{"stats":{"minecraft:broken":{"minecraft:iron_shovel":1,"minecraft:iron_boots":1,"minecraft:stone_pickaxe":2,"minecraft:diamond_pickaxe":2,"minecraft:stone_axe":2,"minecraft:iron_sword":1,"minecraft:fishing_rod":3,"minecraft:stone_shovel":10,"minecraft:leather_chestplate":1,"minecraft:shield":1,"minecraft:leather_boots":1,"minecraft:iron_pickaxe":1,"minecraft:iron_helmet":2},"minecraft:mined":{"minecraft:spruce_planks":576,"minecraft:white_bed":12,"minecraft:farmland":2,"minecraft:cobbled_deepslate_stairs":22,"minecraft:jungle_slab":1,"minecraft:cobblestone_stairs":1,"minecraft:obsidian":23,"minecraft:spruce_trapdoor":28,"minecraft:granite":3,"minecraft:acacia_log":22,"minecraft:grass_block":7957,"minecraft:jungle_log":2,"minecraft:chiseled_tuff_bricks":1,"minecraft:composter":3,"minecraft:hopper":38,"minecraft:oxeye_daisy":7,"minecraft:spawner":1,"minecraft:tuff_bricks":4,"minecraft:iron_ore":123,"minecraft:barrel":42,"minecraft:sticky_piston":4,"minecraft:fire":26,"minecraft:cobbled_deepslate":465,"minecraft:anvil":1,"minecraft:deepslate_lapis_ore":9,"minecraft:fletching_table":26,"minecraft:azure_bluet":8,"minecraft:enchanting_table":1,"minecraft:dirt_path":614,"minecraft:oak_stairs":87,"minecraft:spruce_pressure_plate":19,"minecraft:white_banner":1,"minecraft:spruce_slab":269,"minecraft:tripwire":5,"minecraft:piston_head":1,"minecraft:deepslate_redstone_ore":13,"minecraft:smoker":1,"minecraft:soul_fire":2,"minecraft:torch":61,"minecraft:blast_furnace":6,"minecraft:poppy":8,"minecraft:chest":95,"minecraft:spruce_wall_sign":6,"minecraft:glass":57,"minecraft:cobblestone":525,"minecraft:oak_planks":60,"minecraft:sugar_cane":65,"minecraft:grindstone":9,"minecraft:spruce_sign":6,"minecraft:wall_torch":61,"minecraft:seagrass":1,"minecraft:repeater":1,"minecraft:powered_rail":9,"minecraft:yellow_wool":3,"minecraft:wheat":188,"minecraft:activator_rail":50,"minecraft:stripped_oak_wood":2,"minecraft:waxed_copper_block":1,"minecraft:light_gray_wool":2,"minecraft:oak_log":147,"minecraft:dirt":7853,"minecraft:oak_fence_gate":3,"minecraft:sand":27,"minecraft:dispenser":8,"minecraft:netherrack":28,"minecraft:piston":2,"minecraft:oak_leaves":25,"minecraft:deepslate":2107,"minecraft:tuff":66,"minecraft:mossy_cobblestone":78,"minecraft:deepslate_diamond_ore":83,"minecraft:lever":1,"minecraft:cobbled_deepslate_slab":11,"minecraft:stone_button":5,"minecraft:jungle_planks":2,"minecraft:redstone_wire":42,"minecraft:spruce_leaves":3,"minecraft:kelp":105,"minecraft:hay_block":42,"minecraft:oak_trapdoor":11,"minecraft:furnace":11,"minecraft:carrots":735,"minecraft:andesite":25,"minecraft:stripped_spruce_log":66,"minecraft:bookshelf":19,"minecraft:potatoes":701,"minecraft:deepslate_iron_ore":49,"minecraft:vine":3,"minecraft:rail":832,"minecraft:bamboo_sapling":1,"minecraft:stone":5461,"minecraft:ender_chest":1,"minecraft:white_wool":3,"minecraft:redstone_wall_torch":4,"minecraft:podzol":444,"minecraft:smithing_table":10,"minecraft:oak_slab":28,"minecraft:acacia_leaves":9,"minecraft:redstone_block":1,"minecraft:glass_pane":1,"minecraft:dandelion":46,"minecraft:oak_fence":62,"minecraft:crafting_table":25,"minecraft:cornflower":5,"minecraft:cobbled_deepslate_wall":3,"minecraft:short_grass":1883,"minecraft:campfire":5,"minecraft:lectern":1276,"minecraft:copper_ore":31,"minecraft:tall_grass":133,"minecraft:lapis_ore":5,"minecraft:deepslate_gold_ore":14,"minecraft:diorite":49,"minecraft:spruce_stairs":49,"minecraft:cobblestone_wall":269,"minecraft:redstone_torch":11,"minecraft:spruce_log":481,"minecraft:white_wall_banner":1,"minecraft:coal_ore":132,"minecraft:gravel":99,"minecraft:cobweb":23,"minecraft:spruce_fence_gate":2,"minecraft:deepslate_emerald_ore":2,"minecraft:fern":83},"minecraft:killed_by":{"minecraft:vindicator":2,"minecraft:cave_spider":1,"minecraft:zombie":4,"minecraft:vex":1,"minecraft:player":9,"minecraft:skeleton":4},"minecraft:custom":{"minecraft:animals_bred":3,"minecraft:interact_with_crafting_table":108,"minecraft:open_barrel":82,"minecraft:bell_ring":9,"minecraft:leave_game":70,"minecraft:time_since_death":661954,"minecraft:sprint_one_cm":6398174,"minecraft:damage_blocked_by_shield":7354,"minecraft:drop":506,"minecraft:talked_to_villager":1791,"minecraft:play_time":2100869,"minecraft:deaths":23,"minecraft:jump":36350,"minecraft:walk_on_water_one_cm":199080,"minecraft:enchant_item":9,"minecraft:interact_with_furnace":60,"minecraft:traded_with_villager":86,"minecraft:sleep_in_bed":44,"minecraft:open_enderchest":3,"minecraft:damage_dealt":67115,"minecraft:player_kills":2,"minecraft:crouch_one_cm":1214616,"minecraft:interact_with_smoker":116,"minecraft:inspect_dispenser":52,"minecraft:horse_one_cm":90485,"minecraft:interact_with_anvil":30,"minecraft:mob_kills":705,"minecraft:inspect_hopper":95,"minecraft:climb_one_cm":1649,"minecraft:walk_one_cm":5719688,"minecraft:raid_win":2,"minecraft:sneak_time":271832,"minecraft:walk_under_water_one_cm":1181745,"minecraft:boat_one_cm":175146,"minecraft:interact_with_blast_furnace":32,"minecraft:total_world_time":2100869,"minecraft:interact_with_stonecutter":2,"minecraft:interact_with_grindstone":9,"minecraft:time_since_rest":32943,"minecraft:damage_taken":20217,"minecraft:minecart_one_cm":284030,"minecraft:swim_one_cm":221956,"minecraft:fly_one_cm":8357024,"minecraft:open_chest":1133,"minecraft:fish_caught":101,"minecraft:fall_one_cm":610816},"minecraft:used":{"minecraft:dispenser":7,"minecraft:spruce_slab":689,"minecraft:iron_shovel":5,"minecraft:diamond_hoe":1098,"minecraft:oak_sign":2,"minecraft:shield":141,"minecraft:chest":119,"minecraft:iron_sword":320,"minecraft:rotten_flesh":13,"minecraft:iron_chestplate":1,"minecraft:soul_sand":6,"minecraft:jungle_planks":1,"minecraft:carrot":1085,"minecraft:obsidian":6,"minecraft:stripped_spruce_log":48,"minecraft:glass":137,"minecraft:lava_bucket":8,"minecraft:villager_spawn_egg":24,"minecraft:grass_block":14,"minecraft:lantern":41,"minecraft:iron_helmet":3,"minecraft:magma_block":2,"minecraft:bow":148,"minecraft:oak_sapling":6,"minecraft:furnace":12,"minecraft:cooked_cod":12,"minecraft:egg":19,"minecraft:potato":1324,"minecraft:oak_planks":143,"minecraft:stone_pickaxe":261,"minecraft:powered_rail":62,"minecraft:ender_pearl":1,"minecraft:leather_chestplate":1,"minecraft:wooden_pickaxe":18,"minecraft:redstone_block":6,"minecraft:composter":4,"minecraft:sugar_cane":73,"minecraft:diamond_axe":4095,"minecraft:blast_furnace":11,"minecraft:crossbow":24,"minecraft:cobbled_deepslate_stairs":120,"minecraft:redstone_torch":38,"minecraft:sticky_piston":5,"minecraft:lever":1,"minecraft:stone_button":14,"minecraft:string":6,"minecraft:bread":22,"minecraft:lectern":1295,"minecraft:deepslate":4,"minecraft:oak_pressure_plate":1,"minecraft:gravel":1,"minecraft:soul_lantern":4,"minecraft:pufferfish":11,"minecraft:diamond_sword":260,"minecraft:grindstone":14,"minecraft:andesite":3,"minecraft:smithing_table":15,"minecraft:oak_fence":77,"minecraft:chest_minecart":2,"minecraft:smooth_stone_slab":2,"minecraft:oak_boat":1,"minecraft:bone_meal":995,"minecraft:oak_trapdoor":6,"minecraft:enchanting_table":2,"minecraft:flint_and_steel":43,"minecraft:stone_shovel":1321,"minecraft:redstone":70,"minecraft:spruce_planks":1841,"minecraft:ender_chest":1,"minecraft:cooked_chicken":18,"minecraft:netherrack":4,"minecraft:oak_door":1,"minecraft:torch":932,"minecraft:dirt":12741,"minecraft:anvil":5,"minecraft:hopper":57,"minecraft:spruce_stairs":61,"minecraft:chainmail_chestplate":1,"minecraft:cobblestone_wall":121,"minecraft:oak_fence_gate":9,"minecraft:granite":3,"minecraft:bookshelf":59,"minecraft:oak_stairs":87,"minecraft:spruce_button":1,"minecraft:iron_boots":3,"minecraft:totem_of_undying":2,"minecraft:barrel":105,"minecraft:bamboo":78,"minecraft:light_gray_wool":4,"minecraft:soul_soil":2,"minecraft:iron_trapdoor":3,"minecraft:goat_horn":6,"minecraft:minecart":48,"minecraft:cooked_beef":71,"minecraft:cobbled_deepslate":2303,"minecraft:iron_leggings":1,"minecraft:cobbled_deepslate_wall":5,"minecraft:wheat_seeds":327,"minecraft:cooked_mutton":28,"minecraft:water_bucket":313,"minecraft:cobblestone_stairs":1,"minecraft:baked_potato":253,"minecraft:spruce_sign":22,"minecraft:cobblestone_slab":1,"minecraft:glow_ink_sac":2,"minecraft:fletching_table":31,"minecraft:spruce_fence_gate":1,"minecraft:leather_boots":2,"minecraft:salmon":5,"minecraft:mossy_cobblestone":9,"minecraft:rail":1102,"minecraft:crafting_table":30,"minecraft:oak_slab":62,"minecraft:white_bed":9,"minecraft:campfire":3,"minecraft:spruce_log":1038,"minecraft:smoker":28,"minecraft:oak_log":87,"minecraft:piston":3,"minecraft:cornflower":1,"minecraft:activator_rail":54,"minecraft:diamond_pickaxe":10063,"minecraft:apple":1,"minecraft:diamond_shovel":15681,"minecraft:iron_pickaxe":263,"minecraft:spruce_pressure_plate":26,"minecraft:spruce_trapdoor":85,"minecraft:spruce_sapling":8,"minecraft:stone_axe":180,"minecraft:fishing_rod":158,"minecraft:cobblestone":769,"minecraft:potion":1,"minecraft:cobbled_deepslate_slab":19,"minecraft:porkchop":1,"minecraft:white_banner":12,"minecraft:cooked_porkchop":13,"minecraft:bucket":310,"minecraft:kelp":300,"minecraft:dandelion":2,"minecraft:chainmail_leggings":1},"minecraft:crafted":{"minecraft:oak_planks":316,"minecraft:cobblestone_slab":6,"minecraft:barrel":5,"minecraft:cooked_chicken":12,"minecraft:lever":1,"minecraft:diamond_shovel":1,"minecraft:bookshelf":1,"minecraft:cooked_mutton":16,"minecraft:spruce_pressure_plate":6,"minecraft:diamond_helmet":1,"minecraft:iron_boots":3,"minecraft:chest":4,"minecraft:stone_hoe":1,"minecraft:smoker":1,"minecraft:oak_slab":42,"minecraft:emerald":1064,"minecraft:arrow":16,"minecraft:cooked_porkchop":13,"minecraft:diamond_axe":2,"minecraft:crafting_table":10,"minecraft:spruce_planks":1600,"minecraft:iron_helmet":3,"minecraft:wooden_pickaxe":1,"minecraft:baked_potato":576,"minecraft:cobbled_deepslate_wall":6,"minecraft:fletching_table":10,"minecraft:campfire":3,"minecraft:spruce_trapdoor":46,"minecraft:iron_chestplate":14,"minecraft:emerald_block":35,"minecraft:diamond_pickaxe":2,"minecraft:shield":4,"minecraft:stick":348,"minecraft:iron_ingot":106,"minecraft:iron_pickaxe":1,"minecraft:iron_block":3,"minecraft:gold_ingot":3,"minecraft:redstone_torch":35,"minecraft:composter":2,"minecraft:cobbled_deepslate_slab":12,"minecraft:stone_shovel":11,"minecraft:fishing_rod":3,"minecraft:iron_nugget":35,"minecraft:spruce_button":1,"minecraft:furnace":2,"minecraft:bone_meal":867,"minecraft:flint_and_steel":1,"minecraft:lantern":1,"minecraft:spruce_stairs":48,"minecraft:iron_axe":4,"minecraft:spruce_slab":516,"minecraft:stone_pickaxe":3,"minecraft:cobblestone_wall":72,"minecraft:diamond_boots":1,"minecraft:cobbled_deepslate_stairs":120,"minecraft:redstone_block":1,"minecraft:cooked_beef":24,"minecraft:cooked_cod":53,"minecraft:diamond_sword":1,"minecraft:spruce_sign":9,"minecraft:iron_sword":2,"minecraft:cooked_salmon":15,"minecraft:bucket":2,"minecraft:stone_axe":4,"minecraft:enchanted_book":30,"minecraft:air":0,"minecraft:oak_boat":1,"minecraft:iron_leggings":2,"minecraft:anvil":1,"minecraft:white_bed":1,"minecraft:torch":836,"minecraft:diamond_chestplate":1},"minecraft:dropped":{"minecraft:iron_sword":3,"minecraft:soul_sand":1,"minecraft:lapis_lazuli":58,"minecraft:diamond_axe":10,"minecraft:ominous_bottle":1,"minecraft:oak_log":93,"minecraft:baked_potato":483,"minecraft:glow_ink_sac":2,"minecraft:glass_bottle":3,"minecraft:diamond":5,"minecraft:crafting_table":2,"minecraft:leather":14,"minecraft:jungle_planks":1,"minecraft:saddle":1,"minecraft:rail":212,"minecraft:cod":2,"minecraft:flint":5,"minecraft:emerald":10,"minecraft:dirt":1645,"minecraft:cornflower":1,"minecraft:cooked_cod":41,"minecraft:sugar":2,"minecraft:stripped_oak_wood":1,"minecraft:fishing_rod":1,"minecraft:gold_ingot":11,"minecraft:bone":357,"minecraft:gravel":16,"minecraft:iron_nugget":15,"minecraft:golden_chestplate":3,"minecraft:cobbled_deepslate":338,"minecraft:obsidian":19,"minecraft:rotten_flesh":10,"minecraft:oak_planks":1,"minecraft:diamond_shovel":4,"minecraft:glowstone_dust":4,"minecraft:azure_bluet":2,"minecraft:carrot":1243,"minecraft:chainmail_chestplate":2,"minecraft:poppy":1,"minecraft:oak_fence_gate":3,"minecraft:gunpowder":3,"minecraft:leather_boots":5,"minecraft:chest":3,"minecraft:spruce_slab":57,"minecraft:arrow":259,"minecraft:powered_rail":1,"minecraft:beef":3,"minecraft:netherrack":6,"minecraft:lectern":8,"minecraft:egg":6,"minecraft:water_bucket":4,"minecraft:enchanted_book":1,"minecraft:golden_boots":2,"minecraft:iron_ingot":65,"minecraft:bread":1,"minecraft:stripped_spruce_log":2,"minecraft:oak_slab":18,"minecraft:wheat_seeds":224,"minecraft:mossy_cobblestone":6,"minecraft:minecart":10,"minecraft:diamond_leggings":2,"minecraft:poisonous_potato":14,"minecraft:book":27,"minecraft:iron_helmet":1,"minecraft:cobblestone":869,"minecraft:granite":85,"minecraft:activator_rail":98,"minecraft:coal":8,"minecraft:chainmail_helmet":1,"minecraft:grass_block":27,"minecraft:golden_apple":1,"minecraft:pufferfish":1,"minecraft:stick":30,"minecraft:oxeye_daisy":4,"minecraft:diorite":9,"minecraft:torch":86,"minecraft:cooked_salmon":15,"minecraft:diamond_helmet":2,"minecraft:iron_leggings":3,"minecraft:chainmail_leggings":1,"minecraft:string":398,"minecraft:bucket":3,"minecraft:spruce_sapling":3,"minecraft:redstone_block":1,"minecraft:dandelion":18,"minecraft:redstone":5,"minecraft:furnace":5,"minecraft:raw_copper":31,"minecraft:deepslate":1,"minecraft:tuff":17,"minecraft:raw_iron":69,"minecraft:stone_shovel":1,"minecraft:iron_boots":1,"minecraft:smoker":1,"minecraft:name_tag":2,"minecraft:cobbled_deepslate_slab":1,"minecraft:flint_and_steel":1,"minecraft:diamond_sword":4,"minecraft:shield":1,"minecraft:diamond_chestplate":2,"minecraft:spruce_trapdoor":1,"minecraft:spruce_planks":382,"minecraft:diamond_pickaxe":6,"minecraft:iron_chestplate":18,"minecraft:andesite":1,"minecraft:oak_sapling":3,"minecraft:redstone_torch":13,"minecraft:spruce_log":74,"minecraft:spider_eye":12,"minecraft:barrel":2,"minecraft:bamboo":2,"minecraft:diamond_boots":1,"minecraft:slime_ball":4,"minecraft:bow":16,"minecraft:raw_gold":10},"minecraft:picked_up":{"minecraft:iron_chestplate":21,"minecraft:wheat":187,"minecraft:redstone_block":2,"minecraft:lead":3,"minecraft:anvil":1,"minecraft:diamond_sword":3,"minecraft:yellow_wool":3,"minecraft:smithing_table":10,"minecraft:oak_stairs":87,"minecraft:enchanted_book":2,"minecraft:potion":2,"minecraft:string":790,"minecraft:raw_copper":172,"minecraft:iron_leggings":8,"minecraft:sticky_piston":5,"minecraft:pufferfish":12,"minecraft:activator_rail":148,"minecraft:diamond_leggings":3,"minecraft:cobbled_deepslate":2388,"minecraft:spruce_planks":888,"minecraft:bucket":8,"minecraft:redstone_torch":53,"minecraft:cobblestone_slab":5,"minecraft:iron_pickaxe":9,"minecraft:iron_boots":15,"minecraft:furnace":19,"minecraft:spruce_pressure_plate":20,"minecraft:stick":62,"minecraft:composter":3,"minecraft:spruce_stairs":49,"minecraft:oak_fence":56,"minecraft:torch":989,"minecraft:acacia_log":11,"minecraft:porkchop":14,"minecraft:golden_axe":1,"minecraft:diorite":37,"minecraft:golden_chestplate":9,"minecraft:rotten_flesh":130,"minecraft:armadillo_scute":1,"minecraft:bookshelf":17,"minecraft:obsidian":78,"minecraft:cod":70,"minecraft:cobblestone":6413,"minecraft:enchanting_table":1,"minecraft:feather":13,"minecraft:cooked_beef":253,"minecraft:repeater":1,"minecraft:jungle_log":6,"minecraft:water_bucket":23,"minecraft:andesite":5,"minecraft:smoker":3,"minecraft:potato":3026,"minecraft:flint":89,"minecraft:tuff":24,"minecraft:lapis_lazuli":193,"minecraft:dirt":20915,"minecraft:name_tag":4,"minecraft:leather_boots":7,"minecraft:glass":150,"minecraft:bone":650,"minecraft:bow":20,"minecraft:wheat_seeds":1131,"minecraft:cobbled_deepslate_wall":3,"minecraft:raw_gold":36,"minecraft:cobbled_deepslate_slab":11,"minecraft:bell":1,"minecraft:grindstone":9,"minecraft:fletching_table":36,"minecraft:diamond_helmet":2,"minecraft:glowstone_dust":10,"minecraft:bamboo":735,"minecraft:powered_rail":32,"minecraft:oak_planks":151,"minecraft:oak_pressure_plate":1,"minecraft:poisonous_potato":29,"minecraft:sand":7,"minecraft:jungle_planks":2,"minecraft:stripped_spruce_log":68,"minecraft:grass_block":43,"minecraft:jungle_slab":1,"minecraft:barrel":118,"minecraft:mossy_cobblestone":28,"minecraft:spruce_fence_gate":1,"minecraft:dispenser":102,"minecraft:sugar":10,"minecraft:deepslate":1,"minecraft:diamond":195,"minecraft:soul_lantern":4,"minecraft:lever":1,"minecraft:crossbow":8,"minecraft:granite":169,"minecraft:bone_meal":33,"minecraft:golden_apple":3,"minecraft:chainmail_helmet":1,"minecraft:spruce_sign":31,"minecraft:emerald":45,"minecraft:bread":6,"minecraft:oak_sapling":40,"minecraft:netherrack":43,"minecraft:diamond_pickaxe":17,"minecraft:charcoal":10,"minecraft:fishing_rod":3,"minecraft:crafting_table":30,"minecraft:chicken":12,"minecraft:azure_bluet":13,"minecraft:ominous_bottle":1,"minecraft:chest_minecart":2,"minecraft:shield":5,"minecraft:cornflower":4,"minecraft:oak_trapdoor":19,"minecraft:flint_and_steel":3,"minecraft:iron_shovel":2,"minecraft:beef":19,"minecraft:light_gray_wool":7,"minecraft:iron_nugget":7,"minecraft:poppy":13,"minecraft:spruce_slab":313,"minecraft:minecart":98,"minecraft:lectern":1290,"minecraft:sugar_cane":184,"minecraft:chest":103,"minecraft:spruce_trapdoor":29,"minecraft:piston":3,"minecraft:diamond_hoe":11,"minecraft:egg":30,"minecraft:raw_iron":351,"minecraft:oak_door":1,"minecraft:bowl":3,"minecraft:stone_button":110,"minecraft:carrot":3097,"minecraft:redstone":641,"minecraft:arrow":431,"minecraft:stone_shovel":1,"minecraft:diamond_chestplate":2,"minecraft:cooked_cod":34,"minecraft:beetroot_seeds":3,"minecraft:diamond_boots":1,"minecraft:hay_block":42,"minecraft:gold_ingot":22,"minecraft:saddle":7,"minecraft:totem_of_undying":2,"minecraft:mutton":16,"minecraft:rail":1161,"minecraft:white_wool":12,"minecraft:oxeye_daisy":11,"minecraft:glow_ink_sac":4,"minecraft:tripwire_hook":3,"minecraft:salmon":22,"minecraft:leather":40,"minecraft:oak_log":402,"minecraft:chainmail_chestplate":4,"minecraft:lily_pad":3,"minecraft:cobbled_deepslate_stairs":22,"minecraft:golden_boots":2,"minecraft:cobblestone_wall":351,"minecraft:gunpowder":31,"minecraft:cobblestone_stairs":1,"minecraft:white_banner":12,"minecraft:cooked_mutton":13,"minecraft:apple":11,"minecraft:kelp":192,"minecraft:iron_ingot":86,"minecraft:oak_fence_gate":4,"minecraft:stone_pickaxe":4,"minecraft:cooked_chicken":6,"minecraft:stripped_oak_wood":2,"minecraft:glass_bottle":2,"minecraft:iron_sword":3,"minecraft:acacia_sapling":4,"minecraft:soul_sand":1,"minecraft:book":59,"minecraft:oak_slab":55,"minecraft:emerald_block":38,"minecraft:dandelion":83,"minecraft:gravel":24,"minecraft:spruce_sapling":11,"minecraft:blast_furnace":10,"minecraft:white_bed":10,"minecraft:spruce_log":1000,"minecraft:spider_eye":26,"minecraft:diamond_shovel":13,"minecraft:pumpkin_seeds":3,"minecraft:slime_ball":8,"minecraft:stone_axe":5,"minecraft:chainmail_leggings":5,"minecraft:iron_helmet":14,"minecraft:diamond_axe":22,"minecraft:baked_potato":1503,"minecraft:coal":398,"minecraft:hopper":56,"minecraft:ender_pearl":1},"minecraft:killed":{"minecraft:cave_spider":3,"minecraft:witch":3,"minecraft:spider":22,"minecraft:skeleton":427,"minecraft:chicken":11,"minecraft:cat":6,"minecraft:wolf":2,"minecraft:pig":9,"minecraft:zombie_villager":1,"minecraft:iron_golem":1,"minecraft:creeper":24,"minecraft:sheep":10,"minecraft:pillager":24,"minecraft:goat":4,"minecraft:donkey":1,"minecraft:zombie":95,"minecraft:glow_squid":1,"minecraft:cow":9,"minecraft:vex":3,"minecraft:vindicator":9,"minecraft:phantom":1,"minecraft:horse":1,"minecraft:drowned":3,"minecraft:bat":1,"minecraft:villager":15,"minecraft:enderman":5}},"DataVersion":3953}