{"stats":{"minecraft:broken":{"minecraft:stone_pickaxe":2,"minecraft:shield":1,"minecraft:diamond_pickaxe":1,"minecraft:stone_axe":2,"minecraft:iron_sword":1,"minecraft:iron_pickaxe":1,"minecraft:fishing_rod":3,"minecraft:stone_shovel":10},"minecraft:mined":{"minecraft:tuff":38,"minecraft:white_bed":1,"minecraft:mossy_cobblestone":56,"minecraft:deepslate_diamond_ore":83,"minecraft:obsidian":1,"minecraft:cobbled_deepslate_slab":5,"minecraft:granite":3,"minecraft:grass_block":561,"minecraft:jungle_planks":1,"minecraft:redstone_wire":3,"minecraft:chiseled_tuff_bricks":1,"minecraft:kelp":105,"minecraft:oxeye_daisy":3,"minecraft:spawner":1,"minecraft:tuff_bricks":4,"minecraft:furnace":7,"minecraft:iron_ore":119,"minecraft:sticky_piston":3,"minecraft:cobbled_deepslate":214,"minecraft:andesite":25,"minecraft:deepslate_lapis_ore":9,"minecraft:bookshelf":1,"minecraft:dirt_path":1,"minecraft:vine":1,"minecraft:deepslate_iron_ore":49,"minecraft:rail":7,"minecraft:stone":323,"minecraft:tripwire":5,"minecraft:deepslate_redstone_ore":6,"minecraft:smoker":1,"minecraft:soul_fire":2,"minecraft:dandelion":7,"minecraft:oak_fence":5,"minecraft:cornflower":3,"minecraft:crafting_table":15,"minecraft:torch":11,"minecraft:short_grass":306,"minecraft:poppy":1,"minecraft:tall_grass":29,"minecraft:cobblestone":143,"minecraft:deepslate_gold_ore":6,"minecraft:lapis_ore":5,"minecraft:oak_planks":3,"minecraft:wall_torch":1,"minecraft:diorite":21,"minecraft:repeater":1,"minecraft:waxed_copper_block":1,"minecraft:light_gray_wool":2,"minecraft:oak_log":83,"minecraft:coal_ore":101,"minecraft:gravel":3,"minecraft:dirt":851,"minecraft:cobweb":17,"minecraft:dispenser":2,"minecraft:deepslate_emerald_ore":2,"minecraft:oak_leaves":13,"minecraft:deepslate":1241,"minecraft:fern":1},"minecraft:killed_by":{"minecraft:cave_spider":1,"minecraft:skeleton":1,"minecraft:zombie":2},"minecraft:custom":{"minecraft:interact_with_anvil":3,"minecraft:mob_kills":263,"minecraft:animals_bred":3,"minecraft:interact_with_crafting_table":43,"minecraft:leave_game":25,"minecraft:time_since_death":483365,"minecraft:climb_one_cm":208,"minecraft:sprint_one_cm":1168952,"minecraft:walk_one_cm":1340272,"minecraft:damage_blocked_by_shield":7309,"minecraft:drop":93,"minecraft:play_time":575985,"minecraft:sneak_time":81865,"minecraft:deaths":5,"minecraft:walk_under_water_one_cm":467160,"minecraft:boat_one_cm":175146,"minecraft:jump":8966,"minecraft:interact_with_blast_furnace":8,"minecraft:walk_on_water_one_cm":80258,"minecraft:total_world_time":575985,"minecraft:interact_with_furnace":48,"minecraft:sleep_in_bed":7,"minecraft:time_since_rest":43073,"minecraft:damage_taken":5542,"minecraft:damage_dealt":28036,"minecraft:swim_one_cm":189871,"minecraft:fly_one_cm":2021915,"minecraft:open_chest":85,"minecraft:crouch_one_cm":330120,"minecraft:interact_with_smoker":20,"minecraft:fish_caught":101,"minecraft:fall_one_cm":176310,"minecraft:horse_one_cm":90485},"minecraft:used":{"minecraft:oak_fence":2,"minecraft:flint_and_steel":1,"minecraft:stone_shovel":1321,"minecraft:redstone":3,"minecraft:oak_sign":2,"minecraft:chest":6,"minecraft:shield":140,"minecraft:iron_sword":262,"minecraft:cooked_chicken":17,"minecraft:rotten_flesh":13,"minecraft:torch":299,"minecraft:soul_sand":6,"minecraft:dirt":4137,"minecraft:anvil":1,"minecraft:cobblestone_wall":4,"minecraft:oak_fence_gate":9,"minecraft:glass":36,"minecraft:lava_bucket":7,"minecraft:grass_block":11,"minecraft:lantern":39,"minecraft:iron_helmet":2,"minecraft:iron_boots":2,"minecraft:light_gray_wool":4,"minecraft:magma_block":2,"minecraft:bow":40,"minecraft:soul_soil":2,"minecraft:oak_sapling":6,"minecraft:furnace":7,"minecraft:egg":9,"minecraft:cooked_beef":20,"minecraft:cobbled_deepslate":1903,"minecraft:iron_leggings":1,"minecraft:cooked_mutton":28,"minecraft:water_bucket":101,"minecraft:oak_planks":42,"minecraft:stone_pickaxe":261,"minecraft:ender_pearl":1,"minecraft:wooden_pickaxe":18,"minecraft:glow_ink_sac":2,"minecraft:rail":186,"minecraft:crafting_table":16,"minecraft:white_bed":3,"minecraft:smoker":1,"minecraft:redstone_torch":1,"minecraft:oak_log":22,"minecraft:cornflower":1,"minecraft:activator_rail":1,"minecraft:diamond_pickaxe":1956,"minecraft:apple":1,"minecraft:bread":3,"minecraft:iron_pickaxe":251,"minecraft:pufferfish":11,"minecraft:soul_lantern":4,"minecraft:stone_axe":180,"minecraft:diamond_sword":94,"minecraft:fishing_rod":157,"minecraft:potion":1,"minecraft:cobblestone":141,"minecraft:cobbled_deepslate_slab":11,"minecraft:cooked_porkchop":13,"minecraft:andesite":3,"minecraft:bucket":96,"minecraft:oak_boat":1,"minecraft:smooth_stone_slab":2,"minecraft:chest_minecart":2,"minecraft:kelp":300},"minecraft:crafted":{"minecraft:oak_planks":136,"minecraft:stone_shovel":10,"minecraft:fishing_rod":3,"minecraft:cooked_chicken":12,"minecraft:furnace":2,"minecraft:cooked_mutton":16,"minecraft:iron_boots":1,"minecraft:stone_pickaxe":2,"minecraft:smoker":1,"minecraft:cooked_beef":24,"minecraft:cooked_cod":53,"minecraft:diamond_sword":1,"minecraft:cooked_porkchop":13,"minecraft:crafting_table":2,"minecraft:iron_helmet":1,"minecraft:wooden_pickaxe":1,"minecraft:iron_sword":1,"minecraft:cooked_salmon":15,"minecraft:bucket":2,"minecraft:stone_axe":3,"minecraft:air":0,"minecraft:oak_boat":1,"minecraft:iron_chestplate":1,"minecraft:diamond_pickaxe":2,"minecraft:shield":4,"minecraft:stick":128,"minecraft:iron_ingot":104,"minecraft:iron_pickaxe":1,"minecraft:iron_block":3,"minecraft:anvil":1,"minecraft:iron_leggings":1,"minecraft:gold_ingot":3,"minecraft:white_bed":1,"minecraft:torch":280},"minecraft:dropped":{"minecraft:water_bucket":1,"minecraft:iron_ingot":32,"minecraft:iron_sword":1,"minecraft:soul_sand":1,"minecraft:wheat_seeds":18,"minecraft:lapis_lazuli":29,"minecraft:glow_ink_sac":2,"minecraft:mossy_cobblestone":6,"minecraft:glass_bottle":1,"minecraft:iron_helmet":1,"minecraft:cobblestone":1,"minecraft:grass_block":1,"minecraft:pufferfish":1,"minecraft:cod":2,"minecraft:stick":4,"minecraft:oxeye_daisy":3,"minecraft:dirt":245,"minecraft:diorite":9,"minecraft:torch":14,"minecraft:cornflower":1,"minecraft:cooked_cod":27,"minecraft:cooked_salmon":15,"minecraft:iron_leggings":1,"minecraft:string":39,"minecraft:redstone":4,"minecraft:dandelion":6,"minecraft:gravel":8,"minecraft:cobbled_deepslate":270,"minecraft:raw_copper":1,"minecraft:obsidian":1,"minecraft:raw_iron":5,"minecraft:stone_shovel":1,"minecraft:oak_planks":1,"minecraft:iron_chestplate":1,"minecraft:andesite":1,"minecraft:spider_eye":12,"minecraft:bamboo":2,"minecraft:bow":6},"minecraft:picked_up":{"minecraft:fishing_rod":1,"minecraft:crafting_table":19,"minecraft:iron_chestplate":4,"minecraft:chicken":12,"minecraft:chest_minecart":2,"minecraft:potion":1,"minecraft:enchanted_book":1,"minecraft:shield":3,"minecraft:cornflower":2,"minecraft:string":64,"minecraft:raw_copper":4,"minecraft:iron_leggings":2,"minecraft:sticky_piston":3,"minecraft:pufferfish":12,"minecraft:cobbled_deepslate":1414,"minecraft:beef":16,"minecraft:iron_pickaxe":1,"minecraft:light_gray_wool":7,"minecraft:furnace":11,"minecraft:iron_boots":1,"minecraft:egg":9,"minecraft:stick":11,"minecraft:raw_iron":220,"minecraft:oak_fence":3,"minecraft:torch":59,"minecraft:bowl":3,"minecraft:porkchop":13,"minecraft:diorite":9,"minecraft:redstone":7,"minecraft:arrow":122,"minecraft:stone_shovel":1,"minecraft:rotten_flesh":49,"minecraft:beetroot_seeds":3,"minecraft:saddle":2,"minecraft:obsidian":2,"minecraft:mutton":16,"minecraft:cod":68,"minecraft:rail":25,"minecraft:white_wool":9,"minecraft:cobblestone":303,"minecraft:oxeye_daisy":5,"minecraft:feather":13,"minecraft:cooked_beef":22,"minecraft:repeater":1,"minecraft:salmon":20,"minecraft:glow_ink_sac":4,"minecraft:tripwire_hook":3,"minecraft:water_bucket":2,"minecraft:andesite":5,"minecraft:leather":9,"minecraft:smoker":1,"minecraft:tuff":20,"minecraft:oak_log":145,"minecraft:lily_pad":3,"minecraft:gunpowder":20,"minecraft:lapis_lazuli":135,"minecraft:dirt":484,"minecraft:leather_boots":1,"minecraft:cooked_mutton":13,"minecraft:bone":106,"minecraft:apple":2,"minecraft:kelp":108,"minecraft:bow":9,"minecraft:wheat_seeds":25,"minecraft:raw_gold":8,"minecraft:cobbled_deepslate_slab":5,"minecraft:iron_ingot":20,"minecraft:stone_pickaxe":4,"minecraft:cooked_chicken":5,"minecraft:bamboo":2,"minecraft:powered_rail":2,"minecraft:iron_sword":1,"minecraft:oak_planks":73,"minecraft:soul_sand":1,"minecraft:dandelion":7,"minecraft:gravel":12,"minecraft:grass_block":1,"minecraft:white_bed":2,"minecraft:spider_eye":20,"minecraft:mossy_cobblestone":6,"minecraft:pumpkin_seeds":3,"minecraft:diamond":104,"minecraft:stone_axe":5,"minecraft:soul_lantern":4,"minecraft:iron_helmet":3,"minecraft:golden_apple":1,"minecraft:bread":3,"minecraft:emerald":4,"minecraft:oak_sapling":30,"minecraft:coal":252,"minecraft:ender_pearl":1},"minecraft:killed":{"minecraft:cave_spider":3,"minecraft:spider":16,"minecraft:skeleton":121,"minecraft:horse":1,"minecraft:chicken":11,"minecraft:drowned":3,"minecraft:cat":5,"minecraft:pig":7,"minecraft:zombie_villager":1,"minecraft:iron_golem":1,"minecraft:bat":1,"minecraft:creeper":15,"minecraft:sheep":9,"minecraft:goat":4,"minecraft:zombie":40,"minecraft:donkey":1,"minecraft:glow_squid":1,"minecraft:enderman":3,"minecraft:cow":6}},"DataVersion":3953}