{"stats":{"minecraft:broken":{"minecraft:iron_boots":1,"minecraft:stone_pickaxe":2,"minecraft:diamond_pickaxe":1,"minecraft:stone_axe":2,"minecraft:iron_sword":1,"minecraft:fishing_rod":3,"minecraft:stone_shovel":10,"minecraft:leather_chestplate":1,"minecraft:shield":1,"minecraft:iron_pickaxe":1,"minecraft:iron_helmet":2},"minecraft:mined":{"minecraft:white_bed":1,"minecraft:farmland":2,"minecraft:cobbled_deepslate_stairs":22,"minecraft:cobblestone_stairs":1,"minecraft:obsidian":23,"minecraft:granite":3,"minecraft:acacia_log":22,"minecraft:grass_block":7539,"minecraft:jungle_log":2,"minecraft:chiseled_tuff_bricks":1,"minecraft:hopper":34,"minecraft:oxeye_daisy":7,"minecraft:tuff_bricks":4,"minecraft:spawner":1,"minecraft:iron_ore":122,"minecraft:sticky_piston":3,"minecraft:cobbled_deepslate":461,"minecraft:deepslate_lapis_ore":9,"minecraft:azure_bluet":6,"minecraft:dirt_path":590,"minecraft:oak_stairs":87,"minecraft:tripwire":5,"minecraft:deepslate_redstone_ore":13,"minecraft:smoker":1,"minecraft:soul_fire":2,"minecraft:torch":46,"minecraft:poppy":6,"minecraft:chest":93,"minecraft:cobblestone":310,"minecraft:oak_planks":60,"minecraft:sugar_cane":65,"minecraft:wall_torch":18,"minecraft:seagrass":1,"minecraft:repeater":1,"minecraft:powered_rail":5,"minecraft:yellow_wool":3,"minecraft:wheat":187,"minecraft:activator_rail":50,"minecraft:stripped_oak_wood":2,"minecraft:waxed_copper_block":1,"minecraft:light_gray_wool":2,"minecraft:oak_log":147,"minecraft:sand":14,"minecraft:oak_fence_gate":3,"minecraft:dirt":6898,"minecraft:dispenser":8,"minecraft:netherrack":8,"minecraft:oak_leaves":24,"minecraft:deepslate":2103,"minecraft:tuff":66,"minecraft:mossy_cobblestone":78,"minecraft:deepslate_diamond_ore":83,"minecraft:lever":1,"minecraft:cobbled_deepslate_slab":11,"minecraft:stone_button":4,"minecraft:jungle_planks":2,"minecraft:redstone_wire":3,"minecraft:kelp":105,"minecraft:hay_block":26,"minecraft:oak_trapdoor":11,"minecraft:furnace":10,"minecraft:carrots":545,"minecraft:andesite":25,"minecraft:bookshelf":1,"minecraft:potatoes":701,"minecraft:vine":3,"minecraft:deepslate_iron_ore":49,"minecraft:rail":58,"minecraft:bamboo_sapling":1,"minecraft:stone":2109,"minecraft:white_wool":3,"minecraft:redstone_wall_torch":3,"minecraft:podzol":436,"minecraft:oak_slab":28,"minecraft:acacia_leaves":9,"minecraft:redstone_block":1,"minecraft:glass_pane":1,"minecraft:dandelion":33,"minecraft:oak_fence":62,"minecraft:cornflower":4,"minecraft:cobbled_deepslate_wall":3,"minecraft:crafting_table":18,"minecraft:short_grass":1336,"minecraft:copper_ore":4,"minecraft:tall_grass":82,"minecraft:deepslate_gold_ore":14,"minecraft:lapis_ore":5,"minecraft:diorite":21,"minecraft:cobblestone_wall":248,"minecraft:white_wall_banner":1,"minecraft:coal_ore":119,"minecraft:gravel":19,"minecraft:cobweb":23,"minecraft:deepslate_emerald_ore":2,"minecraft:fern":63},"minecraft:killed_by":{"minecraft:vindicator":2,"minecraft:cave_spider":1,"minecraft:zombie":4,"minecraft:vex":1,"minecraft:player":9,"minecraft:skeleton":2},"minecraft:custom":{"minecraft:animals_bred":3,"minecraft:interact_with_crafting_table":56,"minecraft:open_barrel":44,"minecraft:leave_game":51,"minecraft:time_since_death":93193,"minecraft:sprint_one_cm":4154373,"minecraft:damage_blocked_by_shield":7354,"minecraft:drop":320,"minecraft:talked_to_villager":16,"minecraft:play_time":1273361,"minecraft:deaths":21,"minecraft:jump":23580,"minecraft:walk_on_water_one_cm":126837,"minecraft:enchant_item":9,"minecraft:interact_with_furnace":49,"minecraft:sleep_in_bed":22,"minecraft:open_enderchest":1,"minecraft:damage_dealt":46973,"minecraft:player_kills":2,"minecraft:crouch_one_cm":728674,"minecraft:interact_with_smoker":116,"minecraft:inspect_dispenser":8,"minecraft:horse_one_cm":90485,"minecraft:interact_with_anvil":9,"minecraft:mob_kills":562,"minecraft:inspect_hopper":95,"minecraft:climb_one_cm":1649,"minecraft:walk_one_cm":3525531,"minecraft:raid_win":1,"minecraft:sneak_time":161653,"minecraft:walk_under_water_one_cm":1083081,"minecraft:boat_one_cm":175146,"minecraft:interact_with_blast_furnace":8,"minecraft:total_world_time":1273361,"minecraft:interact_with_grindstone":6,"minecraft:time_since_rest":93221,"minecraft:damage_taken":15588,"minecraft:minecart_one_cm":284030,"minecraft:swim_one_cm":209882,"minecraft:fly_one_cm":5567524,"minecraft:open_chest":629,"minecraft:fish_caught":101,"minecraft:fall_one_cm":424715},"minecraft:used":{"minecraft:dispenser":6,"minecraft:diamond_hoe":999,"minecraft:oak_sign":2,"minecraft:chest":116,"minecraft:shield":141,"minecraft:iron_sword":262,"minecraft:rotten_flesh":13,"minecraft:iron_chestplate":1,"minecraft:soul_sand":6,"minecraft:jungle_planks":1,"minecraft:carrot":839,"minecraft:obsidian":6,"minecraft:glass":36,"minecraft:lava_bucket":7,"minecraft:grass_block":12,"minecraft:lantern":39,"minecraft:iron_helmet":3,"minecraft:magma_block":2,"minecraft:bow":131,"minecraft:oak_sapling":6,"minecraft:furnace":11,"minecraft:cooked_cod":12,"minecraft:egg":19,"minecraft:potato":1324,"minecraft:oak_planks":143,"minecraft:stone_pickaxe":261,"minecraft:powered_rail":52,"minecraft:ender_pearl":1,"minecraft:leather_chestplate":1,"minecraft:wooden_pickaxe":18,"minecraft:redstone_block":5,"minecraft:sugar_cane":73,"minecraft:diamond_axe":531,"minecraft:crossbow":24,"minecraft:cobbled_deepslate_stairs":120,"minecraft:redstone_torch":21,"minecraft:lever":1,"minecraft:bread":21,"minecraft:stone_button":12,"minecraft:oak_pressure_plate":1,"minecraft:deepslate":4,"minecraft:soul_lantern":4,"minecraft:pufferfish":11,"minecraft:diamond_sword":260,"minecraft:andesite":3,"minecraft:chest_minecart":2,"minecraft:smooth_stone_slab":2,"minecraft:oak_boat":1,"minecraft:bone_meal":983,"minecraft:oak_fence":77,"minecraft:oak_trapdoor":6,"minecraft:flint_and_steel":2,"minecraft:stone_shovel":1321,"minecraft:redstone":3,"minecraft:ender_chest":1,"minecraft:cooked_chicken":17,"minecraft:oak_door":1,"minecraft:torch":531,"minecraft:dirt":11069,"minecraft:anvil":1,"minecraft:hopper":53,"minecraft:cobblestone_wall":48,"minecraft:granite":3,"minecraft:oak_fence_gate":9,"minecraft:oak_stairs":87,"minecraft:iron_boots":3,"minecraft:totem_of_undying":2,"minecraft:barrel":60,"minecraft:bamboo":78,"minecraft:light_gray_wool":4,"minecraft:soul_soil":2,"minecraft:iron_trapdoor":3,"minecraft:minecart":28,"minecraft:cooked_beef":71,"minecraft:cobbled_deepslate":2300,"minecraft:iron_leggings":1,"minecraft:cobbled_deepslate_wall":5,"minecraft:wheat_seeds":327,"minecraft:cooked_mutton":28,"minecraft:water_bucket":224,"minecraft:cobblestone_stairs":1,"minecraft:baked_potato":89,"minecraft:glow_ink_sac":2,"minecraft:leather_boots":2,"minecraft:salmon":5,"minecraft:mossy_cobblestone":9,"minecraft:rail":189,"minecraft:oak_slab":62,"minecraft:crafting_table":20,"minecraft:white_bed":3,"minecraft:smoker":28,"minecraft:oak_log":87,"minecraft:cornflower":1,"minecraft:activator_rail":54,"minecraft:diamond_pickaxe":5583,"minecraft:apple":1,"minecraft:diamond_shovel":14202,"minecraft:iron_pickaxe":263,"minecraft:stone_axe":180,"minecraft:fishing_rod":158,"minecraft:cobblestone":358,"minecraft:potion":1,"minecraft:cobbled_deepslate_slab":19,"minecraft:porkchop":1,"minecraft:white_banner":5,"minecraft:cooked_porkchop":13,"minecraft:bucket":221,"minecraft:kelp":300,"minecraft:dandelion":2},"minecraft:crafted":{"minecraft:oak_planks":316,"minecraft:cooked_chicken":12,"minecraft:lever":1,"minecraft:diamond_shovel":1,"minecraft:cooked_mutton":16,"minecraft:iron_boots":1,"minecraft:chest":4,"minecraft:smoker":1,"minecraft:oak_slab":42,"minecraft:cooked_porkchop":13,"minecraft:diamond_axe":1,"minecraft:crafting_table":4,"minecraft:iron_helmet":1,"minecraft:wooden_pickaxe":1,"minecraft:baked_potato":576,"minecraft:cobbled_deepslate_wall":6,"minecraft:iron_chestplate":2,"minecraft:diamond_pickaxe":2,"minecraft:shield":4,"minecraft:stick":244,"minecraft:iron_ingot":104,"minecraft:iron_pickaxe":1,"minecraft:iron_block":3,"minecraft:gold_ingot":3,"minecraft:redstone_torch":29,"minecraft:cobbled_deepslate_slab":12,"minecraft:stone_shovel":10,"minecraft:fishing_rod":3,"minecraft:furnace":2,"minecraft:bone_meal":855,"minecraft:flint_and_steel":1,"minecraft:stone_pickaxe":2,"minecraft:cobbled_deepslate_stairs":120,"minecraft:cooked_beef":24,"minecraft:cooked_cod":53,"minecraft:diamond_sword":1,"minecraft:iron_sword":1,"minecraft:cooked_salmon":15,"minecraft:bucket":2,"minecraft:stone_axe":3,"minecraft:air":0,"minecraft:oak_boat":1,"minecraft:anvil":1,"minecraft:iron_leggings":2,"minecraft:white_bed":1,"minecraft:torch":544},"minecraft:dropped":{"minecraft:iron_sword":1,"minecraft:soul_sand":1,"minecraft:diamond_axe":5,"minecraft:ominous_bottle":1,"minecraft:lapis_lazuli":58,"minecraft:oak_log":93,"minecraft:baked_potato":419,"minecraft:glow_ink_sac":2,"minecraft:glass_bottle":3,"minecraft:crafting_table":1,"minecraft:leather":14,"minecraft:jungle_planks":1,"minecraft:saddle":1,"minecraft:cod":2,"minecraft:emerald":5,"minecraft:dirt":1510,"minecraft:cornflower":1,"minecraft:cooked_cod":41,"minecraft:stripped_oak_wood":1,"minecraft:sugar":2,"minecraft:fishing_rod":1,"minecraft:gold_ingot":11,"minecraft:bone":356,"minecraft:gravel":8,"minecraft:golden_chestplate":3,"minecraft:cobbled_deepslate":331,"minecraft:obsidian":19,"minecraft:rotten_flesh":10,"minecraft:oak_planks":1,"minecraft:diamond_shovel":3,"minecraft:glowstone_dust":4,"minecraft:azure_bluet":2,"minecraft:chainmail_chestplate":1,"minecraft:poppy":1,"minecraft:oak_fence_gate":3,"minecraft:gunpowder":3,"minecraft:leather_boots":5,"minecraft:chest":3,"minecraft:arrow":259,"minecraft:beef":3,"minecraft:netherrack":2,"minecraft:egg":6,"minecraft:water_bucket":4,"minecraft:golden_boots":2,"minecraft:iron_ingot":64,"minecraft:bread":1,"minecraft:oak_slab":18,"minecraft:wheat_seeds":153,"minecraft:mossy_cobblestone":6,"minecraft:diamond_leggings":2,"minecraft:poisonous_potato":14,"minecraft:iron_helmet":1,"minecraft:cobblestone":133,"minecraft:granite":85,"minecraft:chainmail_helmet":1,"minecraft:grass_block":1,"minecraft:golden_apple":1,"minecraft:pufferfish":1,"minecraft:stick":24,"minecraft:oxeye_daisy":4,"minecraft:diorite":9,"minecraft:torch":84,"minecraft:cooked_salmon":15,"minecraft:diamond_helmet":1,"minecraft:iron_leggings":3,"minecraft:string":42,"minecraft:bucket":1,"minecraft:spruce_sapling":2,"minecraft:redstone_block":1,"minecraft:dandelion":18,"minecraft:redstone":4,"minecraft:raw_copper":16,"minecraft:deepslate":1,"minecraft:tuff":17,"minecraft:raw_iron":69,"minecraft:stone_shovel":1,"minecraft:iron_boots":1,"minecraft:smoker":1,"minecraft:name_tag":2,"minecraft:cobbled_deepslate_slab":1,"minecraft:flint_and_steel":1,"minecraft:diamond_sword":4,"minecraft:shield":1,"minecraft:diamond_chestplate":1,"minecraft:spruce_planks":2,"minecraft:iron_chestplate":2,"minecraft:diamond_pickaxe":5,"minecraft:andesite":1,"minecraft:oak_sapling":3,"minecraft:spider_eye":12,"minecraft:barrel":2,"minecraft:bamboo":2,"minecraft:bow":16,"minecraft:raw_gold":10},"minecraft:picked_up":{"minecraft:iron_chestplate":5,"minecraft:wheat":187,"minecraft:redstone_block":2,"minecraft:yellow_wool":3,"minecraft:lead":3,"minecraft:diamond_sword":3,"minecraft:oak_stairs":87,"minecraft:potion":2,"minecraft:enchanted_book":1,"minecraft:string":74,"minecraft:raw_copper":49,"minecraft:iron_leggings":8,"minecraft:sticky_piston":3,"minecraft:pufferfish":12,"minecraft:activator_rail":50,"minecraft:diamond_leggings":2,"minecraft:cobbled_deepslate":2374,"minecraft:bucket":4,"minecraft:spruce_planks":2,"minecraft:redstone_torch":3,"minecraft:iron_pickaxe":9,"minecraft:furnace":13,"minecraft:iron_boots":15,"minecraft:stick":47,"minecraft:oak_fence":56,"minecraft:torch":819,"minecraft:acacia_log":11,"minecraft:porkchop":14,"minecraft:golden_axe":1,"minecraft:diorite":9,"minecraft:golden_chestplate":9,"minecraft:rotten_flesh":102,"minecraft:armadillo_scute":1,"minecraft:obsidian":70,"minecraft:cod":70,"minecraft:cobblestone":2866,"minecraft:feather":13,"minecraft:cooked_beef":253,"minecraft:repeater":1,"minecraft:water_bucket":22,"minecraft:andesite":5,"minecraft:jungle_log":6,"minecraft:smoker":3,"minecraft:potato":3026,"minecraft:flint":18,"minecraft:tuff":24,"minecraft:lapis_lazuli":193,"minecraft:dirt":18491,"minecraft:name_tag":4,"minecraft:leather_boots":6,"minecraft:glass":17,"minecraft:bone":641,"minecraft:bow":20,"minecraft:wheat_seeds":1029,"minecraft:cobbled_deepslate_wall":3,"minecraft:raw_gold":36,"minecraft:cobbled_deepslate_slab":11,"minecraft:bell":1,"minecraft:diamond_helmet":1,"minecraft:glowstone_dust":10,"minecraft:bamboo":735,"minecraft:powered_rail":7,"minecraft:oak_planks":151,"minecraft:oak_pressure_plate":1,"minecraft:poisonous_potato":29,"minecraft:jungle_planks":2,"minecraft:grass_block":2,"minecraft:barrel":74,"minecraft:mossy_cobblestone":28,"minecraft:dispenser":102,"minecraft:sugar":10,"minecraft:diamond":190,"minecraft:deepslate":1,"minecraft:soul_lantern":4,"minecraft:lever":1,"minecraft:crossbow":7,"minecraft:granite":169,"minecraft:bone_meal":33,"minecraft:golden_apple":3,"minecraft:chainmail_helmet":1,"minecraft:emerald":15,"minecraft:bread":6,"minecraft:oak_sapling":40,"minecraft:netherrack":33,"minecraft:diamond_pickaxe":14,"minecraft:fishing_rod":3,"minecraft:crafting_table":23,"minecraft:azure_bluet":10,"minecraft:ominous_bottle":1,"minecraft:chicken":12,"minecraft:chest_minecart":2,"minecraft:shield":5,"minecraft:cornflower":3,"minecraft:oak_trapdoor":11,"minecraft:beef":19,"minecraft:poppy":10,"minecraft:light_gray_wool":7,"minecraft:minecart":29,"minecraft:sugar_cane":184,"minecraft:chest":80,"minecraft:diamond_hoe":9,"minecraft:egg":28,"minecraft:raw_iron":350,"minecraft:oak_door":1,"minecraft:bowl":3,"minecraft:stone_button":108,"minecraft:carrot":1801,"minecraft:redstone":558,"minecraft:stone_shovel":1,"minecraft:arrow":428,"minecraft:diamond_chestplate":1,"minecraft:cooked_cod":34,"minecraft:beetroot_seeds":3,"minecraft:hay_block":26,"minecraft:totem_of_undying":2,"minecraft:saddle":4,"minecraft:gold_ingot":22,"minecraft:mutton":16,"minecraft:rail":159,"minecraft:white_wool":12,"minecraft:oxeye_daisy":10,"minecraft:glow_ink_sac":4,"minecraft:tripwire_hook":3,"minecraft:salmon":22,"minecraft:leather":40,"minecraft:oak_log":402,"minecraft:chainmail_chestplate":1,"minecraft:lily_pad":3,"minecraft:cobblestone_wall":330,"minecraft:golden_boots":2,"minecraft:cobbled_deepslate_stairs":22,"minecraft:gunpowder":26,"minecraft:cobblestone_stairs":1,"minecraft:white_banner":5,"minecraft:cooked_mutton":13,"minecraft:apple":11,"minecraft:kelp":192,"minecraft:iron_ingot":86,"minecraft:oak_fence_gate":4,"minecraft:stone_pickaxe":4,"minecraft:cooked_chicken":5,"minecraft:stripped_oak_wood":2,"minecraft:glass_bottle":2,"minecraft:iron_sword":1,"minecraft:acacia_sapling":4,"minecraft:soul_sand":1,"minecraft:oak_slab":55,"minecraft:dandelion":69,"minecraft:gravel":12,"minecraft:spruce_sapling":2,"minecraft:white_bed":2,"minecraft:spider_eye":24,"minecraft:diamond_shovel":11,"minecraft:pumpkin_seeds":3,"minecraft:stone_axe":5,"minecraft:chainmail_leggings":5,"minecraft:iron_helmet":3,"minecraft:diamond_axe":15,"minecraft:baked_potato":1297,"minecraft:coal":281,"minecraft:hopper":35,"minecraft:ender_pearl":1},"minecraft:killed":{"minecraft:cave_spider":3,"minecraft:witch":2,"minecraft:spider":20,"minecraft:skeleton":358,"minecraft:chicken":11,"minecraft:cat":5,"minecraft:wolf":1,"minecraft:pig":8,"minecraft:zombie_villager":1,"minecraft:iron_golem":1,"minecraft:creeper":21,"minecraft:sheep":10,"minecraft:pillager":11,"minecraft:goat":4,"minecraft:zombie":66,"minecraft:donkey":1,"minecraft:glow_squid":1,"minecraft:cow":9,"minecraft:vex":1,"minecraft:vindicator":4,"minecraft:horse":1,"minecraft:drowned":3,"minecraft:bat":1,"minecraft:enderman":5}},"DataVersion":3953}