{"stats":{"minecraft:crafted":{"minecraft:oak_planks":316,"minecraft:cobblestone_slab":6,"minecraft:barrel":5,"minecraft:cooked_chicken":108,"minecraft:lever":1,"minecraft:diamond_shovel":1,"minecraft:bookshelf":1,"minecraft:heavy_weighted_pressure_plate":1,"minecraft:cooked_mutton":16,"minecraft:spruce_pressure_plate":6,"minecraft:diamond_helmet":1,"minecraft:iron_boots":3,"minecraft:chest":6,"minecraft:stone_hoe":1,"minecraft:smoker":5,"minecraft:oak_slab":42,"minecraft:arrow":16,"minecraft:emerald":1235,"minecraft:cooked_porkchop":78,"minecraft:diamond_axe":2,"minecraft:crafting_table":10,"minecraft:spruce_planks":1780,"minecraft:iron_helmet":3,"minecraft:wooden_pickaxe":1,"minecraft:baked_potato":936,"minecraft:cobbled_deepslate_wall":6,"minecraft:fletching_table":10,"minecraft:campfire":3,"minecraft:spruce_trapdoor":54,"minecraft:iron_chestplate":14,"minecraft:emerald_block":54,"minecraft:diamond_pickaxe":2,"minecraft:shield":4,"minecraft:stick":396,"minecraft:iron_ingot":106,"minecraft:iron_pickaxe":1,"minecraft:iron_block":3,"minecraft:gold_ingot":3,"minecraft:redstone_torch":35,"minecraft:composter":2,"minecraft:cobbled_deepslate_slab":12,"minecraft:rabbit_stew":21,"minecraft:stone_shovel":11,"minecraft:fishing_rod":3,"minecraft:iron_nugget":71,"minecraft:spruce_button":1,"minecraft:furnace":6,"minecraft:bone_meal":867,"minecraft:spruce_fence":15,"minecraft:flint_and_steel":1,"minecraft:lantern":5,"minecraft:spruce_stairs":48,"minecraft:iron_axe":4,"minecraft:spruce_wood":15,"minecraft:spruce_slab":630,"minecraft:stone_pickaxe":3,"minecraft:cobblestone_wall":78,"minecraft:diamond_boots":1,"minecraft:cobbled_deepslate_stairs":120,"minecraft:redstone_block":1,"minecraft:cooked_beef":24,"minecraft:cooked_cod":53,"minecraft:diamond_sword":3,"minecraft:spruce_sign":33,"minecraft:iron_sword":2,"minecraft:cooked_salmon":15,"minecraft:bucket":2,"minecraft:stone_axe":4,"minecraft:enchanted_book":38,"minecraft:air":0,"minecraft:oak_boat":1,"minecraft:iron_leggings":2,"minecraft:anvil":1,"minecraft:white_bed":1,"minecraft:torch":836,"minecraft:diamond_chestplate":1},"minecraft:picked_up":{"minecraft:iron_chestplate":21,"minecraft:wheat":483,"minecraft:redstone_block":2,"minecraft:anvil":1,"minecraft:diamond_sword":4,"minecraft:lead":3,"minecraft:yellow_wool":5,"minecraft:smithing_table":10,"minecraft:oak_stairs":185,"minecraft:enchanted_book":10,"minecraft:potion":2,"minecraft:string":791,"minecraft:raw_copper":209,"minecraft:iron_leggings":8,"minecraft:sticky_piston":5,"minecraft:pufferfish":12,"minecraft:activator_rail":148,"minecraft:diamond_leggings":3,"minecraft:cobbled_deepslate":2389,"minecraft:spruce_planks":935,"minecraft:bucket":8,"minecraft:redstone_torch":55,"minecraft:cobblestone_slab":5,"minecraft:iron_pickaxe":9,"minecraft:iron_boots":15,"minecraft:furnace":19,"minecraft:spruce_pressure_plate":23,"minecraft:stick":62,"minecraft:composter":3,"minecraft:oak_fence":56,"minecraft:torch":1005,"minecraft:acacia_log":11,"minecraft:spruce_stairs":49,"minecraft:porkchop":14,"minecraft:golden_axe":1,"minecraft:diorite":37,"minecraft:golden_chestplate":9,"minecraft:rotten_flesh":134,"minecraft:armadillo_scute":1,"minecraft:bookshelf":19,"minecraft:obsidian":78,"minecraft:cod":70,"minecraft:cobblestone":6683,"minecraft:enchanting_table":1,"minecraft:feather":13,"minecraft:cooked_beef":253,"minecraft:repeater":1,"minecraft:andesite":5,"minecraft:water_bucket":23,"minecraft:jungle_log":6,"minecraft:potato":6453,"minecraft:smoker":25,"minecraft:flint":92,"minecraft:tuff":24,"minecraft:lapis_lazuli":193,"minecraft:dirt":21711,"minecraft:name_tag":4,"minecraft:leather_boots":7,"minecraft:glass":152,"minecraft:bone":660,"minecraft:bow":20,"minecraft:wheat_seeds":2097,"minecraft:cobbled_deepslate_wall":3,"minecraft:raw_gold":36,"minecraft:cobbled_deepslate_slab":11,"minecraft:bell":1,"minecraft:grindstone":10,"minecraft:diamond_helmet":2,"minecraft:bamboo":735,"minecraft:fletching_table":36,"minecraft:glowstone_dust":10,"minecraft:powered_rail":32,"minecraft:oak_planks":222,"minecraft:oak_pressure_plate":1,"minecraft:poisonous_potato":47,"minecraft:sand":7,"minecraft:jungle_planks":2,"minecraft:stripped_spruce_log":69,"minecraft:grass_block":522,"minecraft:jungle_slab":1,"minecraft:barrel":119,"minecraft:mossy_cobblestone":34,"minecraft:spruce_fence_gate":1,"minecraft:dispenser":102,"minecraft:sugar":10,"minecraft:deepslate":1,"minecraft:diamond":195,"minecraft:soul_lantern":4,"minecraft:lever":1,"minecraft:crossbow":8,"minecraft:granite":169,"minecraft:bone_meal":33,"minecraft:golden_apple":3,"minecraft:spruce_sign":34,"minecraft:bread":6,"minecraft:chainmail_helmet":1,"minecraft:emerald":52,"minecraft:oak_sapling":40,"minecraft:netherrack":43,"minecraft:diamond_pickaxe":17,"minecraft:charcoal":10,"minecraft:fishing_rod":3,"minecraft:crafting_table":33,"minecraft:chicken":12,"minecraft:azure_bluet":13,"minecraft:ominous_bottle":1,"minecraft:rabbit_stew":25,"minecraft:chest_minecart":2,"minecraft:shield":5,"minecraft:heavy_weighted_pressure_plate":2,"minecraft:cornflower":4,"minecraft:oak_trapdoor":23,"minecraft:flint_and_steel":3,"minecraft:iron_shovel":2,"minecraft:glass_pane":3,"minecraft:beef":19,"minecraft:light_gray_wool":7,"minecraft:iron_nugget":7,"minecraft:poppy":15,"minecraft:spruce_slab":326,"minecraft:lectern":1783,"minecraft:minecart":103,"minecraft:sugar_cane":332,"minecraft:chest":109,"minecraft:egg":39,"minecraft:piston":3,"minecraft:spruce_trapdoor":33,"minecraft:diamond_hoe":11,"minecraft:raw_iron":351,"minecraft:oak_door":3,"minecraft:bowl":3,"minecraft:stone_button":110,"minecraft:carrot":5415,"minecraft:redstone":641,"minecraft:arrow":477,"minecraft:diamond_chestplate":2,"minecraft:stone_shovel":1,"minecraft:cooked_cod":34,"minecraft:beetroot_seeds":3,"minecraft:diamond_boots":1,"minecraft:hay_block":42,"minecraft:gold_ingot":22,"minecraft:saddle":7,"minecraft:totem_of_undying":2,"minecraft:mutton":16,"minecraft:white_wool":15,"minecraft:rail":1220,"minecraft:oxeye_daisy":14,"minecraft:glow_ink_sac":4,"minecraft:tripwire_hook":3,"minecraft:salmon":22,"minecraft:leather":40,"minecraft:oak_log":467,"minecraft:chainmail_chestplate":5,"minecraft:lily_pad":3,"minecraft:cobbled_deepslate_stairs":22,"minecraft:golden_boots":2,"minecraft:cobblestone_wall":353,"minecraft:gunpowder":34,"minecraft:cobblestone_stairs":5,"minecraft:white_banner":21,"minecraft:cooked_mutton":13,"minecraft:podzol":6,"minecraft:apple":11,"minecraft:kelp":192,"minecraft:spruce_wood":7,"minecraft:iron_ingot":86,"minecraft:oak_fence_gate":4,"minecraft:stone_pickaxe":4,"minecraft:cooked_chicken":6,"minecraft:stripped_oak_wood":2,"minecraft:glass_bottle":2,"minecraft:iron_sword":3,"minecraft:acacia_sapling":4,"minecraft:soul_sand":1,"minecraft:book":59,"minecraft:oak_slab":55,"minecraft:emerald_block":38,"minecraft:dandelion":87,"minecraft:gravel":29,"minecraft:spruce_sapling":11,"minecraft:blast_furnace":10,"minecraft:white_bed":12,"minecraft:spruce_log":1273,"minecraft:spider_eye":26,"minecraft:diamond_shovel":14,"minecraft:pumpkin_seeds":3,"minecraft:slime_ball":8,"minecraft:stone_axe":5,"minecraft:chainmail_leggings":5,"minecraft:iron_helmet":14,"minecraft:diamond_axe":23,"minecraft:baked_potato":1503,"minecraft:coal":398,"minecraft:hopper":56,"minecraft:ender_pearl":1},"minecraft:custom":{"minecraft:animals_bred":3,"minecraft:interact_with_crafting_table":128,"minecraft:open_barrel":141,"minecraft:bell_ring":9,"minecraft:leave_game":75,"minecraft:time_since_death":975846,"minecraft:sprint_one_cm":7505349,"minecraft:damage_blocked_by_shield":7354,"minecraft:drop":559,"minecraft:talked_to_villager":2528,"minecraft:play_time":2414761,"minecraft:deaths":23,"minecraft:jump":40972,"minecraft:walk_on_water_one_cm":200087,"minecraft:enchant_item":13,"minecraft:interact_with_furnace":66,"minecraft:traded_with_villager":140,"minecraft:sleep_in_bed":50,"minecraft:open_enderchest":3,"minecraft:damage_dealt":79654,"minecraft:player_kills":2,"minecraft:crouch_one_cm":1332973,"minecraft:interact_with_smoker":143,"minecraft:inspect_dispenser":55,"minecraft:horse_one_cm":90485,"minecraft:interact_with_anvil":38,"minecraft:mob_kills":1147,"minecraft:inspect_hopper":108,"minecraft:climb_one_cm":1673,"minecraft:walk_one_cm":6395558,"minecraft:raid_win":2,"minecraft:sneak_time":291967,"minecraft:walk_under_water_one_cm":1273935,"minecraft:boat_one_cm":175146,"minecraft:interact_with_blast_furnace":33,"minecraft:total_world_time":2414761,"minecraft:interact_with_stonecutter":2,"minecraft:interact_with_grindstone":13,"minecraft:time_since_rest":55074,"minecraft:damage_taken":20426,"minecraft:minecart_one_cm":284030,"minecraft:swim_one_cm":222744,"minecraft:fly_one_cm":9404011,"minecraft:open_chest":1367,"minecraft:fish_caught":101,"minecraft:fall_one_cm":703482},"minecraft:broken":{"minecraft:iron_shovel":1,"minecraft:iron_boots":1,"minecraft:stone_pickaxe":2,"minecraft:diamond_pickaxe":2,"minecraft:stone_axe":2,"minecraft:iron_sword":1,"minecraft:fishing_rod":3,"minecraft:stone_shovel":10,"minecraft:leather_chestplate":1,"minecraft:shield":1,"minecraft:leather_boots":1,"minecraft:iron_pickaxe":1,"minecraft:iron_helmet":2},"minecraft:mined":{"minecraft:spruce_planks":590,"minecraft:white_bed":14,"minecraft:farmland":2,"minecraft:cobbled_deepslate_stairs":22,"minecraft:jungle_slab":1,"minecraft:cobblestone_stairs":5,"minecraft:obsidian":23,"minecraft:spruce_trapdoor":32,"minecraft:granite":3,"minecraft:acacia_log":22,"minecraft:grass_block":8390,"minecraft:jungle_log":2,"minecraft:chiseled_tuff_bricks":1,"minecraft:composter":3,"minecraft:hopper":38,"minecraft:oxeye_daisy":10,"minecraft:spawner":1,"minecraft:tuff_bricks":4,"minecraft:iron_ore":123,"minecraft:barrel":43,"minecraft:sticky_piston":4,"minecraft:fire":26,"minecraft:cobbled_deepslate":466,"minecraft:anvil":1,"minecraft:deepslate_lapis_ore":9,"minecraft:fletching_table":26,"minecraft:azure_bluet":8,"minecraft:enchanting_table":1,"minecraft:dirt_path":614,"minecraft:oak_stairs":185,"minecraft:spruce_pressure_plate":19,"minecraft:spruce_wood":6,"minecraft:white_banner":4,"minecraft:spruce_slab":280,"minecraft:tripwire":5,"minecraft:piston_head":1,"minecraft:deepslate_redstone_ore":13,"minecraft:smoker":23,"minecraft:soul_fire":2,"minecraft:torch":62,"minecraft:blast_furnace":6,"minecraft:poppy":8,"minecraft:chest":99,"minecraft:spruce_wall_sign":8,"minecraft:glass":59,"minecraft:cobblestone":699,"minecraft:oak_planks":131,"minecraft:sugar_cane":139,"minecraft:grindstone":10,"minecraft:spruce_sign":7,"minecraft:wall_torch":68,"minecraft:seagrass":1,"minecraft:repeater":1,"minecraft:powered_rail":9,"minecraft:yellow_wool":5,"minecraft:wheat":507,"minecraft:activator_rail":50,"minecraft:stripped_oak_wood":2,"minecraft:waxed_copper_block":1,"minecraft:light_gray_wool":2,"minecraft:oak_log":212,"minecraft:dirt":8626,"minecraft:oak_fence_gate":3,"minecraft:sand":27,"minecraft:dispenser":8,"minecraft:netherrack":28,"minecraft:piston":2,"minecraft:oak_leaves":25,"minecraft:deepslate":2107,"minecraft:tuff":66,"minecraft:mossy_cobblestone":84,"minecraft:deepslate_diamond_ore":83,"minecraft:lever":1,"minecraft:cobbled_deepslate_slab":11,"minecraft:stone_button":5,"minecraft:jungle_planks":2,"minecraft:redstone_wire":42,"minecraft:spruce_leaves":3,"minecraft:kelp":105,"minecraft:hay_block":42,"minecraft:oak_trapdoor":15,"minecraft:heavy_weighted_pressure_plate":1,"minecraft:furnace":11,"minecraft:carrots":1375,"minecraft:andesite":25,"minecraft:stripped_spruce_log":67,"minecraft:bookshelf":21,"minecraft:potatoes":1660,"minecraft:deepslate_iron_ore":49,"minecraft:vine":3,"minecraft:rail":890,"minecraft:bamboo_sapling":1,"minecraft:stone":5567,"minecraft:ender_chest":1,"minecraft:white_wool":6,"minecraft:redstone_wall_torch":4,"minecraft:podzol":450,"minecraft:smithing_table":10,"minecraft:oak_slab":28,"minecraft:acacia_leaves":9,"minecraft:redstone_block":1,"minecraft:glass_pane":5,"minecraft:dandelion":50,"minecraft:oak_fence":62,"minecraft:crafting_table":27,"minecraft:cornflower":5,"minecraft:cobbled_deepslate_wall":3,"minecraft:short_grass":1898,"minecraft:campfire":5,"minecraft:lectern":1769,"minecraft:copper_ore":35,"minecraft:tall_grass":133,"minecraft:lapis_ore":5,"minecraft:deepslate_gold_ore":14,"minecraft:diorite":49,"minecraft:spruce_stairs":49,"minecraft:cobblestone_wall":271,"minecraft:redstone_torch":13,"minecraft:spruce_log":736,"minecraft:white_wall_banner":7,"minecraft:coal_ore":132,"minecraft:gravel":105,"minecraft:cobweb":23,"minecraft:spruce_fence_gate":2,"minecraft:deepslate_emerald_ore":2,"minecraft:fern":87},"minecraft:killed":{"minecraft:cave_spider":3,"minecraft:witch":3,"minecraft:spider":24,"minecraft:skeleton":851,"minecraft:chicken":13,"minecraft:cat":7,"minecraft:wolf":2,"minecraft:pig":9,"minecraft:zombie_villager":1,"minecraft:iron_golem":1,"minecraft:creeper":28,"minecraft:sheep":10,"minecraft:pillager":24,"minecraft:goat":4,"minecraft:donkey":1,"minecraft:zombie":103,"minecraft:glow_squid":1,"minecraft:cow":9,"minecraft:vex":3,"minecraft:vindicator":9,"minecraft:phantom":1,"minecraft:horse":1,"minecraft:drowned":3,"minecraft:bat":1,"minecraft:villager":15,"minecraft:enderman":5},"minecraft:used":{"minecraft:dispenser":7,"minecraft:spruce_slab":722,"minecraft:iron_shovel":5,"minecraft:poppy":2,"minecraft:diamond_hoe":1101,"minecraft:oak_sign":2,"minecraft:shield":141,"minecraft:chest":127,"minecraft:iron_sword":320,"minecraft:rotten_flesh":14,"minecraft:iron_chestplate":1,"minecraft:soul_sand":6,"minecraft:jungle_planks":1,"minecraft:carrot":1726,"minecraft:obsidian":6,"minecraft:beehive":4,"minecraft:stripped_spruce_log":49,"minecraft:glass":137,"minecraft:lava_bucket":10,"minecraft:villager_spawn_egg":24,"minecraft:spruce_wood":18,"minecraft:grass_block":44,"minecraft:lantern":45,"minecraft:iron_helmet":3,"minecraft:rabbit_stew":1,"minecraft:magma_block":2,"minecraft:bow":149,"minecraft:oak_sapling":6,"minecraft:furnace":12,"minecraft:cooked_cod":12,"minecraft:egg":28,"minecraft:potato":2284,"minecraft:oak_planks":214,"minecraft:stone_pickaxe":261,"minecraft:powered_rail":62,"minecraft:ender_pearl":1,"minecraft:leather_chestplate":1,"minecraft:wooden_pickaxe":18,"minecraft:redstone_block":6,"minecraft:composter":4,"minecraft:sugar_cane":73,"minecraft:diamond_axe":5152,"minecraft:blast_furnace":11,"minecraft:crossbow":24,"minecraft:cobbled_deepslate_stairs":120,"minecraft:redstone_torch":39,"minecraft:sticky_piston":5,"minecraft:lever":1,"minecraft:stone_button":14,"minecraft:string":6,"minecraft:heavy_weighted_pressure_plate":1,"minecraft:bread":47,"minecraft:lectern":1788,"minecraft:deepslate":4,"minecraft:oak_pressure_plate":1,"minecraft:gravel":1,"minecraft:soul_lantern":4,"minecraft:pufferfish":11,"minecraft:diamond_sword":470,"minecraft:grindstone":15,"minecraft:andesite":3,"minecraft:smithing_table":15,"minecraft:oak_fence":77,"minecraft:chest_minecart":2,"minecraft:smooth_stone_slab":2,"minecraft:oak_boat":1,"minecraft:bone_meal":995,"minecraft:oak_trapdoor":10,"minecraft:enchanting_table":2,"minecraft:flint_and_steel":43,"minecraft:stone_shovel":1321,"minecraft:redstone":70,"minecraft:spruce_planks":1893,"minecraft:ender_chest":1,"minecraft:cooked_chicken":18,"minecraft:netherrack":4,"minecraft:oak_door":3,"minecraft:torch":965,"minecraft:dirt":13065,"minecraft:anvil":8,"minecraft:hopper":57,"minecraft:chainmail_chestplate":1,"minecraft:spruce_stairs":61,"minecraft:cobblestone_wall":127,"minecraft:oak_fence_gate":9,"minecraft:granite":3,"minecraft:spruce_fence":12,"minecraft:bookshelf":61,"minecraft:oak_stairs":185,"minecraft:spruce_button":1,"minecraft:iron_boots":3,"minecraft:totem_of_undying":2,"minecraft:barrel":106,"minecraft:bamboo":78,"minecraft:light_gray_wool":4,"minecraft:soul_soil":2,"minecraft:iron_trapdoor":3,"minecraft:goat_horn":6,"minecraft:minecart":51,"minecraft:cooked_beef":79,"minecraft:cobbled_deepslate":2306,"minecraft:iron_leggings":1,"minecraft:cobbled_deepslate_wall":5,"minecraft:wheat_seeds":647,"minecraft:cooked_mutton":28,"minecraft:water_bucket":320,"minecraft:chiseled_bookshelf":1,"minecraft:cobblestone_stairs":5,"minecraft:baked_potato":264,"minecraft:spruce_sign":40,"minecraft:cobblestone_slab":1,"minecraft:glow_ink_sac":3,"minecraft:fletching_table":31,"minecraft:spruce_fence_gate":1,"minecraft:leather_boots":2,"minecraft:salmon":5,"minecraft:mossy_cobblestone":15,"minecraft:rail":1131,"minecraft:crafting_table":34,"minecraft:oak_slab":62,"minecraft:white_bed":11,"minecraft:campfire":3,"minecraft:spruce_log":1141,"minecraft:smoker":54,"minecraft:oak_log":152,"minecraft:piston":3,"minecraft:cornflower":1,"minecraft:activator_rail":54,"minecraft:diamond_pickaxe":10525,"minecraft:apple":1,"minecraft:diamond_shovel":16899,"minecraft:iron_pickaxe":263,"minecraft:spruce_pressure_plate":29,"minecraft:spruce_trapdoor":97,"minecraft:spruce_sapling":8,"minecraft:stone_axe":180,"minecraft:fishing_rod":158,"minecraft:cobblestone":915,"minecraft:potion":1,"minecraft:cobbled_deepslate_slab":19,"minecraft:porkchop":1,"minecraft:white_banner":26,"minecraft:cooked_porkchop":14,"minecraft:bucket":319,"minecraft:glass_pane":4,"minecraft:kelp":300,"minecraft:dandelion":2,"minecraft:chainmail_leggings":1},"minecraft:dropped":{"minecraft:iron_sword":3,"minecraft:soul_sand":1,"minecraft:lapis_lazuli":58,"minecraft:diamond_axe":11,"minecraft:ominous_bottle":1,"minecraft:oak_log":93,"minecraft:baked_potato":611,"minecraft:glow_ink_sac":2,"minecraft:glass_bottle":3,"minecraft:diamond":5,"minecraft:crafting_table":3,"minecraft:leather":14,"minecraft:jungle_planks":1,"minecraft:saddle":1,"minecraft:rail":212,"minecraft:cod":2,"minecraft:emerald":17,"minecraft:flint":8,"minecraft:dirt":1645,"minecraft:cornflower":1,"minecraft:cooked_cod":41,"minecraft:sugar":2,"minecraft:stripped_oak_wood":1,"minecraft:fishing_rod":1,"minecraft:gold_ingot":11,"minecraft:bone":363,"minecraft:gravel":16,"minecraft:iron_nugget":15,"minecraft:golden_chestplate":3,"minecraft:cobbled_deepslate":338,"minecraft:obsidian":19,"minecraft:rotten_flesh":10,"minecraft:oak_planks":1,"minecraft:diamond_shovel":5,"minecraft:glowstone_dust":4,"minecraft:azure_bluet":2,"minecraft:carrot":1283,"minecraft:chainmail_chestplate":2,"minecraft:poppy":1,"minecraft:oak_fence_gate":3,"minecraft:gunpowder":6,"minecraft:heavy_weighted_pressure_plate":1,"minecraft:leather_boots":5,"minecraft:spruce_wood":1,"minecraft:chest":5,"minecraft:spruce_slab":57,"minecraft:arrow":263,"minecraft:powered_rail":1,"minecraft:beef":3,"minecraft:netherrack":6,"minecraft:lectern":8,"minecraft:egg":6,"minecraft:water_bucket":4,"minecraft:enchanted_book":2,"minecraft:golden_boots":2,"minecraft:iron_ingot":65,"minecraft:bread":1,"minecraft:stripped_spruce_log":2,"minecraft:oak_slab":18,"minecraft:wheat_seeds":230,"minecraft:mossy_cobblestone":6,"minecraft:minecart":10,"minecraft:diamond_leggings":2,"minecraft:poisonous_potato":14,"minecraft:iron_helmet":1,"minecraft:cobblestone":869,"minecraft:book":27,"minecraft:granite":85,"minecraft:activator_rail":98,"minecraft:chainmail_helmet":1,"minecraft:grass_block":96,"minecraft:coal":8,"minecraft:golden_apple":1,"minecraft:pufferfish":1,"minecraft:stick":30,"minecraft:oxeye_daisy":4,"minecraft:diorite":9,"minecraft:torch":86,"minecraft:cooked_salmon":15,"minecraft:diamond_helmet":2,"minecraft:iron_leggings":3,"minecraft:chainmail_leggings":1,"minecraft:string":399,"minecraft:bucket":3,"minecraft:spruce_sapling":3,"minecraft:redstone_block":1,"minecraft:dandelion":18,"minecraft:redstone":5,"minecraft:furnace":5,"minecraft:cobblestone_wall":3,"minecraft:raw_copper":31,"minecraft:deepslate":1,"minecraft:tuff":17,"minecraft:raw_iron":69,"minecraft:stone_shovel":1,"minecraft:iron_boots":1,"minecraft:smoker":1,"minecraft:name_tag":2,"minecraft:cobbled_deepslate_slab":1,"minecraft:flint_and_steel":1,"minecraft:diamond_sword":5,"minecraft:shield":1,"minecraft:diamond_chestplate":2,"minecraft:spruce_trapdoor":1,"minecraft:spruce_planks":416,"minecraft:diamond_pickaxe":6,"minecraft:iron_chestplate":18,"minecraft:andesite":1,"minecraft:oak_sapling":3,"minecraft:redstone_torch":13,"minecraft:spruce_log":93,"minecraft:barrel":2,"minecraft:spider_eye":12,"minecraft:bamboo":2,"minecraft:diamond_boots":1,"minecraft:slime_ball":4,"minecraft:rabbit_stew":25,"minecraft:bow":16,"minecraft:raw_gold":10},"minecraft:killed_by":{"minecraft:vindicator":2,"minecraft:cave_spider":1,"minecraft:zombie":4,"minecraft:vex":1,"minecraft:player":9,"minecraft:skeleton":4}},"DataVersion":3953}