{"stats":{"minecraft:broken":{"minecraft:iron_boots":1,"minecraft:stone_pickaxe":2,"minecraft:diamond_pickaxe":1,"minecraft:stone_axe":2,"minecraft:iron_sword":1,"minecraft:fishing_rod":3,"minecraft:stone_shovel":10,"minecraft:leather_chestplate":1,"minecraft:shield":1,"minecraft:iron_pickaxe":1,"minecraft:iron_helmet":2},"minecraft:mined":{"minecraft:white_bed":1,"minecraft:farmland":2,"minecraft:cobbled_deepslate_stairs":22,"minecraft:obsidian":2,"minecraft:granite":3,"minecraft:acacia_log":22,"minecraft:grass_block":3509,"minecraft:jungle_log":2,"minecraft:chiseled_tuff_bricks":1,"minecraft:hopper":34,"minecraft:oxeye_daisy":3,"minecraft:tuff_bricks":4,"minecraft:spawner":1,"minecraft:iron_ore":122,"minecraft:sticky_piston":3,"minecraft:cobbled_deepslate":461,"minecraft:deepslate_lapis_ore":9,"minecraft:azure_bluet":2,"minecraft:dirt_path":2,"minecraft:tripwire":5,"minecraft:deepslate_redstone_ore":13,"minecraft:smoker":1,"minecraft:soul_fire":2,"minecraft:torch":46,"minecraft:poppy":2,"minecraft:chest":86,"minecraft:cobblestone":239,"minecraft:sugar_cane":65,"minecraft:oak_planks":17,"minecraft:wall_torch":18,"minecraft:seagrass":1,"minecraft:repeater":1,"minecraft:powered_rail":5,"minecraft:wheat":187,"minecraft:activator_rail":50,"minecraft:waxed_copper_block":1,"minecraft:light_gray_wool":2,"minecraft:oak_log":90,"minecraft:dirt":4006,"minecraft:dispenser":8,"minecraft:netherrack":6,"minecraft:oak_leaves":17,"minecraft:deepslate":2103,"minecraft:tuff":66,"minecraft:mossy_cobblestone":56,"minecraft:deepslate_diamond_ore":83,"minecraft:lever":1,"minecraft:cobbled_deepslate_slab":11,"minecraft:stone_button":4,"minecraft:jungle_planks":1,"minecraft:redstone_wire":3,"minecraft:kelp":105,"minecraft:oak_trapdoor":3,"minecraft:furnace":10,"minecraft:carrots":545,"minecraft:andesite":25,"minecraft:bookshelf":1,"minecraft:potatoes":701,"minecraft:deepslate_iron_ore":49,"minecraft:vine":1,"minecraft:rail":58,"minecraft:stone":1592,"minecraft:redstone_wall_torch":3,"minecraft:oak_slab":6,"minecraft:acacia_leaves":9,"minecraft:redstone_block":1,"minecraft:dandelion":12,"minecraft:oak_fence":17,"minecraft:crafting_table":18,"minecraft:cobbled_deepslate_wall":3,"minecraft:cornflower":3,"minecraft:short_grass":675,"minecraft:tall_grass":47,"minecraft:copper_ore":4,"minecraft:lapis_ore":5,"minecraft:deepslate_gold_ore":14,"minecraft:diorite":21,"minecraft:cobblestone_wall":248,"minecraft:coal_ore":113,"minecraft:gravel":3,"minecraft:cobweb":23,"minecraft:deepslate_emerald_ore":2,"minecraft:fern":17},"minecraft:killed_by":{"minecraft:cave_spider":1,"minecraft:zombie":3,"minecraft:player":7,"minecraft:skeleton":1},"minecraft:custom":{"minecraft:animals_bred":3,"minecraft:interact_with_crafting_table":55,"minecraft:open_barrel":44,"minecraft:leave_game":47,"minecraft:time_since_death":16849,"minecraft:sprint_one_cm":3094823,"minecraft:damage_blocked_by_shield":7354,"minecraft:drop":284,"minecraft:talked_to_villager":5,"minecraft:play_time":1083821,"minecraft:deaths":14,"minecraft:jump":18589,"minecraft:walk_on_water_one_cm":116829,"minecraft:enchant_item":9,"minecraft:interact_with_furnace":49,"minecraft:sleep_in_bed":19,"minecraft:open_enderchest":1,"minecraft:damage_dealt":36695,"minecraft:player_kills":2,"minecraft:crouch_one_cm":605969,"minecraft:interact_with_smoker":116,"minecraft:inspect_dispenser":8,"minecraft:horse_one_cm":90485,"minecraft:interact_with_anvil":7,"minecraft:mob_kills":515,"minecraft:inspect_hopper":95,"minecraft:climb_one_cm":1120,"minecraft:walk_one_cm":2988452,"minecraft:sneak_time":138379,"minecraft:walk_under_water_one_cm":1080217,"minecraft:boat_one_cm":175146,"minecraft:interact_with_blast_furnace":8,"minecraft:total_world_time":1083821,"minecraft:interact_with_grindstone":6,"minecraft:time_since_rest":16876,"minecraft:damage_taken":10404,"minecraft:minecart_one_cm":284030,"minecraft:swim_one_cm":208388,"minecraft:fly_one_cm":4375928,"minecraft:open_chest":542,"minecraft:fish_caught":101,"minecraft:fall_one_cm":315027},"minecraft:used":{"minecraft:dispenser":6,"minecraft:diamond_hoe":972,"minecraft:oak_sign":2,"minecraft:chest":105,"minecraft:shield":141,"minecraft:iron_sword":262,"minecraft:rotten_flesh":13,"minecraft:iron_chestplate":1,"minecraft:soul_sand":6,"minecraft:carrot":839,"minecraft:obsidian":6,"minecraft:glass":36,"minecraft:lava_bucket":7,"minecraft:grass_block":11,"minecraft:lantern":39,"minecraft:iron_helmet":3,"minecraft:magma_block":2,"minecraft:bow":130,"minecraft:oak_sapling":6,"minecraft:furnace":11,"minecraft:cooked_cod":12,"minecraft:egg":18,"minecraft:potato":1324,"minecraft:oak_planks":109,"minecraft:stone_pickaxe":261,"minecraft:powered_rail":52,"minecraft:ender_pearl":1,"minecraft:leather_chestplate":1,"minecraft:wooden_pickaxe":18,"minecraft:redstone_block":5,"minecraft:sugar_cane":73,"minecraft:diamond_axe":134,"minecraft:cobbled_deepslate_stairs":120,"minecraft:redstone_torch":21,"minecraft:lever":1,"minecraft:bread":19,"minecraft:stone_button":12,"minecraft:deepslate":4,"minecraft:soul_lantern":4,"minecraft:pufferfish":11,"minecraft:diamond_sword":260,"minecraft:andesite":3,"minecraft:chest_minecart":2,"minecraft:smooth_stone_slab":2,"minecraft:oak_boat":1,"minecraft:bone_meal":983,"minecraft:oak_fence":76,"minecraft:oak_trapdoor":6,"minecraft:flint_and_steel":2,"minecraft:stone_shovel":1321,"minecraft:redstone":3,"minecraft:ender_chest":1,"minecraft:cooked_chicken":17,"minecraft:torch":474,"minecraft:dirt":8379,"minecraft:anvil":1,"minecraft:hopper":53,"minecraft:cobblestone_wall":48,"minecraft:granite":3,"minecraft:oak_fence_gate":9,"minecraft:iron_boots":3,"minecraft:barrel":60,"minecraft:light_gray_wool":4,"minecraft:soul_soil":2,"minecraft:iron_trapdoor":3,"minecraft:minecart":28,"minecraft:cooked_beef":71,"minecraft:cobbled_deepslate":2300,"minecraft:iron_leggings":1,"minecraft:cobbled_deepslate_wall":5,"minecraft:wheat_seeds":327,"minecraft:cooked_mutton":28,"minecraft:water_bucket":207,"minecraft:baked_potato":6,"minecraft:glow_ink_sac":2,"minecraft:leather_boots":2,"minecraft:salmon":5,"minecraft:rail":189,"minecraft:oak_slab":45,"minecraft:crafting_table":19,"minecraft:white_bed":3,"minecraft:smoker":28,"minecraft:oak_log":38,"minecraft:cornflower":1,"minecraft:activator_rail":54,"minecraft:diamond_pickaxe":4939,"minecraft:apple":1,"minecraft:diamond_shovel":6092,"minecraft:iron_pickaxe":263,"minecraft:stone_axe":180,"minecraft:fishing_rod":158,"minecraft:cobblestone":274,"minecraft:potion":1,"minecraft:white_banner":1,"minecraft:cobbled_deepslate_slab":19,"minecraft:porkchop":1,"minecraft:cooked_porkchop":13,"minecraft:bucket":204,"minecraft:kelp":300,"minecraft:dandelion":2},"minecraft:crafted":{"minecraft:oak_planks":276,"minecraft:cooked_chicken":12,"minecraft:lever":1,"minecraft:diamond_shovel":1,"minecraft:cooked_mutton":16,"minecraft:iron_boots":1,"minecraft:smoker":1,"minecraft:oak_slab":42,"minecraft:cooked_porkchop":13,"minecraft:diamond_axe":1,"minecraft:crafting_table":3,"minecraft:iron_helmet":1,"minecraft:wooden_pickaxe":1,"minecraft:baked_potato":576,"minecraft:cobbled_deepslate_wall":6,"minecraft:iron_chestplate":2,"minecraft:diamond_pickaxe":2,"minecraft:shield":4,"minecraft:stick":212,"minecraft:iron_ingot":104,"minecraft:iron_pickaxe":1,"minecraft:iron_block":3,"minecraft:gold_ingot":3,"minecraft:redstone_torch":29,"minecraft:cobbled_deepslate_slab":12,"minecraft:stone_shovel":10,"minecraft:fishing_rod":3,"minecraft:furnace":2,"minecraft:bone_meal":855,"minecraft:flint_and_steel":1,"minecraft:stone_pickaxe":2,"minecraft:cobbled_deepslate_stairs":120,"minecraft:cooked_beef":24,"minecraft:cooked_cod":53,"minecraft:diamond_sword":1,"minecraft:iron_sword":1,"minecraft:cooked_salmon":15,"minecraft:bucket":2,"minecraft:stone_axe":3,"minecraft:air":0,"minecraft:oak_boat":1,"minecraft:anvil":1,"minecraft:iron_leggings":2,"minecraft:white_bed":1,"minecraft:torch":416},"minecraft:dropped":{"minecraft:iron_sword":1,"minecraft:soul_sand":1,"minecraft:ominous_bottle":1,"minecraft:diamond_axe":5,"minecraft:lapis_lazuli":58,"minecraft:oak_log":93,"minecraft:baked_potato":419,"minecraft:glow_ink_sac":2,"minecraft:glass_bottle":1,"minecraft:crafting_table":1,"minecraft:leather":12,"minecraft:jungle_planks":1,"minecraft:saddle":1,"minecraft:cod":2,"minecraft:emerald":2,"minecraft:dirt":1510,"minecraft:cornflower":1,"minecraft:cooked_cod":41,"minecraft:fishing_rod":1,"minecraft:gold_ingot":11,"minecraft:bone":351,"minecraft:gravel":8,"minecraft:golden_chestplate":2,"minecraft:cobbled_deepslate":331,"minecraft:obsidian":19,"minecraft:rotten_flesh":3,"minecraft:oak_planks":1,"minecraft:diamond_shovel":3,"minecraft:azure_bluet":2,"minecraft:chainmail_chestplate":1,"minecraft:poppy":1,"minecraft:gunpowder":1,"minecraft:leather_boots":5,"minecraft:chest":3,"minecraft:arrow":252,"minecraft:beef":3,"minecraft:netherrack":2,"minecraft:egg":5,"minecraft:water_bucket":4,"minecraft:golden_boots":2,"minecraft:iron_ingot":64,"minecraft:bread":1,"minecraft:oak_slab":18,"minecraft:wheat_seeds":76,"minecraft:mossy_cobblestone":6,"minecraft:diamond_leggings":2,"minecraft:poisonous_potato":12,"minecraft:iron_helmet":1,"minecraft:cobblestone":133,"minecraft:granite":85,"minecraft:chainmail_helmet":1,"minecraft:grass_block":1,"minecraft:golden_apple":1,"minecraft:pufferfish":1,"minecraft:stick":22,"minecraft:oxeye_daisy":4,"minecraft:diorite":9,"minecraft:torch":42,"minecraft:cooked_salmon":15,"minecraft:diamond_helmet":1,"minecraft:iron_leggings":2,"minecraft:string":39,"minecraft:bucket":1,"minecraft:redstone":4,"minecraft:redstone_block":1,"minecraft:dandelion":8,"minecraft:raw_copper":16,"minecraft:deepslate":1,"minecraft:tuff":17,"minecraft:stone_shovel":1,"minecraft:raw_iron":69,"minecraft:smoker":1,"minecraft:name_tag":2,"minecraft:cobbled_deepslate_slab":1,"minecraft:flint_and_steel":1,"minecraft:diamond_sword":4,"minecraft:shield":1,"minecraft:diamond_chestplate":1,"minecraft:iron_chestplate":2,"minecraft:diamond_pickaxe":5,"minecraft:andesite":1,"minecraft:oak_sapling":3,"minecraft:spider_eye":12,"minecraft:barrel":2,"minecraft:bamboo":2,"minecraft:bow":16,"minecraft:raw_gold":10},"minecraft:picked_up":{"minecraft:iron_chestplate":5,"minecraft:wheat":187,"minecraft:redstone_block":2,"minecraft:lead":1,"minecraft:diamond_sword":3,"minecraft:potion":1,"minecraft:enchanted_book":1,"minecraft:string":70,"minecraft:raw_copper":49,"minecraft:iron_leggings":3,"minecraft:sticky_piston":3,"minecraft:pufferfish":12,"minecraft:activator_rail":50,"minecraft:diamond_leggings":2,"minecraft:cobbled_deepslate":2374,"minecraft:bucket":4,"minecraft:redstone_torch":3,"minecraft:iron_pickaxe":8,"minecraft:furnace":13,"minecraft:iron_boots":9,"minecraft:stick":44,"minecraft:oak_fence":13,"minecraft:torch":366,"minecraft:acacia_log":11,"minecraft:porkchop":14,"minecraft:diorite":9,"minecraft:golden_chestplate":4,"minecraft:rotten_flesh":74,"minecraft:armadillo_scute":1,"minecraft:obsidian":27,"minecraft:cod":68,"minecraft:cobblestone":2243,"minecraft:feather":13,"minecraft:cooked_beef":253,"minecraft:repeater":1,"minecraft:water_bucket":15,"minecraft:andesite":5,"minecraft:jungle_log":2,"minecraft:smoker":3,"minecraft:potato":3021,"minecraft:tuff":24,"minecraft:lapis_lazuli":193,"minecraft:dirt":9864,"minecraft:name_tag":4,"minecraft:leather_boots":6,"minecraft:glass":17,"minecraft:bone":632,"minecraft:bow":20,"minecraft:wheat_seeds":771,"minecraft:cobbled_deepslate_wall":3,"minecraft:raw_gold":36,"minecraft:cobbled_deepslate_slab":11,"minecraft:diamond_helmet":1,"minecraft:bamboo":2,"minecraft:powered_rail":7,"minecraft:oak_planks":85,"minecraft:poisonous_potato":28,"minecraft:jungle_planks":1,"minecraft:grass_block":1,"minecraft:barrel":68,"minecraft:mossy_cobblestone":6,"minecraft:dispenser":90,"minecraft:diamond":190,"minecraft:deepslate":1,"minecraft:soul_lantern":4,"minecraft:lever":1,"minecraft:granite":169,"minecraft:bone_meal":33,"minecraft:golden_apple":3,"minecraft:emerald":8,"minecraft:chainmail_helmet":1,"minecraft:bread":3,"minecraft:oak_sapling":37,"minecraft:netherrack":16,"minecraft:diamond_pickaxe":10,"minecraft:fishing_rod":3,"minecraft:crafting_table":23,"minecraft:ominous_bottle":1,"minecraft:azure_bluet":6,"minecraft:chicken":12,"minecraft:chest_minecart":2,"minecraft:shield":5,"minecraft:cornflower":2,"minecraft:oak_trapdoor":3,"minecraft:beef":19,"minecraft:poppy":5,"minecraft:light_gray_wool":7,"minecraft:minecart":29,"minecraft:sugar_cane":184,"minecraft:chest":73,"minecraft:diamond_hoe":7,"minecraft:egg":24,"minecraft:raw_iron":350,"minecraft:bowl":3,"minecraft:stone_button":96,"minecraft:carrot":1801,"minecraft:redstone":484,"minecraft:stone_shovel":1,"minecraft:arrow":406,"minecraft:diamond_chestplate":1,"minecraft:cooked_cod":34,"minecraft:beetroot_seeds":3,"minecraft:saddle":4,"minecraft:gold_ingot":22,"minecraft:mutton":16,"minecraft:rail":159,"minecraft:white_wool":9,"minecraft:oxeye_daisy":6,"minecraft:glow_ink_sac":4,"minecraft:tripwire_hook":3,"minecraft:salmon":20,"minecraft:leather":35,"minecraft:oak_log":333,"minecraft:chainmail_chestplate":1,"minecraft:lily_pad":3,"minecraft:cobblestone_wall":330,"minecraft:golden_boots":2,"minecraft:cobbled_deepslate_stairs":22,"minecraft:gunpowder":23,"minecraft:white_banner":1,"minecraft:cooked_mutton":13,"minecraft:apple":2,"minecraft:kelp":192,"minecraft:oak_fence_gate":1,"minecraft:iron_ingot":86,"minecraft:stone_pickaxe":4,"minecraft:cooked_chicken":5,"minecraft:iron_sword":1,"minecraft:acacia_sapling":4,"minecraft:soul_sand":1,"minecraft:oak_slab":26,"minecraft:dandelion":25,"minecraft:gravel":12,"minecraft:white_bed":2,"minecraft:spider_eye":20,"minecraft:diamond_shovel":9,"minecraft:pumpkin_seeds":3,"minecraft:stone_axe":5,"minecraft:chainmail_leggings":5,"minecraft:iron_helmet":3,"minecraft:diamond_axe":8,"minecraft:baked_potato":204,"minecraft:coal":273,"minecraft:hopper":35,"minecraft:ender_pearl":1},"minecraft:killed":{"minecraft:cave_spider":3,"minecraft:spider":16,"minecraft:skeleton":355,"minecraft:chicken":11,"minecraft:cat":5,"minecraft:wolf":1,"minecraft:pig":8,"minecraft:zombie_villager":1,"minecraft:iron_golem":1,"minecraft:creeper":18,"minecraft:sheep":10,"minecraft:goat":4,"minecraft:zombie":49,"minecraft:donkey":1,"minecraft:glow_squid":1,"minecraft:cow":9,"minecraft:horse":1,"minecraft:drowned":3,"minecraft:bat":1,"minecraft:enderman":3}},"DataVersion":3953}