{"stats":{"minecraft:used":{"minecraft:spruce_slab":1323,"minecraft:dispenser":47,"minecraft:poppy":2,"minecraft:chest":143,"minecraft:rotten_flesh":14,"minecraft:soul_sand":6,"minecraft:stripped_spruce_log":100,"minecraft:lava_bucket":31,"minecraft:villager_spawn_egg":24,"minecraft:grass_block":1010,"minecraft:rabbit_stew":1,"minecraft:bow":685,"minecraft:furnace":16,"minecraft:oak_sapling":6,"minecraft:cooked_cod":12,"minecraft:egg":45,"minecraft:potato":3804,"minecraft:powered_rail":62,"minecraft:wooden_pickaxe":18,"minecraft:leather_chestplate":1,"minecraft:composter":4,"minecraft:blast_furnace":11,"minecraft:stone_button":14,"minecraft:lectern":1788,"minecraft:oak_pressure_plate":1,"minecraft:soul_lantern":4,"minecraft:pufferfish":11,"minecraft:diamond_sword":823,"minecraft:smithing_table":15,"minecraft:oak_boat":1,"minecraft:oak_trapdoor":10,"minecraft:enchanting_table":2,"minecraft:netherrack":4,"minecraft:torch":1068,"minecraft:anvil":9,"minecraft:chainmail_chestplate":1,"minecraft:oak_fence_gate":9,"minecraft:spruce_button":10,"minecraft:totem_of_undying":3,"minecraft:barrel":110,"minecraft:bamboo":78,"minecraft:iron_trapdoor":3,"minecraft:goat_horn":6,"minecraft:podzol":59,"minecraft:cobbled_deepslate":2312,"minecraft:wheat_seeds":1064,"minecraft:chiseled_bookshelf":1,"minecraft:water_bucket":624,"minecraft:fletching_table":31,"minecraft:glow_ink_sac":3,"minecraft:spruce_fence_gate":3,"minecraft:leather_boots":2,"minecraft:salmon":5,"minecraft:mossy_cobblestone":15,"minecraft:rail":1131,"minecraft:oak_slab":62,"minecraft:crafting_table":40,"minecraft:campfire":14,"minecraft:white_bed":11,"minecraft:spruce_log":2672,"minecraft:oak_log":152,"minecraft:diamond_pickaxe":14997,"minecraft:cornflower":1,"minecraft:diamond_shovel":23191,"minecraft:iron_pickaxe":263,"minecraft:spruce_pressure_plate":29,"minecraft:spruce_trapdoor":107,"minecraft:spruce_sapling":59,"minecraft:cobblestone":1049,"minecraft:potion":1,"minecraft:porkchop":1,"minecraft:cooked_porkchop":14,"minecraft:glass_pane":4,"minecraft:kelp":300,"minecraft:dandelion":3,"minecraft:iron_shovel":5,"minecraft:diamond_hoe":2273,"minecraft:oak_sign":2,"minecraft:shield":141,"minecraft:iron_sword":320,"minecraft:iron_chestplate":1,"minecraft:jungle_planks":1,"minecraft:carrot":2142,"minecraft:beehive":4,"minecraft:obsidian":6,"minecraft:glass":172,"minecraft:spruce_wood":140,"minecraft:lantern":157,"minecraft:iron_helmet":3,"minecraft:stone_bricks":115,"minecraft:repeater":148,"minecraft:magma_block":2,"minecraft:scaffolding":91,"minecraft:diamond_boots":1,"minecraft:stone_pickaxe":261,"minecraft:oak_planks":214,"minecraft:ender_pearl":1,"minecraft:redstone_block":6,"minecraft:sugar_cane":73,"minecraft:diamond_axe":7030,"minecraft:crossbow":24,"minecraft:cobbled_deepslate_stairs":120,"minecraft:redstone_torch":39,"minecraft:sticky_piston":5,"minecraft:lever":1,"minecraft:heavy_weighted_pressure_plate":1,"minecraft:bread":111,"minecraft:string":7,"minecraft:deepslate":4,"minecraft:gravel":1,"minecraft:grindstone":15,"minecraft:andesite":3,"minecraft:chain":124,"minecraft:smooth_stone_slab":2,"minecraft:chest_minecart":2,"minecraft:bone_meal":995,"minecraft:oak_fence":77,"minecraft:flint_and_steel":59,"minecraft:stone_shovel":1321,"minecraft:redstone":467,"minecraft:spruce_planks":2405,"minecraft:ender_chest":1,"minecraft:cooked_chicken":23,"minecraft:oak_door":3,"minecraft:dirt":16589,"minecraft:hopper":140,"minecraft:spruce_stairs":671,"minecraft:cobblestone_wall":237,"minecraft:spruce_fence":612,"minecraft:granite":3,"minecraft:bookshelf":61,"minecraft:oak_stairs":185,"minecraft:iron_boots":4,"minecraft:light_gray_wool":4,"minecraft:soul_soil":2,"minecraft:minecart":51,"minecraft:cooked_beef":88,"minecraft:iron_leggings":1,"minecraft:cobbled_deepslate_wall":5,"minecraft:cooked_mutton":28,"minecraft:cobblestone_stairs":357,"minecraft:baked_potato":337,"minecraft:spruce_sign":41,"minecraft:cobblestone_slab":427,"minecraft:smoker":54,"minecraft:piston":3,"minecraft:activator_rail":54,"minecraft:apple":1,"minecraft:stone_axe":180,"minecraft:fishing_rod":158,"minecraft:cobbled_deepslate_slab":19,"minecraft:white_banner":26,"minecraft:bucket":659,"minecraft:chainmail_leggings":1},"minecraft:picked_up":{"minecraft:iron_chestplate":21,"minecraft:chainmail_boots":34,"minecraft:anvil":2,"minecraft:smithing_table":10,"minecraft:lead":3,"minecraft:diamond_sword":4,"minecraft:oak_stairs":185,"minecraft:enchanted_book":11,"minecraft:string":2600,"minecraft:pufferfish":12,"minecraft:diamond_leggings":3,"minecraft:cobbled_deepslate":2395,"minecraft:spruce_planks":1536,"minecraft:spruce_pressure_plate":23,"minecraft:composter":3,"minecraft:acacia_log":12,"minecraft:golden_axe":1,"minecraft:golden_chestplate":9,"minecraft:armadillo_scute":1,"minecraft:bookshelf":19,"minecraft:cooked_beef":262,"minecraft:feather":13,"minecraft:water_bucket":27,"minecraft:jungle_log":6,"minecraft:smoker":52,"minecraft:flint":92,"minecraft:lantern":102,"minecraft:diamond_helmet":2,"minecraft:glowstone_dust":10,"minecraft:stripped_spruce_log":126,"minecraft:ink_sac":1,"minecraft:barrel":138,"minecraft:dispenser":102,"minecraft:deepslate":1,"minecraft:lever":1,"minecraft:granite":169,"minecraft:spruce_button":5,"minecraft:chainmail_helmet":43,"minecraft:bread":6,"minecraft:diamond_pickaxe":18,"minecraft:crafting_table":35,"minecraft:ominous_bottle":1,"minecraft:heavy_weighted_pressure_plate":2,"minecraft:cornflower":4,"minecraft:flint_and_steel":3,"minecraft:iron_shovel":3,"minecraft:glass_pane":3,"minecraft:beef":19,"minecraft:poppy":19,"minecraft:iron_nugget":9,"minecraft:spruce_slab":512,"minecraft:minecart":103,"minecraft:chest":110,"minecraft:piston":3,"minecraft:diamond_hoe":11,"minecraft:egg":57,"minecraft:stone":76,"minecraft:oak_door":3,"minecraft:spruce_fence":44,"minecraft:carrot":5431,"minecraft:redstone":831,"minecraft:stone_shovel":1,"minecraft:diamond_chestplate":2,"minecraft:cooked_cod":34,"minecraft:beetroot_seeds":3,"minecraft:diamond_boots":1,"minecraft:hay_block":42,"minecraft:gold_ingot":22,"minecraft:totem_of_undying":2,"minecraft:mutton":16,"minecraft:rail":1220,"minecraft:white_wool":15,"minecraft:oxeye_daisy":14,"minecraft:tripwire_hook":3,"minecraft:oak_log":467,"minecraft:lily_pad":3,"minecraft:golden_boots":3,"minecraft:white_banner":21,"minecraft:stone_bricks":3,"minecraft:apple":11,"minecraft:kelp":192,"minecraft:stone_pickaxe":4,"minecraft:oak_fence_gate":4,"minecraft:glass_bottle":2,"minecraft:iron_sword":4,"minecraft:gravel":42,"minecraft:spruce_sapling":59,"minecraft:spruce_log":2710,"minecraft:diamond_shovel":14,"minecraft:slime_ball":8,"minecraft:stone_axe":5,"minecraft:diamond_axe":23,"minecraft:baked_potato":1504,"minecraft:hopper":97,"minecraft:ender_pearl":1,"minecraft:wheat":489,"minecraft:redstone_block":2,"minecraft:yellow_wool":5,"minecraft:potion":2,"minecraft:raw_copper":321,"minecraft:iron_leggings":8,"minecraft:sticky_piston":5,"minecraft:activator_rail":148,"minecraft:bucket":14,"minecraft:redstone_torch":55,"minecraft:cobblestone_slab":428,"minecraft:iron_pickaxe":9,"minecraft:furnace":19,"minecraft:iron_boots":41,"minecraft:stick":168,"minecraft:oak_fence":56,"minecraft:torch":1038,"minecraft:spruce_stairs":213,"minecraft:porkchop":14,"minecraft:diorite":37,"minecraft:rotten_flesh":251,"minecraft:obsidian":78,"minecraft:cod":70,"minecraft:cobblestone":10535,"minecraft:enchanting_table":1,"minecraft:repeater":82,"minecraft:andesite":5,"minecraft:potato":11537,"minecraft:tuff":24,"minecraft:dirt":25201,"minecraft:lapis_lazuli":193,"minecraft:name_tag":4,"minecraft:leather_boots":7,"minecraft:glass":184,"minecraft:bone":665,"minecraft:bow":20,"minecraft:wheat_seeds":2147,"minecraft:cobbled_deepslate_wall":3,"minecraft:raw_gold":36,"minecraft:cobbled_deepslate_slab":11,"minecraft:bell":1,"minecraft:grindstone":10,"minecraft:fletching_table":36,"minecraft:bamboo":735,"minecraft:powered_rail":32,"minecraft:oak_planks":222,"minecraft:cooked_porkchop":46,"minecraft:poisonous_potato":72,"minecraft:oak_pressure_plate":1,"minecraft:jungle_planks":2,"minecraft:sand":25,"minecraft:grass_block":2227,"minecraft:mossy_cobblestone":34,"minecraft:jungle_slab":1,"minecraft:spruce_fence_gate":1,"minecraft:sugar":10,"minecraft:soul_lantern":4,"minecraft:diamond":195,"minecraft:crossbow":8,"minecraft:bone_meal":33,"minecraft:golden_apple":3,"minecraft:spruce_sign":34,"minecraft:emerald":52,"minecraft:oak_sapling":40,"minecraft:netherrack":43,"minecraft:fishing_rod":3,"minecraft:charcoal":10,"minecraft:azure_bluet":13,"minecraft:chicken":12,"minecraft:rabbit_stew":25,"minecraft:chest_minecart":2,"minecraft:chain":287,"minecraft:shield":5,"minecraft:oak_trapdoor":23,"minecraft:light_gray_wool":7,"minecraft:lectern":1783,"minecraft:sugar_cane":332,"minecraft:spruce_trapdoor":43,"minecraft:phantom_membrane":12,"minecraft:raw_iron":352,"minecraft:copper_ingot":1,"minecraft:bowl":3,"minecraft:stone_button":110,"minecraft:arrow":482,"minecraft:saddle":8,"minecraft:glow_ink_sac":4,"minecraft:salmon":22,"minecraft:leather":42,"minecraft:chainmail_chestplate":5,"minecraft:gunpowder":50,"minecraft:cobbled_deepslate_stairs":22,"minecraft:cobblestone_wall":359,"minecraft:cobblestone_stairs":400,"minecraft:cooked_mutton":13,"minecraft:podzol":65,"minecraft:spruce_wood":42,"minecraft:iron_ingot":93,"minecraft:cooked_chicken":11,"minecraft:stripped_oak_wood":2,"minecraft:acacia_sapling":4,"minecraft:soul_sand":1,"minecraft:book":59,"minecraft:scaffolding":280,"minecraft:oak_slab":55,"minecraft:emerald_block":38,"minecraft:dandelion":88,"minecraft:blast_furnace":10,"minecraft:white_bed":12,"minecraft:spider_eye":51,"minecraft:pumpkin_seeds":3,"minecraft:campfire":48,"minecraft:chainmail_leggings":5,"minecraft:iron_helmet":14,"minecraft:coal":471},"minecraft:dropped":{"minecraft:iron_sword":3,"minecraft:ominous_bottle":1,"minecraft:lapis_lazuli":58,"minecraft:glow_ink_sac":2,"minecraft:glass_bottle":3,"minecraft:diamond":5,"minecraft:crafting_table":4,"minecraft:saddle":1,"minecraft:rail":212,"minecraft:emerald":17,"minecraft:dirt":1646,"minecraft:chain":198,"minecraft:phantom_membrane":9,"minecraft:sugar":2,"minecraft:fishing_rod":1,"minecraft:bone":366,"minecraft:iron_nugget":17,"minecraft:golden_chestplate":3,"minecraft:cobbled_deepslate":338,"minecraft:obsidian":19,"minecraft:rotten_flesh":22,"minecraft:oak_planks":1,"minecraft:glowstone_dust":4,"minecraft:azure_bluet":2,"minecraft:heavy_weighted_pressure_plate":1,"minecraft:hopper":5,"minecraft:leather_boots":5,"minecraft:spruce_slab":414,"minecraft:beef":3,"minecraft:campfire":3,"minecraft:lectern":8,"minecraft:egg":6,"minecraft:iron_ingot":65,"minecraft:enchanted_book":3,"minecraft:golden_boots":3,"minecraft:wheat_seeds":231,"minecraft:cobblestone":954,"minecraft:iron_helmet":1,"minecraft:book":27,"minecraft:granite":85,"minecraft:spruce_button":2,"minecraft:chainmail_helmet":51,"minecraft:coal":8,"minecraft:golden_apple":1,"minecraft:pufferfish":1,"minecraft:oxeye_daisy":4,"minecraft:cooked_salmon":15,"minecraft:diamond_helmet":2,"minecraft:chainmail_leggings":1,"minecraft:iron_shovel":1,"minecraft:string":399,"minecraft:spruce_sapling":3,"minecraft:furnace":5,"minecraft:cobblestone_wall":3,"minecraft:deepslate":1,"minecraft:stone_shovel":1,"minecraft:iron_boots":37,"minecraft:name_tag":2,"minecraft:cobbled_deepslate_slab":1,"minecraft:spruce_fence":91,"minecraft:diamond_sword":5,"minecraft:potato":674,"minecraft:cobblestone_slab":137,"minecraft:spruce_trapdoor":5,"minecraft:spruce_planks":430,"minecraft:diamond_pickaxe":7,"minecraft:redstone_torch":13,"minecraft:spider_eye":13,"minecraft:barrel":2,"minecraft:bamboo":2,"minecraft:rabbit_stew":25,"minecraft:bow":17,"minecraft:soul_sand":1,"minecraft:diamond_axe":11,"minecraft:oak_log":93,"minecraft:baked_potato":739,"minecraft:leather":14,"minecraft:jungle_planks":1,"minecraft:cod":2,"minecraft:flint":8,"minecraft:cornflower":1,"minecraft:cooked_cod":41,"minecraft:stripped_oak_wood":1,"minecraft:gold_ingot":11,"minecraft:gravel":16,"minecraft:diamond_shovel":5,"minecraft:carrot":1283,"minecraft:chainmail_chestplate":2,"minecraft:poppy":4,"minecraft:oak_fence_gate":3,"minecraft:gunpowder":10,"minecraft:chest":5,"minecraft:chainmail_boots":48,"minecraft:spruce_wood":5,"minecraft:arrow":263,"minecraft:powered_rail":1,"minecraft:scaffolding":186,"minecraft:netherrack":6,"minecraft:water_bucket":5,"minecraft:bread":1,"minecraft:stripped_spruce_log":2,"minecraft:oak_slab":18,"minecraft:mossy_cobblestone":6,"minecraft:minecart":10,"minecraft:diamond_leggings":2,"minecraft:poisonous_potato":14,"minecraft:activator_rail":98,"minecraft:grass_block":264,"minecraft:stick":62,"minecraft:diorite":9,"minecraft:torch":86,"minecraft:iron_leggings":3,"minecraft:bucket":10,"minecraft:redstone_block":1,"minecraft:dandelion":18,"minecraft:redstone":7,"minecraft:raw_copper":31,"minecraft:tuff":17,"minecraft:raw_iron":69,"minecraft:smoker":1,"minecraft:flint_and_steel":1,"minecraft:shield":1,"minecraft:diamond_chestplate":2,"minecraft:iron_chestplate":18,"minecraft:andesite":1,"minecraft:oak_sapling":3,"minecraft:slime_ball":4,"minecraft:diamond_boots":1,"minecraft:spruce_log":375,"minecraft:raw_gold":10},"minecraft:killed":{"minecraft:cave_spider":3,"minecraft:skeleton":907,"minecraft:chicken":16,"minecraft:cat":7,"minecraft:iron_golem":2,"minecraft:pillager":24,"minecraft:goat":4,"minecraft:donkey":1,"minecraft:zombie":192,"minecraft:glow_squid":1,"minecraft:cow":11,"minecraft:vindicator":9,"minecraft:horse":1,"minecraft:enderman":6,"minecraft:witch":4,"minecraft:spider":49,"minecraft:wolf":2,"minecraft:pig":11,"minecraft:zombie_villager":2,"minecraft:creeper":40,"minecraft:sheep":10,"minecraft:vex":3,"minecraft:phantom":10,"minecraft:drowned":8,"minecraft:bat":1,"minecraft:villager":15},"minecraft:custom":{"minecraft:interact_with_crafting_table":185,"minecraft:open_barrel":189,"minecraft:bell_ring":10,"minecraft:leave_game":91,"minecraft:time_since_death":1817263,"minecraft:damage_blocked_by_shield":7354,"minecraft:play_time":3256178,"minecraft:deaths":23,"minecraft:jump":56135,"minecraft:enchant_item":24,"minecraft:interact_with_furnace":113,"minecraft:traded_with_villager":614,"minecraft:sleep_in_bed":62,"minecraft:damage_dealt":107663,"minecraft:interact_with_smoker":156,"minecraft:inspect_dispenser":121,"minecraft:horse_one_cm":90485,"minecraft:interact_with_anvil":45,"minecraft:inspect_hopper":135,"minecraft:sneak_time":473758,"minecraft:interact_with_blast_furnace":45,"minecraft:total_world_time":3256178,"minecraft:interact_with_stonecutter":2,"minecraft:time_since_rest":27969,"minecraft:swim_one_cm":236107,"minecraft:fly_one_cm":12761361,"minecraft:open_chest":1762,"minecraft:fish_caught":101,"minecraft:fall_one_cm":1002933,"minecraft:animals_bred":3,"minecraft:sprint_one_cm":9494213,"minecraft:drop":793,"minecraft:talked_to_villager":2647,"minecraft:walk_on_water_one_cm":358861,"minecraft:open_enderchest":3,"minecraft:player_kills":2,"minecraft:crouch_one_cm":2577223,"minecraft:mob_kills":1373,"minecraft:climb_one_cm":40377,"minecraft:walk_one_cm":8289631,"minecraft:raid_win":2,"minecraft:walk_under_water_one_cm":1449137,"minecraft:boat_one_cm":175146,"minecraft:interact_with_grindstone":24,"minecraft:damage_taken":23284,"minecraft:minecart_one_cm":284030,"minecraft:pig_one_cm":11496},"minecraft:mined":{"minecraft:white_bed":14,"minecraft:obsidian":23,"minecraft:granite":9,"minecraft:acacia_log":22,"minecraft:jungle_log":2,"minecraft:chiseled_tuff_bricks":1,"minecraft:hopper":81,"minecraft:oxeye_daisy":10,"minecraft:spawner":1,"minecraft:tall_seagrass":4,"minecraft:cobbled_deepslate":468,"minecraft:fire":27,"minecraft:sticky_piston":4,"minecraft:barrel":62,"minecraft:fletching_table":26,"minecraft:deepslate_lapis_ore":9,"minecraft:enchanting_table":1,"minecraft:dirt_path":617,"minecraft:oak_stairs":185,"minecraft:spruce_pressure_plate":19,"minecraft:spruce_wood":39,"minecraft:white_banner":4,"minecraft:tripwire":6,"minecraft:piston_head":1,"minecraft:smoker":50,"minecraft:soul_fire":2,"minecraft:torch":72,"minecraft:blast_furnace":6,"minecraft:spruce_wall_sign":8,"minecraft:glass":97,"minecraft:sugar_cane":139,"minecraft:spruce_sign":7,"minecraft:chain":49,"minecraft:repeater":82,"minecraft:wheat":507,"minecraft:waxed_copper_block":1,"minecraft:oak_fence_gate":3,"minecraft:piston":2,"minecraft:deepslate":2111,"minecraft:mossy_cobblestone":84,"minecraft:cobbled_deepslate_slab":11,"minecraft:spruce_fence":57,"minecraft:jungle_planks":2,"minecraft:redstone_wire":207,"minecraft:kelp":105,"minecraft:andesite":49,"minecraft:potatoes":1736,"minecraft:cobblestone_slab":242,"minecraft:vine":3,"minecraft:rail":890,"minecraft:bamboo_sapling":1,"minecraft:white_wool":6,"minecraft:ender_chest":1,"minecraft:smithing_table":10,"minecraft:oak_slab":28,"minecraft:redstone_block":1,"minecraft:glass_pane":7,"minecraft:dandelion":50,"minecraft:cobbled_deepslate_wall":3,"minecraft:cornflower":5,"minecraft:short_grass":1967,"minecraft:spruce_button":3,"minecraft:campfire":21,"minecraft:tall_grass":133,"minecraft:copper_ore":63,"minecraft:deepslate_gold_ore":14,"minecraft:diorite":55,"minecraft:cobblestone_wall":276,"minecraft:spruce_log":1725,"minecraft:gravel":138,"minecraft:cobweb":23,"minecraft:spruce_fence_gate":2,"minecraft:stone_bricks":3,"minecraft:deepslate_emerald_ore":2,"minecraft:fern":88,"minecraft:spruce_planks":644,"minecraft:farmland":11,"minecraft:cobbled_deepslate_stairs":22,"minecraft:jungle_slab":1,"minecraft:cobblestone_stairs":81,"minecraft:spruce_trapdoor":34,"minecraft:grass_block":10868,"minecraft:composter":3,"minecraft:tuff_bricks":4,"minecraft:iron_ore":124,"minecraft:anvil":2,"minecraft:azure_bluet":8,"minecraft:spruce_slab":430,"minecraft:deepslate_redstone_ore":13,"minecraft:poppy":8,"minecraft:chest":100,"minecraft:cobblestone":767,"minecraft:grindstone":10,"minecraft:oak_planks":131,"minecraft:wall_torch":69,"minecraft:seagrass":3,"minecraft:powered_rail":9,"minecraft:yellow_wool":5,"minecraft:activator_rail":50,"minecraft:light_gray_wool":2,"minecraft:stripped_oak_wood":2,"minecraft:oak_log":212,"minecraft:sand":74,"minecraft:dirt":12298,"minecraft:dispenser":8,"minecraft:netherrack":28,"minecraft:oak_leaves":25,"minecraft:tuff":66,"minecraft:deepslate_diamond_ore":83,"minecraft:lever":1,"minecraft:stone_button":5,"minecraft:spruce_leaves":8,"minecraft:hay_block":42,"minecraft:oak_trapdoor":15,"minecraft:furnace":11,"minecraft:heavy_weighted_pressure_plate":1,"minecraft:carrots":1378,"minecraft:stripped_spruce_log":124,"minecraft:bookshelf":21,"minecraft:deepslate_iron_ore":49,"minecraft:lantern":14,"minecraft:stone":9265,"minecraft:redstone_wall_torch":4,"minecraft:podzol":509,"minecraft:acacia_leaves":9,"minecraft:scaffolding":79,"minecraft:oak_fence":62,"minecraft:crafting_table":30,"minecraft:lectern":1769,"minecraft:lapis_ore":5,"minecraft:spruce_stairs":273,"minecraft:redstone_torch":13,"minecraft:white_wall_banner":7,"minecraft:coal_ore":160},"minecraft:killed_by":{"minecraft:vindicator":2,"minecraft:zombie":4,"minecraft:vex":1,"minecraft:cave_spider":1,"minecraft:player":9,"minecraft:skeleton":4},"minecraft:crafted":{"minecraft:chainmail_helmet":26,"minecraft:lever":1,"minecraft:diamond_shovel":1,"minecraft:bookshelf":1,"minecraft:cooked_mutton":16,"minecraft:diamond_helmet":1,"minecraft:emerald":1577,"minecraft:cooked_porkchop":158,"minecraft:diamond_axe":2,"minecraft:cobbled_deepslate_wall":6,"minecraft:fletching_table":10,"minecraft:campfire":4,"minecraft:iron_pickaxe":1,"minecraft:iron_block":3,"minecraft:gold_ingot":3,"minecraft:composter":2,"minecraft:spruce_fence_gate":2,"minecraft:rabbit_stew":21,"minecraft:stone_shovel":11,"minecraft:iron_nugget":126,"minecraft:bone_meal":867,"minecraft:spruce_fence":674,"minecraft:lantern":5,"minecraft:spruce_stairs":524,"minecraft:spruce_slab":1560,"minecraft:stone_pickaxe":3,"minecraft:diamond_boots":1,"minecraft:cobbled_deepslate_stairs":120,"minecraft:redstone_block":1,"minecraft:enchanted_book":40,"minecraft:jungle_slab":6,"minecraft:chainmail_boots":48,"minecraft:iron_leggings":2,"minecraft:white_bed":1,"minecraft:oak_planks":316,"minecraft:cobblestone_slab":174,"minecraft:barrel":6,"minecraft:cooked_chicken":236,"minecraft:stone":78,"minecraft:cobblestone_stairs":128,"minecraft:heavy_weighted_pressure_plate":1,"minecraft:spruce_pressure_plate":6,"minecraft:stone_brick_slab":36,"minecraft:bow":1,"minecraft:iron_boots":27,"minecraft:chest":21,"minecraft:stone_hoe":1,"minecraft:stone_bricks":132,"minecraft:smoker":5,"minecraft:oak_slab":42,"minecraft:arrow":16,"minecraft:crafting_table":15,"minecraft:spruce_planks":4340,"minecraft:wooden_pickaxe":1,"minecraft:baked_potato":936,"minecraft:iron_helmet":3,"minecraft:spruce_trapdoor":72,"minecraft:iron_chestplate":14,"minecraft:diamond_pickaxe":2,"minecraft:emerald_block":54,"minecraft:shield":4,"minecraft:stick":882,"minecraft:iron_ingot":112,"minecraft:redstone_torch":35,"minecraft:cobbled_deepslate_slab":12,"minecraft:fishing_rod":3,"minecraft:spruce_button":11,"minecraft:furnace":10,"minecraft:flint_and_steel":1,"minecraft:iron_axe":4,"minecraft:spruce_wood":114,"minecraft:cobblestone_wall":202,"minecraft:cooked_beef":24,"minecraft:cooked_cod":53,"minecraft:diamond_sword":3,"minecraft:spruce_sign":33,"minecraft:iron_sword":2,"minecraft:cooked_salmon":15,"minecraft:bucket":6,"minecraft:stone_axe":4,"minecraft:air":0,"minecraft:jungle_planks":28,"minecraft:oak_boat":1,"minecraft:anvil":1,"minecraft:torch":920,"minecraft:diamond_chestplate":1},"minecraft:broken":{"minecraft:iron_boots":1,"minecraft:diamond_pickaxe":2,"minecraft:iron_sword":1,"minecraft:fishing_rod":3,"minecraft:shield":1,"minecraft:iron_pickaxe":1,"minecraft:iron_helmet":2,"minecraft:iron_shovel":1,"minecraft:stone_pickaxe":2,"minecraft:stone_axe":2,"minecraft:stone_shovel":10,"minecraft:flint_and_steel":1,"minecraft:leather_chestplate":1,"minecraft:leather_boots":1}},"DataVersion":3953}