{"stats":{"minecraft:used":{"minecraft:diamond_hoe":21,"minecraft:chest":10,"minecraft:shield":88,"minecraft:iron_sword":10,"minecraft:rotten_flesh":21,"minecraft:jungle_planks":316,"minecraft:carrot":87,"minecraft:tuff":3,"minecraft:obsidian":1,"minecraft:golden_sword":35,"minecraft:bow":169,"minecraft:oak_sapling":40,"minecraft:furnace":13,"minecraft:cooked_cod":27,"minecraft:egg":11,"minecraft:potato":57,"minecraft:diorite":1,"minecraft:oak_planks":5,"minecraft:stone_pickaxe":162,"minecraft:jungle_fence":99,"minecraft:wooden_pickaxe":47,"minecraft:sugar_cane":24,"minecraft:diamond_axe":733,"minecraft:white_wool":32,"minecraft:blast_furnace":5,"minecraft:bread":54,"minecraft:pufferfish":1,"minecraft:diamond_sword":641,"minecraft:fire_charge":1,"minecraft:grindstone":3,"minecraft:cooked_rabbit":1,"minecraft:andesite":3,"minecraft:bone_meal":313,"minecraft:experience_bottle":2,"minecraft:enchanting_table":1,"minecraft:acacia_log":6,"minecraft:flint_and_steel":23,"minecraft:stone_shovel":44,"minecraft:cooked_salmon":15,"minecraft:cooked_chicken":10,"minecraft:torch":142,"minecraft:dirt":8838,"minecraft:spyglass":80,"minecraft:cobblestone_wall":358,"minecraft:diamond_helmet":1,"minecraft:iron_hoe":101,"minecraft:bookshelf":10,"minecraft:iron_axe":486,"minecraft:jungle_log":21,"minecraft:goat_horn":5,"minecraft:minecart":1,"minecraft:cooked_beef":14,"minecraft:cobbled_deepslate":47,"minecraft:wheat_seeds":59,"minecraft:cooked_mutton":26,"minecraft:water_bucket":52,"minecraft:cobblestone_stairs":48,"minecraft:baked_potato":82,"minecraft:crafting_table":21,"minecraft:white_bed":6,"minecraft:smoker":5,"minecraft:oak_log":62,"minecraft:diamond_pickaxe":5361,"minecraft:diamond_shovel":15307,"minecraft:chicken":1,"minecraft:iron_pickaxe":601,"minecraft:stone_slab":7,"minecraft:stone_axe":131,"minecraft:cobblestone":186,"minecraft:cooked_porkchop":39,"minecraft:bucket":53,"minecraft:yellow_bed":2,"minecraft:diamond_leggings":2},"minecraft:picked_up":{"minecraft:wheat":34,"minecraft:iron_chestplate":1,"minecraft:stone_slab":7,"minecraft:lead":11,"minecraft:diamond_sword":2,"minecraft:enchanted_book":4,"minecraft:golden_sword":1,"minecraft:string":165,"minecraft:raw_copper":39,"minecraft:cooked_salmon":15,"minecraft:sticky_piston":1,"minecraft:pufferfish":1,"minecraft:diamond_leggings":5,"minecraft:gold_nugget":11,"minecraft:cobbled_deepslate":86,"minecraft:bucket":1,"minecraft:iron_pickaxe":2,"minecraft:furnace":11,"minecraft:iron_boots":1,"minecraft:golden_helmet":1,"minecraft:stick":175,"minecraft:torch":71,"minecraft:acacia_log":29,"minecraft:porkchop":53,"minecraft:cherry_log":11,"minecraft:diorite":6,"minecraft:golden_chestplate":2,"minecraft:goat_horn":1,"minecraft:rotten_flesh":85,"minecraft:tropical_fish":1,"minecraft:armadillo_scute":2,"minecraft:obsidian":14,"minecraft:cobblestone":6297,"minecraft:pink_petals":15,"minecraft:leather_chestplate":1,"minecraft:feather":23,"minecraft:cooked_beef":1,"minecraft:cherry_planks":9,"minecraft:water_bucket":1,"minecraft:andesite":44,"minecraft:jungle_log":145,"minecraft:brown_wool":4,"minecraft:golden_leggings":1,"minecraft:smoker":4,"minecraft:potato":125,"minecraft:flint":27,"minecraft:tuff":55,"minecraft:lapis_lazuli":98,"minecraft:dirt":13214,"minecraft:leather_boots":2,"minecraft:bone":234,"minecraft:bow":20,"minecraft:wheat_seeds":372,"minecraft:raw_gold":1,"minecraft:grindstone":2,"minecraft:rabbit":1,"minecraft:diamond_helmet":3,"minecraft:oak_planks":41,"minecraft:poisonous_potato":2,"minecraft:jungle_planks":186,"minecraft:grass_block":2,"minecraft:dispenser":4,"minecraft:diamond":123,"minecraft:granite":89,"minecraft:bone_meal":562,"minecraft:emerald":4,"minecraft:chainmail_helmet":1,"minecraft:bread":98,"minecraft:oak_sapling":178,"minecraft:diamond_pickaxe":7,"minecraft:fishing_rod":1,"minecraft:cocoa_beans":9,"minecraft:crafting_table":18,"minecraft:azure_bluet":5,"minecraft:ominous_bottle":1,"minecraft:chicken":21,"minecraft:gold_block":1,"minecraft:shield":1,"minecraft:cornflower":3,"minecraft:iron_axe":1,"minecraft:flint_and_steel":1,"minecraft:beef":44,"minecraft:poppy":10,"minecraft:light_gray_wool":3,"minecraft:sugar_cane":89,"minecraft:chest":3,"minecraft:diamond_hoe":1,"minecraft:egg":30,"minecraft:raw_iron":242,"minecraft:fire_charge":1,"minecraft:carrot":224,"minecraft:redstone":1,"minecraft:diamond_chestplate":3,"minecraft:arrow":378,"minecraft:cooked_cod":27,"minecraft:diamond_boots":3,"minecraft:saddle":1,"minecraft:gold_ingot":22,"minecraft:mutton":41,"minecraft:white_wool":49,"minecraft:oxeye_daisy":6,"minecraft:glow_ink_sac":9,"minecraft:salmon":1,"minecraft:leather":45,"minecraft:jungle_fence":3,"minecraft:oak_log":523,"minecraft:cobblestone_stairs":25,"minecraft:gunpowder":31,"minecraft:cobblestone_wall":114,"minecraft:yellow_bed":3,"minecraft:golden_boots":2,"minecraft:white_banner":2,"minecraft:cooked_mutton":11,"minecraft:apple":30,"minecraft:gray_carpet":3,"minecraft:iron_ingot":42,"minecraft:stone_pickaxe":2,"minecraft:cooked_chicken":9,"minecraft:iron_sword":2,"minecraft:acacia_sapling":3,"minecraft:book":15,"minecraft:pumpkin":36,"minecraft:dandelion":46,"minecraft:gravel":12,"minecraft:amethyst_shard":8,"minecraft:blast_furnace":3,"minecraft:white_bed":9,"minecraft:spider_eye":14,"minecraft:diamond_shovel":10,"minecraft:stone_axe":1,"minecraft:chainmail_leggings":3,"minecraft:diamond_axe":9,"minecraft:gray_wool":15,"minecraft:baked_potato":249,"minecraft:coal":477,"minecraft:ender_pearl":2},"minecraft:broken":{"minecraft:golden_sword":1,"minecraft:iron_axe":2},"minecraft:mined":{"minecraft:large_amethyst_bud":2,"minecraft:white_bed":7,"minecraft:oak_sapling":5,"minecraft:farmland":10,"minecraft:cherry_log":11,"minecraft:cobblestone_stairs":26,"minecraft:sculk_vein":1,"minecraft:jungle_leaves":19,"minecraft:obsidian":14,"minecraft:granite":70,"minecraft:acacia_log":30,"minecraft:grass_block":10298,"minecraft:jungle_log":146,"minecraft:oxeye_daisy":1,"minecraft:iron_ore":126,"minecraft:cobbled_deepslate":5,"minecraft:fire":21,"minecraft:pumpkin":18,"minecraft:deepslate_lapis_ore":6,"minecraft:sculk_shrieker":2,"minecraft:dirt_path":1,"minecraft:small_amethyst_bud":1,"minecraft:smoker":3,"minecraft:amethyst_cluster":2,"minecraft:powder_snow":11,"minecraft:torch":16,"minecraft:blast_furnace":3,"minecraft:cobblestone":36,"minecraft:grindstone":2,"minecraft:sugar_cane":42,"minecraft:oak_planks":5,"minecraft:wall_torch":8,"minecraft:pink_petals":3,"minecraft:wheat":32,"minecraft:jukebox":1,"minecraft:light_gray_wool":2,"minecraft:oak_log":277,"minecraft:dirt":4838,"minecraft:tripwire_hook":1,"minecraft:dispenser":2,"minecraft:netherrack":1,"minecraft:oak_leaves":104,"minecraft:deepslate":64,"minecraft:infested_deepslate":2,"minecraft:tuff":7,"minecraft:deepslate_diamond_ore":35,"minecraft:jungle_planks":158,"minecraft:redstone_wire":1,"minecraft:furnace":11,"minecraft:carrots":47,"minecraft:andesite":42,"minecraft:gold_block":1,"minecraft:bookshelf":4,"minecraft:potatoes":30,"minecraft:deepslate_iron_ore":14,"minecraft:vine":21,"minecraft:stone":5276,"minecraft:white_wool":12,"minecraft:redstone_wall_torch":1,"minecraft:acacia_leaves":3,"minecraft:dandelion":7,"minecraft:oak_fence":1,"minecraft:crafting_table":15,"minecraft:cornflower":1,"minecraft:short_grass":481,"minecraft:sculk_sensor":2,"minecraft:stone_slab":5,"minecraft:tall_grass":85,"minecraft:copper_ore":8,"minecraft:lapis_ore":1,"minecraft:deepslate_gold_ore":1,"minecraft:sculk":2,"minecraft:diorite":6,"minecraft:gray_wool":14,"minecraft:cobblestone_wall":6,"minecraft:jungle_fence":3,"minecraft:bee_nest":1,"minecraft:white_wall_banner":1,"minecraft:yellow_bed":3,"minecraft:coal_ore":309,"minecraft:cherry_leaves":3,"minecraft:gravel":27,"minecraft:gray_carpet":4,"minecraft:deepslate_emerald_ore":1,"minecraft:fern":18},"minecraft:dropped":{"minecraft:diamond_axe":4,"minecraft:crafting_table":1,"minecraft:jungle_planks":4,"minecraft:flint":7,"minecraft:emerald":1,"minecraft:dirt":491,"minecraft:iron_pickaxe":2,"minecraft:white_wool":1,"minecraft:bone":2,"minecraft:gravel":11,"minecraft:stone_axe":2,"minecraft:goat_horn":1,"minecraft:cooked_chicken":5,"minecraft:golden_chestplate":1,"minecraft:rotten_flesh":17,"minecraft:diamond_shovel":5,"minecraft:cooked_mutton":12,"minecraft:azure_bluet":5,"minecraft:carrot":30,"minecraft:poppy":5,"minecraft:gunpowder":1,"minecraft:arrow":67,"minecraft:beef":2,"minecraft:egg":3,"minecraft:wheat_seeds":162,"minecraft:feather":14,"minecraft:cobblestone":65,"minecraft:granite":4,"minecraft:tropical_fish":1,"minecraft:oxeye_daisy":3,"minecraft:gray_wool":1,"minecraft:brown_wool":2,"minecraft:iron_axe":1,"minecraft:string":12,"minecraft:pink_petals":8,"minecraft:dandelion":26,"minecraft:redstone":1,"minecraft:cocoa_beans":6,"minecraft:tuff":31,"minecraft:sticky_piston":1,"minecraft:diamond_hoe":1,"minecraft:stone_shovel":1,"minecraft:chicken":1,"minecraft:light_gray_wool":1,"minecraft:diamond_sword":1,"minecraft:potato":16,"minecraft:diamond_pickaxe":3,"minecraft:spider_eye":3,"minecraft:stone_pickaxe":3,"minecraft:wooden_pickaxe":1},"minecraft:killed_by":{"minecraft:player":10,"minecraft:iron_golem":1,"minecraft:warden":2,"minecraft:skeleton":1},"minecraft:custom":{"minecraft:animals_bred":5,"minecraft:interact_with_crafting_table":108,"minecraft:open_barrel":10,"minecraft:leave_game":34,"minecraft:time_since_death":89567,"minecraft:sprint_one_cm":3018964,"minecraft:damage_blocked_by_shield":3879,"minecraft:drop":109,"minecraft:talked_to_villager":12,"minecraft:play_time":858662,"minecraft:deaths":17,"minecraft:jump":21510,"minecraft:walk_on_water_one_cm":49315,"minecraft:enchant_item":7,"minecraft:interact_with_furnace":120,"minecraft:sleep_in_bed":13,"minecraft:damage_dealt":72534,"minecraft:player_kills":1,"minecraft:crouch_one_cm":675309,"minecraft:interact_with_smoker":73,"minecraft:inspect_dispenser":1,"minecraft:mob_kills":608,"minecraft:interact_with_anvil":6,"minecraft:inspect_hopper":39,"minecraft:climb_one_cm":13087,"minecraft:walk_one_cm":2787645,"minecraft:target_hit":1,"minecraft:sneak_time":120139,"minecraft:walk_under_water_one_cm":147967,"minecraft:boat_one_cm":170545,"minecraft:interact_with_blast_furnace":39,"minecraft:total_world_time":858662,"minecraft:interact_with_grindstone":7,"minecraft:time_since_rest":89620,"minecraft:damage_taken":15166,"minecraft:minecart_one_cm":36992,"minecraft:swim_one_cm":287507,"minecraft:fly_one_cm":4957244,"minecraft:open_chest":448,"minecraft:fall_one_cm":557151},"minecraft:killed":{"minecraft:spider":42,"minecraft:skeleton":293,"minecraft:chicken":22,"minecraft:wolf":1,"minecraft:pig":24,"minecraft:iron_golem":1,"minecraft:creeper":27,"minecraft:sheep":30,"minecraft:pillager":2,"minecraft:zombie":109,"minecraft:stray":1,"minecraft:glow_squid":5,"minecraft:cow":19,"minecraft:armadillo":1,"minecraft:phantom":4,"minecraft:horse":1,"minecraft:drowned":1,"minecraft:rabbit":1,"minecraft:wandering_trader":1,"minecraft:villager":14,"minecraft:enderman":2},"minecraft:crafted":{"minecraft:grindstone":1,"minecraft:oak_planks":200,"minecraft:smooth_stone":3,"minecraft:cooked_chicken":15,"minecraft:stone":9,"minecraft:cobblestone_stairs":44,"minecraft:diamond_shovel":1,"minecraft:bookshelf":10,"minecraft:cooked_mutton":38,"minecraft:diamond_helmet":1,"minecraft:bow":2,"minecraft:diamond_leggings":1,"minecraft:iron_boots":2,"minecraft:chest":7,"minecraft:cooked_rabbit":1,"minecraft:smoker":2,"minecraft:cooked_porkchop":48,"minecraft:diamond_axe":1,"minecraft:crafting_table":7,"minecraft:iron_helmet":2,"minecraft:wooden_pickaxe":2,"minecraft:baked_potato":176,"minecraft:copper_ingot":5,"minecraft:iron_chestplate":2,"minecraft:book":21,"minecraft:paper":63,"minecraft:diamond_pickaxe":1,"minecraft:shield":3,"minecraft:stick":168,"minecraft:stone_slab":6,"minecraft:iron_ingot":114,"minecraft:iron_pickaxe":4,"minecraft:cherry_planks":44,"minecraft:stone_shovel":2,"minecraft:spyglass":1,"minecraft:furnace":7,"minecraft:blast_furnace":1,"minecraft:bone_meal":594,"minecraft:flint_and_steel":1,"minecraft:iron_axe":2,"minecraft:iron_hoe":1,"minecraft:stone_pickaxe":2,"minecraft:cobblestone_wall":444,"minecraft:diamond_boots":1,"minecraft:jungle_fence":141,"minecraft:cooked_beef":34,"minecraft:diamond_sword":1,"minecraft:enchanting_table":1,"minecraft:bucket":2,"minecraft:stone_axe":2,"minecraft:air":0,"minecraft:jungle_planks":480,"minecraft:iron_leggings":2,"minecraft:acacia_planks":72,"minecraft:torch":112,"minecraft:diamond_chestplate":1}},"DataVersion":3953}