{"stats":{"minecraft:crafted":{"minecraft:grindstone":1,"minecraft:smooth_stone":93,"minecraft:oak_planks":276,"minecraft:jungle_fence_gate":9,"minecraft:oak_sign":3,"minecraft:cooked_chicken":15,"minecraft:stone":144,"minecraft:cobblestone_stairs":44,"minecraft:diamond_shovel":1,"minecraft:bookshelf":16,"minecraft:cooked_mutton":38,"minecraft:glass":144,"minecraft:diamond_helmet":2,"minecraft:bow":7,"minecraft:diamond_leggings":3,"minecraft:iron_boots":2,"minecraft:chest":13,"minecraft:cod_bucket":4,"minecraft:rail":160,"minecraft:cooked_rabbit":1,"minecraft:smoker":2,"minecraft:emerald":445,"minecraft:cooked_porkchop":48,"minecraft:diamond_axe":2,"minecraft:crafting_table":7,"minecraft:spruce_planks":8,"minecraft:iron_helmet":2,"minecraft:wooden_pickaxe":2,"minecraft:baked_potato":176,"minecraft:copper_ingot":5,"minecraft:fletching_table":15,"minecraft:campfire":9,"minecraft:iron_chestplate":2,"minecraft:book":21,"minecraft:paper":63,"minecraft:diamond_pickaxe":2,"minecraft:shield":3,"minecraft:stick":276,"minecraft:stone_slab":6,"minecraft:iron_ingot":169,"minecraft:iron_pickaxe":4,"minecraft:redstone_torch":19,"minecraft:shears":1,"minecraft:cherry_planks":44,"minecraft:stone_shovel":2,"minecraft:smooth_stone_slab":54,"minecraft:spyglass":1,"minecraft:diamond_hoe":1,"minecraft:furnace":7,"minecraft:blast_furnace":1,"minecraft:bone_meal":594,"minecraft:flint_and_steel":1,"minecraft:iron_axe":2,"minecraft:iron_hoe":1,"minecraft:stone_pickaxe":2,"minecraft:cobblestone_wall":444,"minecraft:diamond_boots":2,"minecraft:spruce_boat":1,"minecraft:jungle_fence":141,"minecraft:cooked_beef":34,"minecraft:diamond_sword":2,"minecraft:enchanting_table":1,"minecraft:bucket":2,"minecraft:stone_axe":2,"minecraft:enchanted_book":16,"minecraft:air":0,"minecraft:jungle_planks":480,"minecraft:oak_boat":3,"minecraft:iron_leggings":2,"minecraft:stonecutter":1,"minecraft:acacia_planks":128,"minecraft:torch":120,"minecraft:diamond_chestplate":2},"minecraft:broken":{"minecraft:golden_sword":1,"minecraft:iron_axe":2,"minecraft:leather_boots":1,"minecraft:iron_helmet":1},"minecraft:mined":{"minecraft:large_amethyst_bud":2,"minecraft:white_bed":12,"minecraft:oak_sapling":5,"minecraft:farmland":11,"minecraft:cherry_log":11,"minecraft:cobblestone_stairs":48,"minecraft:sculk_vein":1,"minecraft:jungle_leaves":19,"minecraft:obsidian":14,"minecraft:granite":98,"minecraft:acacia_log":44,"minecraft:grass_block":10373,"minecraft:jungle_log":146,"minecraft:hopper":6,"minecraft:oxeye_daisy":1,"minecraft:smooth_stone":7,"minecraft:iron_ore":128,"minecraft:cobbled_deepslate":154,"minecraft:fire":24,"minecraft:pumpkin":18,"minecraft:fletching_table":8,"minecraft:deepslate_lapis_ore":17,"minecraft:sculk_shrieker":2,"minecraft:dirt_path":1,"minecraft:small_amethyst_bud":1,"minecraft:tripwire":3,"minecraft:deepslate_redstone_ore":56,"minecraft:smoker":3,"minecraft:amethyst_cluster":2,"minecraft:powder_snow":11,"minecraft:clay":11,"minecraft:torch":17,"minecraft:blast_furnace":3,"minecraft:chest":6,"minecraft:glass":33,"minecraft:cobblestone":139,"minecraft:grindstone":2,"minecraft:sugar_cane":42,"minecraft:oak_planks":13,"minecraft:wall_torch":13,"minecraft:pink_petals":3,"minecraft:powered_rail":19,"minecraft:wheat":32,"minecraft:jukebox":1,"minecraft:light_gray_wool":2,"minecraft:smooth_stone_slab":4,"minecraft:oak_log":296,"minecraft:sand":166,"minecraft:dirt":4851,"minecraft:tripwire_hook":1,"minecraft:dispenser":2,"minecraft:netherrack":1,"minecraft:oak_leaves":104,"minecraft:deepslate":2230,"minecraft:infested_deepslate":2,"minecraft:tuff":122,"minecraft:deepslate_diamond_ore":82,"minecraft:jungle_planks":316,"minecraft:redstone_wire":1,"minecraft:furnace":11,"minecraft:carrots":47,"minecraft:andesite":42,"minecraft:gold_block":1,"minecraft:bookshelf":10,"minecraft:potatoes":30,"minecraft:deepslate_iron_ore":21,"minecraft:vine":21,"minecraft:rail":104,"minecraft:stone":5392,"minecraft:white_wool":12,"minecraft:redstone_wall_torch":1,"minecraft:podzol":4,"minecraft:acacia_leaves":170,"minecraft:dandelion":7,"minecraft:oak_fence":1,"minecraft:crafting_table":15,"minecraft:cornflower":1,"minecraft:short_grass":482,"minecraft:sculk_sensor":2,"minecraft:stone_slab":5,"minecraft:copper_ore":8,"minecraft:tall_grass":85,"minecraft:lapis_ore":1,"minecraft:deepslate_gold_ore":21,"minecraft:sculk":2,"minecraft:diorite":20,"minecraft:gray_wool":14,"minecraft:cobblestone_wall":6,"minecraft:spruce_log":2,"minecraft:jungle_fence":3,"minecraft:white_wall_banner":1,"minecraft:bee_nest":1,"minecraft:yellow_bed":3,"minecraft:coal_ore":309,"minecraft:cherry_leaves":3,"minecraft:gravel":62,"minecraft:gray_carpet":4,"minecraft:acacia_planks":2,"minecraft:deepslate_emerald_ore":1,"minecraft:fern":18},"minecraft:dropped":{"minecraft:diamond_axe":5,"minecraft:crafting_table":1,"minecraft:crossbow":1,"minecraft:jungle_planks":4,"minecraft:rail":12,"minecraft:flint":7,"minecraft:emerald":1,"minecraft:dirt":493,"minecraft:sugar":1,"minecraft:iron_pickaxe":2,"minecraft:white_wool":1,"minecraft:bone":2,"minecraft:gravel":44,"minecraft:stone_axe":2,"minecraft:goat_horn":1,"minecraft:cooked_chicken":5,"minecraft:golden_chestplate":1,"minecraft:cobbled_deepslate":208,"minecraft:rotten_flesh":17,"minecraft:diamond_shovel":5,"minecraft:glowstone_dust":2,"minecraft:cooked_mutton":12,"minecraft:azure_bluet":5,"minecraft:white_bed":1,"minecraft:carrot":30,"minecraft:poppy":5,"minecraft:gunpowder":4,"minecraft:arrow":68,"minecraft:beef":2,"minecraft:egg":3,"minecraft:wheat_seeds":162,"minecraft:minecart":2,"minecraft:diamond_leggings":1,"minecraft:feather":14,"minecraft:cobblestone":65,"minecraft:granite":4,"minecraft:tropical_fish":1,"minecraft:oxeye_daisy":3,"minecraft:gray_wool":1,"minecraft:brown_wool":2,"minecraft:iron_axe":1,"minecraft:string":14,"minecraft:pink_petals":8,"minecraft:dandelion":26,"minecraft:redstone":12,"minecraft:cocoa_beans":6,"minecraft:sticky_piston":1,"minecraft:tuff":31,"minecraft:diamond_hoe":1,"minecraft:stone_shovel":1,"minecraft:chicken":1,"minecraft:light_gray_wool":1,"minecraft:diamond_sword":1,"minecraft:potato":16,"minecraft:stone":41,"minecraft:diamond_pickaxe":7,"minecraft:spider_eye":3,"minecraft:stone_pickaxe":3,"minecraft:wooden_pickaxe":1},"minecraft:custom":{"minecraft:animals_bred":5,"minecraft:interact_with_crafting_table":139,"minecraft:open_barrel":21,"minecraft:bell_ring":8,"minecraft:leave_game":46,"minecraft:time_since_death":356565,"minecraft:sprint_one_cm":3763130,"minecraft:damage_blocked_by_shield":3879,"minecraft:drop":137,"minecraft:talked_to_villager":147,"minecraft:play_time":1125660,"minecraft:deaths":17,"minecraft:jump":27337,"minecraft:walk_on_water_one_cm":59641,"minecraft:enchant_item":7,"minecraft:interact_with_furnace":187,"minecraft:traded_with_villager":480,"minecraft:sleep_in_bed":15,"minecraft:damage_dealt":81654,"minecraft:player_kills":1,"minecraft:crouch_one_cm":962826,"minecraft:interact_with_smoker":78,"minecraft:inspect_dispenser":2,"minecraft:interact_with_anvil":22,"minecraft:mob_kills":724,"minecraft:inspect_hopper":41,"minecraft:climb_one_cm":13156,"minecraft:walk_one_cm":3183472,"minecraft:target_hit":1,"minecraft:raid_win":1,"minecraft:sneak_time":176692,"minecraft:walk_under_water_one_cm":166022,"minecraft:boat_one_cm":171288,"minecraft:interact_with_blast_furnace":46,"minecraft:total_world_time":1125660,"minecraft:interact_with_stonecutter":1,"minecraft:interact_with_grindstone":9,"minecraft:time_since_rest":104903,"minecraft:damage_taken":17883,"minecraft:minecart_one_cm":68089,"minecraft:swim_one_cm":402795,"minecraft:fly_one_cm":6283407,"minecraft:open_chest":885,"minecraft:fall_one_cm":680464},"minecraft:killed":{"minecraft:witch":2,"minecraft:spider":42,"minecraft:skeleton":378,"minecraft:chicken":22,"minecraft:wolf":1,"minecraft:pig":24,"minecraft:iron_golem":1,"minecraft:creeper":27,"minecraft:sheep":30,"minecraft:pillager":8,"minecraft:zombie":114,"minecraft:stray":1,"minecraft:glow_squid":5,"minecraft:cow":19,"minecraft:evoker":3,"minecraft:vex":6,"minecraft:armadillo":1,"minecraft:vindicator":4,"minecraft:phantom":9,"minecraft:horse":1,"minecraft:drowned":1,"minecraft:rabbit":1,"minecraft:wandering_trader":1,"minecraft:villager":14,"minecraft:enderman":2},"minecraft:picked_up":{"minecraft:wheat":34,"minecraft:iron_chestplate":1,"minecraft:stone_slab":7,"minecraft:lead":11,"minecraft:diamond_sword":2,"minecraft:enchanted_book":5,"minecraft:golden_sword":1,"minecraft:string":3394,"minecraft:raw_copper":39,"minecraft:cooked_salmon":15,"minecraft:smooth_stone_slab":3,"minecraft:sticky_piston":1,"minecraft:pufferfish":1,"minecraft:diamond_leggings":5,"minecraft:cobbled_deepslate":808,"minecraft:gold_nugget":11,"minecraft:smooth_stone":3,"minecraft:bucket":1,"minecraft:redstone_torch":2,"minecraft:iron_pickaxe":2,"minecraft:furnace":11,"minecraft:iron_boots":1,"minecraft:golden_helmet":1,"minecraft:stick":175,"minecraft:torch":76,"minecraft:acacia_log":43,"minecraft:porkchop":53,"minecraft:cherry_log":11,"minecraft:diorite":6,"minecraft:golden_chestplate":2,"minecraft:goat_horn":1,"minecraft:rotten_flesh":91,"minecraft:tropical_fish":1,"minecraft:armadillo_scute":2,"minecraft:obsidian":14,"minecraft:cobblestone":6351,"minecraft:pink_petals":15,"minecraft:leather_chestplate":1,"minecraft:feather":23,"minecraft:cooked_beef":1,"minecraft:cherry_planks":9,"minecraft:water_bucket":1,"minecraft:andesite":44,"minecraft:jungle_log":145,"minecraft:brown_wool":4,"minecraft:acacia_leaves":159,"minecraft:golden_leggings":1,"minecraft:smoker":4,"minecraft:potato":125,"minecraft:flint":27,"minecraft:tuff":119,"minecraft:lapis_lazuli":193,"minecraft:dirt":13271,"minecraft:leather_boots":2,"minecraft:bone":235,"minecraft:acacia_planks":2,"minecraft:bow":20,"minecraft:wheat_seeds":372,"minecraft:raw_gold":33,"minecraft:grindstone":2,"minecraft:fletching_table":9,"minecraft:glowstone_dust":2,"minecraft:rabbit":1,"minecraft:diamond_helmet":3,"minecraft:powered_rail":32,"minecraft:oak_planks":49,"minecraft:poisonous_potato":2,"minecraft:sand":125,"minecraft:jungle_planks":343,"minecraft:grass_block":2,"minecraft:dispenser":4,"minecraft:sugar":1,"minecraft:diamond":201,"minecraft:crossbow":2,"minecraft:granite":89,"minecraft:bone_meal":562,"minecraft:emerald":7,"minecraft:chainmail_helmet":1,"minecraft:bread":98,"minecraft:oak_sapling":178,"minecraft:diamond_pickaxe":11,"minecraft:fishing_rod":1,"minecraft:cocoa_beans":9,"minecraft:crafting_table":18,"minecraft:azure_bluet":5,"minecraft:ominous_bottle":1,"minecraft:chicken":21,"minecraft:leather_leggings":1,"minecraft:gold_block":1,"minecraft:shield":1,"minecraft:cornflower":3,"minecraft:iron_axe":1,"minecraft:flint_and_steel":1,"minecraft:beef":44,"minecraft:poppy":11,"minecraft:light_gray_wool":3,"minecraft:minecart":4,"minecraft:sugar_cane":89,"minecraft:chest":10,"minecraft:phantom_membrane":2,"minecraft:diamond_hoe":1,"minecraft:egg":35,"minecraft:raw_iron":255,"minecraft:fire_charge":1,"minecraft:carrot":224,"minecraft:redstone":261,"minecraft:arrow":380,"minecraft:diamond_chestplate":3,"minecraft:cooked_cod":27,"minecraft:diamond_boots":3,"minecraft:totem_of_undying":1,"minecraft:saddle":1,"minecraft:gold_ingot":22,"minecraft:mutton":41,"minecraft:rail":182,"minecraft:white_wool":49,"minecraft:oxeye_daisy":6,"minecraft:glow_ink_sac":9,"minecraft:salmon":1,"minecraft:leather":45,"minecraft:jungle_fence":3,"minecraft:oak_log":542,"minecraft:chainmail_chestplate":1,"minecraft:cobblestone_stairs":47,"minecraft:cobblestone_wall":114,"minecraft:yellow_bed":3,"minecraft:golden_boots":2,"minecraft:gunpowder":34,"minecraft:white_banner":2,"minecraft:cooked_mutton":11,"minecraft:apple":30,"minecraft:gray_carpet":3,"minecraft:iron_ingot":48,"minecraft:stone_pickaxe":2,"minecraft:cooked_chicken":9,"minecraft:iron_sword":2,"minecraft:acacia_sapling":3,"minecraft:book":33,"minecraft:pumpkin":36,"minecraft:dandelion":46,"minecraft:gravel":45,"minecraft:amethyst_shard":8,"minecraft:blast_furnace":3,"minecraft:white_bed":14,"minecraft:spruce_log":2,"minecraft:spider_eye":14,"minecraft:diamond_shovel":11,"minecraft:stone_axe":1,"minecraft:chainmail_leggings":4,"minecraft:diamond_axe":10,"minecraft:gray_wool":15,"minecraft:baked_potato":313,"minecraft:coal":477,"minecraft:hopper":6,"minecraft:ender_pearl":2},"minecraft:killed_by":{"minecraft:player":10,"minecraft:iron_golem":1,"minecraft:warden":2,"minecraft:skeleton":1},"minecraft:used":{"minecraft:diamond_hoe":22,"minecraft:chest":23,"minecraft:shield":88,"minecraft:iron_sword":10,"minecraft:rotten_flesh":21,"minecraft:jungle_planks":316,"minecraft:carrot":87,"minecraft:tuff":3,"minecraft:obsidian":1,"minecraft:spruce_boat":1,"minecraft:glass":178,"minecraft:jungle_fence_gate":9,"minecraft:golden_sword":35,"minecraft:bow":171,"minecraft:oak_sapling":40,"minecraft:furnace":13,"minecraft:cooked_cod":27,"minecraft:egg":15,"minecraft:potato":57,"minecraft:diorite":1,"minecraft:oak_planks":13,"minecraft:stone_pickaxe":162,"minecraft:powered_rail":27,"minecraft:jungle_fence":99,"minecraft:wooden_pickaxe":47,"minecraft:sugar_cane":24,"minecraft:diamond_axe":971,"minecraft:white_wool":32,"minecraft:blast_furnace":5,"minecraft:acacia_leaves":64,"minecraft:shears":167,"minecraft:redstone_torch":11,"minecraft:string":3,"minecraft:bread":54,"minecraft:pufferfish":1,"minecraft:diamond_sword":777,"minecraft:fire_charge":1,"minecraft:grindstone":3,"minecraft:cooked_rabbit":1,"minecraft:andesite":3,"minecraft:smooth_stone_slab":51,"minecraft:oak_boat":3,"minecraft:bone_meal":313,"minecraft:experience_bottle":2,"minecraft:acacia_log":6,"minecraft:flint_and_steel":25,"minecraft:enchanting_table":1,"minecraft:stone_shovel":44,"minecraft:cooked_salmon":15,"minecraft:cooked_chicken":10,"minecraft:torch":157,"minecraft:dirt":8854,"minecraft:spyglass":80,"minecraft:hopper":15,"minecraft:cobblestone_wall":358,"minecraft:diamond_helmet":1,"minecraft:cod_bucket":4,"minecraft:iron_hoe":101,"minecraft:bookshelf":16,"minecraft:iron_axe":486,"minecraft:jungle_log":21,"minecraft:goat_horn":19,"minecraft:minecart":3,"minecraft:cooked_beef":14,"minecraft:cobbled_deepslate":333,"minecraft:acacia_planks":57,"minecraft:wheat_seeds":59,"minecraft:cooked_mutton":26,"minecraft:water_bucket":57,"minecraft:cobblestone_stairs":48,"minecraft:baked_potato":176,"minecraft:fletching_table":21,"minecraft:stonecutter":1,"minecraft:rail":204,"minecraft:crafting_table":21,"minecraft:white_bed":28,"minecraft:campfire":9,"minecraft:smoker":5,"minecraft:oak_log":62,"minecraft:diamond_pickaxe":8357,"minecraft:diamond_shovel":15609,"minecraft:chicken":1,"minecraft:iron_pickaxe":601,"minecraft:stone_slab":7,"minecraft:stone_axe":131,"minecraft:cobblestone":871,"minecraft:cooked_porkchop":39,"minecraft:bucket":58,"minecraft:yellow_bed":2,"minecraft:diamond_leggings":2,"minecraft:smooth_stone":57,"minecraft:chainmail_leggings":1}},"DataVersion":3953}