{"stats":{"minecraft:crafted":{"minecraft:cherry_planks":44,"minecraft:smooth_stone":3,"minecraft:oak_planks":44,"minecraft:stone_shovel":2,"minecraft:cooked_chicken":13,"minecraft:furnace":6,"minecraft:blast_furnace":1,"minecraft:stone":6,"minecraft:cooked_mutton":32,"minecraft:bow":1,"minecraft:iron_boots":2,"minecraft:iron_axe":2,"minecraft:stone_pickaxe":2,"minecraft:cooked_rabbit":1,"minecraft:smoker":1,"minecraft:cooked_beef":25,"minecraft:cooked_porkchop":31,"minecraft:diamond_axe":1,"minecraft:crafting_table":4,"minecraft:wooden_pickaxe":2,"minecraft:iron_helmet":2,"minecraft:bucket":2,"minecraft:stone_axe":2,"minecraft:air":0,"minecraft:iron_chestplate":2,"minecraft:shield":3,"minecraft:stick":64,"minecraft:iron_ingot":101,"minecraft:iron_pickaxe":4,"minecraft:iron_leggings":2,"minecraft:torch":88},"minecraft:broken":{"minecraft:golden_sword":1,"minecraft:iron_axe":1},"minecraft:mined":{"minecraft:infested_deepslate":2,"minecraft:large_amethyst_bud":2,"minecraft:tuff":7,"minecraft:deepslate_diamond_ore":35,"minecraft:cherry_log":11,"minecraft:sculk_vein":1,"minecraft:granite":3,"minecraft:grass_block":14,"minecraft:redstone_wire":1,"minecraft:furnace":9,"minecraft:cobbled_deepslate":5,"minecraft:iron_ore":126,"minecraft:fire":1,"minecraft:andesite":1,"minecraft:deepslate_lapis_ore":6,"minecraft:sculk_shrieker":2,"minecraft:deepslate_iron_ore":14,"minecraft:small_amethyst_bud":1,"minecraft:stone":268,"minecraft:white_wool":12,"minecraft:amethyst_cluster":2,"minecraft:powder_snow":11,"minecraft:crafting_table":11,"minecraft:short_grass":28,"minecraft:blast_furnace":2,"minecraft:sculk_sensor":2,"minecraft:tall_grass":5,"minecraft:cobblestone":6,"minecraft:lapis_ore":1,"minecraft:deepslate_gold_ore":1,"minecraft:oak_planks":1,"minecraft:sculk":2,"minecraft:diorite":6,"minecraft:wall_torch":2,"minecraft:pink_petals":3,"minecraft:gray_wool":14,"minecraft:oak_log":15,"minecraft:coal_ore":198,"minecraft:cherry_leaves":3,"minecraft:gravel":15,"minecraft:dirt":36,"minecraft:gray_carpet":4,"minecraft:oak_leaves":8,"minecraft:deepslate_emerald_ore":1,"minecraft:deepslate":64},"minecraft:dropped":{"minecraft:wheat_seeds":2,"minecraft:crafting_table":1,"minecraft:feather":14,"minecraft:granite":4,"minecraft:flint":6,"minecraft:emerald":1,"minecraft:gray_wool":1,"minecraft:brown_wool":2,"minecraft:iron_axe":1,"minecraft:iron_pickaxe":2,"minecraft:string":1,"minecraft:pink_petals":8,"minecraft:white_wool":1,"minecraft:redstone":1,"minecraft:gravel":11,"minecraft:stone_axe":2,"minecraft:cooked_chicken":5,"minecraft:tuff":7,"minecraft:stone_shovel":1,"minecraft:light_gray_wool":1,"minecraft:cooked_mutton":12,"minecraft:wooden_pickaxe":1,"minecraft:stone_pickaxe":3},"minecraft:custom":{"minecraft:mob_kills":222,"minecraft:interact_with_crafting_table":53,"minecraft:leave_game":8,"minecraft:time_since_death":71773,"minecraft:climb_one_cm":2394,"minecraft:sprint_one_cm":712401,"minecraft:walk_one_cm":359403,"minecraft:damage_blocked_by_shield":3348,"minecraft:drop":28,"minecraft:target_hit":1,"minecraft:play_time":229650,"minecraft:deaths":3,"minecraft:sneak_time":52194,"minecraft:walk_under_water_one_cm":18896,"minecraft:jump":6050,"minecraft:interact_with_blast_furnace":25,"minecraft:walk_on_water_one_cm":25460,"minecraft:total_world_time":229650,"minecraft:interact_with_furnace":80,"minecraft:time_since_rest":71799,"minecraft:damage_taken":4393,"minecraft:damage_dealt":33210,"minecraft:swim_one_cm":78805,"minecraft:fly_one_cm":1389869,"minecraft:open_chest":14,"minecraft:crouch_one_cm":236040,"minecraft:interact_with_smoker":30,"minecraft:fall_one_cm":195805},"minecraft:killed":{"minecraft:spider":21,"minecraft:skeleton":41,"minecraft:chicken":17,"minecraft:pig":22,"minecraft:rabbit":1,"minecraft:creeper":10,"minecraft:sheep":30,"minecraft:pillager":2,"minecraft:zombie":52,"minecraft:glow_squid":5,"minecraft:cow":17},"minecraft:picked_up":{"minecraft:crafting_table":12,"minecraft:ominous_bottle":1,"minecraft:chicken":16,"minecraft:golden_sword":1,"minecraft:string":11,"minecraft:iron_axe":1,"minecraft:gold_nugget":11,"minecraft:cobbled_deepslate":66,"minecraft:beef":37,"minecraft:iron_pickaxe":2,"minecraft:light_gray_wool":1,"minecraft:egg":1,"minecraft:furnace":9,"minecraft:golden_helmet":1,"minecraft:raw_iron":178,"minecraft:torch":17,"minecraft:fire_charge":1,"minecraft:porkchop":49,"minecraft:cherry_log":11,"minecraft:diorite":6,"minecraft:redstone":1,"minecraft:arrow":40,"minecraft:rotten_flesh":35,"minecraft:mutton":41,"minecraft:cobblestone":318,"minecraft:white_wool":49,"minecraft:pink_petals":15,"minecraft:feather":22,"minecraft:cooked_beef":1,"minecraft:cherry_planks":9,"minecraft:glow_ink_sac":9,"minecraft:andesite":3,"minecraft:brown_wool":4,"minecraft:leather":31,"minecraft:flint":6,"minecraft:tuff":7,"minecraft:oak_log":19,"minecraft:gunpowder":10,"minecraft:lapis_lazuli":47,"minecraft:dirt":62,"minecraft:white_banner":1,"minecraft:cooked_mutton":11,"minecraft:bone":31,"minecraft:gray_carpet":3,"minecraft:bow":3,"minecraft:wheat_seeds":2,"minecraft:raw_gold":1,"minecraft:stone_pickaxe":2,"minecraft:iron_ingot":34,"minecraft:cooked_chicken":9,"minecraft:rabbit":1,"minecraft:oak_planks":7,"minecraft:iron_sword":1,"minecraft:gravel":12,"minecraft:amethyst_shard":8,"minecraft:blast_furnace":2,"minecraft:spider_eye":8,"minecraft:diamond":35,"minecraft:stone_axe":1,"minecraft:granite":4,"minecraft:gray_wool":15,"minecraft:emerald":2,"minecraft:oak_sapling":2,"minecraft:coal":349},"minecraft:killed_by":{"minecraft:warden":2},"minecraft:used":{"minecraft:stone_shovel":44,"minecraft:diamond_hoe":21,"minecraft:shield":75,"minecraft:cooked_chicken":8,"minecraft:rotten_flesh":20,"minecraft:torch":110,"minecraft:dirt":40,"minecraft:iron_axe":265,"minecraft:golden_sword":35,"minecraft:bow":15,"minecraft:oak_sapling":1,"minecraft:furnace":10,"minecraft:egg":1,"minecraft:cooked_beef":3,"minecraft:cobbled_deepslate":47,"minecraft:cooked_mutton":20,"minecraft:water_bucket":34,"minecraft:diorite":1,"minecraft:stone_pickaxe":162,"minecraft:oak_planks":2,"minecraft:wooden_pickaxe":47,"minecraft:diamond_axe":87,"minecraft:white_wool":32,"minecraft:crafting_table":14,"minecraft:blast_furnace":3,"minecraft:smoker":1,"minecraft:iron_pickaxe":601,"minecraft:stone_axe":131,"minecraft:fire_charge":1,"minecraft:cobblestone":148,"minecraft:cooked_porkchop":28,"minecraft:cooked_rabbit":1,"minecraft:andesite":3,"minecraft:bucket":36,"minecraft:experience_bottle":2}},"DataVersion":3953}