{"stats":{"minecraft:broken":{"minecraft:golden_sword":1,"minecraft:iron_axe":1},"minecraft:mined":{"minecraft:large_amethyst_bud":2,"minecraft:white_bed":4,"minecraft:farmland":10,"minecraft:cherry_log":11,"minecraft:sculk_vein":1,"minecraft:jungle_leaves":15,"minecraft:obsidian":10,"minecraft:granite":3,"minecraft:acacia_log":5,"minecraft:grass_block":10296,"minecraft:jungle_log":81,"minecraft:iron_ore":126,"minecraft:cobbled_deepslate":5,"minecraft:fire":1,"minecraft:deepslate_lapis_ore":6,"minecraft:sculk_shrieker":2,"minecraft:dirt_path":1,"minecraft:small_amethyst_bud":1,"minecraft:smoker":3,"minecraft:amethyst_cluster":2,"minecraft:powder_snow":11,"minecraft:torch":13,"minecraft:blast_furnace":3,"minecraft:cobblestone":19,"minecraft:grindstone":2,"minecraft:sugar_cane":42,"minecraft:oak_planks":4,"minecraft:wall_torch":5,"minecraft:pink_petals":3,"minecraft:wheat":32,"minecraft:light_gray_wool":2,"minecraft:oak_log":63,"minecraft:dirt":4822,"minecraft:tripwire_hook":1,"minecraft:dispenser":2,"minecraft:netherrack":1,"minecraft:oak_leaves":48,"minecraft:deepslate":64,"minecraft:infested_deepslate":2,"minecraft:tuff":7,"minecraft:deepslate_diamond_ore":35,"minecraft:redstone_wire":1,"minecraft:furnace":11,"minecraft:carrots":47,"minecraft:andesite":42,"minecraft:gold_block":1,"minecraft:bookshelf":4,"minecraft:potatoes":30,"minecraft:deepslate_iron_ore":14,"minecraft:vine":12,"minecraft:stone":5193,"minecraft:white_wool":12,"minecraft:acacia_leaves":1,"minecraft:dandelion":3,"minecraft:oak_fence":1,"minecraft:crafting_table":15,"minecraft:short_grass":402,"minecraft:sculk_sensor":2,"minecraft:stone_slab":5,"minecraft:tall_grass":74,"minecraft:copper_ore":8,"minecraft:lapis_ore":1,"minecraft:deepslate_gold_ore":1,"minecraft:sculk":2,"minecraft:diorite":6,"minecraft:gray_wool":14,"minecraft:jungle_fence":3,"minecraft:bee_nest":1,"minecraft:yellow_bed":2,"minecraft:coal_ore":309,"minecraft:cherry_leaves":3,"minecraft:gravel":27,"minecraft:gray_carpet":4,"minecraft:deepslate_emerald_ore":1,"minecraft:fern":17},"minecraft:killed_by":{"minecraft:warden":2},"minecraft:used":{"minecraft:diamond_hoe":21,"minecraft:chest":5,"minecraft:shield":88,"minecraft:rotten_flesh":21,"minecraft:carrot":87,"minecraft:tuff":3,"minecraft:golden_sword":35,"minecraft:bow":121,"minecraft:furnace":13,"minecraft:oak_sapling":4,"minecraft:cooked_cod":27,"minecraft:egg":7,"minecraft:potato":57,"minecraft:diorite":1,"minecraft:oak_planks":5,"minecraft:stone_pickaxe":162,"minecraft:jungle_fence":99,"minecraft:wooden_pickaxe":47,"minecraft:sugar_cane":24,"minecraft:diamond_axe":315,"minecraft:white_wool":32,"minecraft:blast_furnace":5,"minecraft:bread":53,"minecraft:pufferfish":1,"minecraft:diamond_sword":570,"minecraft:fire_charge":1,"minecraft:grindstone":3,"minecraft:cooked_rabbit":1,"minecraft:andesite":3,"minecraft:bone_meal":183,"minecraft:experience_bottle":2,"minecraft:enchanting_table":1,"minecraft:stone_shovel":44,"minecraft:cooked_salmon":15,"minecraft:cooked_chicken":10,"minecraft:torch":140,"minecraft:dirt":8747,"minecraft:spyglass":77,"minecraft:iron_hoe":101,"minecraft:bookshelf":10,"minecraft:iron_axe":265,"minecraft:goat_horn":1,"minecraft:cooked_beef":14,"minecraft:cobbled_deepslate":47,"minecraft:wheat_seeds":59,"minecraft:cooked_mutton":26,"minecraft:water_bucket":52,"minecraft:baked_potato":28,"minecraft:crafting_table":19,"minecraft:white_bed":4,"minecraft:smoker":5,"minecraft:oak_log":7,"minecraft:diamond_pickaxe":5131,"minecraft:diamond_shovel":15298,"minecraft:iron_pickaxe":601,"minecraft:stone_slab":7,"minecraft:stone_axe":131,"minecraft:cobblestone":174,"minecraft:cooked_porkchop":39,"minecraft:bucket":53,"minecraft:yellow_bed":2},"minecraft:custom":{"minecraft:animals_bred":5,"minecraft:interact_with_crafting_table":92,"minecraft:open_barrel":4,"minecraft:leave_game":26,"minecraft:time_since_death":564478,"minecraft:sprint_one_cm":2461583,"minecraft:damage_blocked_by_shield":3879,"minecraft:drop":89,"minecraft:talked_to_villager":11,"minecraft:play_time":722355,"minecraft:deaths":3,"minecraft:jump":18089,"minecraft:walk_on_water_one_cm":44685,"minecraft:enchant_item":7,"minecraft:interact_with_furnace":118,"minecraft:sleep_in_bed":11,"minecraft:damage_dealt":64808,"minecraft:crouch_one_cm":648237,"minecraft:interact_with_smoker":46,"minecraft:inspect_dispenser":1,"minecraft:mob_kills":568,"minecraft:interact_with_anvil":5,"minecraft:inspect_hopper":38,"minecraft:climb_one_cm":9868,"minecraft:walk_one_cm":2267744,"minecraft:target_hit":1,"minecraft:sneak_time":114167,"minecraft:walk_under_water_one_cm":113667,"minecraft:boat_one_cm":170545,"minecraft:interact_with_blast_furnace":37,"minecraft:total_world_time":722355,"minecraft:interact_with_grindstone":7,"minecraft:time_since_rest":18023,"minecraft:damage_taken":9888,"minecraft:swim_one_cm":214010,"minecraft:fly_one_cm":4119935,"minecraft:open_chest":278,"minecraft:fall_one_cm":489935},"minecraft:dropped":{"minecraft:diamond_axe":3,"minecraft:crafting_table":1,"minecraft:jungle_planks":4,"minecraft:emerald":1,"minecraft:flint":7,"minecraft:dirt":491,"minecraft:iron_pickaxe":2,"minecraft:white_wool":1,"minecraft:bone":2,"minecraft:gravel":11,"minecraft:stone_axe":2,"minecraft:goat_horn":1,"minecraft:cooked_chicken":5,"minecraft:golden_chestplate":1,"minecraft:rotten_flesh":12,"minecraft:diamond_shovel":5,"minecraft:cooked_mutton":12,"minecraft:azure_bluet":5,"minecraft:carrot":30,"minecraft:poppy":5,"minecraft:gunpowder":1,"minecraft:arrow":67,"minecraft:beef":2,"minecraft:egg":3,"minecraft:wheat_seeds":161,"minecraft:feather":14,"minecraft:cobblestone":1,"minecraft:granite":4,"minecraft:tropical_fish":1,"minecraft:oxeye_daisy":3,"minecraft:gray_wool":1,"minecraft:brown_wool":2,"minecraft:iron_axe":1,"minecraft:string":10,"minecraft:pink_petals":8,"minecraft:dandelion":26,"minecraft:redstone":1,"minecraft:tuff":31,"minecraft:sticky_piston":1,"minecraft:stone_shovel":1,"minecraft:chicken":1,"minecraft:light_gray_wool":1,"minecraft:potato":16,"minecraft:diamond_pickaxe":1,"minecraft:spider_eye":2,"minecraft:stone_pickaxe":3,"minecraft:wooden_pickaxe":1},"minecraft:crafted":{"minecraft:grindstone":1,"minecraft:oak_planks":160,"minecraft:smooth_stone":3,"minecraft:cooked_chicken":15,"minecraft:stone":9,"minecraft:diamond_shovel":1,"minecraft:bookshelf":10,"minecraft:cooked_mutton":38,"minecraft:diamond_helmet":1,"minecraft:bow":2,"minecraft:diamond_leggings":1,"minecraft:iron_boots":2,"minecraft:chest":5,"minecraft:cooked_rabbit":1,"minecraft:smoker":2,"minecraft:cooked_porkchop":48,"minecraft:diamond_axe":1,"minecraft:crafting_table":5,"minecraft:iron_helmet":2,"minecraft:wooden_pickaxe":2,"minecraft:baked_potato":85,"minecraft:copper_ingot":5,"minecraft:book":21,"minecraft:iron_chestplate":2,"minecraft:paper":63,"minecraft:diamond_pickaxe":1,"minecraft:shield":3,"minecraft:stick":168,"minecraft:stone_slab":6,"minecraft:iron_ingot":114,"minecraft:iron_pickaxe":4,"minecraft:cherry_planks":44,"minecraft:stone_shovel":2,"minecraft:spyglass":1,"minecraft:furnace":7,"minecraft:blast_furnace":1,"minecraft:bone_meal":183,"minecraft:flint_and_steel":1,"minecraft:iron_axe":2,"minecraft:iron_hoe":1,"minecraft:stone_pickaxe":2,"minecraft:diamond_boots":1,"minecraft:jungle_fence":141,"minecraft:cooked_beef":34,"minecraft:diamond_sword":1,"minecraft:enchanting_table":1,"minecraft:bucket":2,"minecraft:stone_axe":2,"minecraft:air":0,"minecraft:jungle_planks":304,"minecraft:iron_leggings":2,"minecraft:torch":112,"minecraft:diamond_chestplate":1},"minecraft:picked_up":{"minecraft:wheat":34,"minecraft:stone_slab":7,"minecraft:lead":11,"minecraft:enchanted_book":4,"minecraft:golden_sword":1,"minecraft:string":73,"minecraft:raw_copper":24,"minecraft:cooked_salmon":15,"minecraft:sticky_piston":1,"minecraft:pufferfish":1,"minecraft:gold_nugget":11,"minecraft:cobbled_deepslate":86,"minecraft:iron_pickaxe":2,"minecraft:furnace":11,"minecraft:golden_helmet":1,"minecraft:stick":12,"minecraft:torch":33,"minecraft:acacia_log":5,"minecraft:porkchop":51,"minecraft:cherry_log":11,"minecraft:diorite":6,"minecraft:golden_chestplate":2,"minecraft:goat_horn":1,"minecraft:rotten_flesh":72,"minecraft:tropical_fish":1,"minecraft:armadillo_scute":1,"minecraft:obsidian":10,"minecraft:cobblestone":5003,"minecraft:pink_petals":15,"minecraft:leather_chestplate":1,"minecraft:feather":22,"minecraft:cooked_beef":1,"minecraft:cherry_planks":9,"minecraft:andesite":44,"minecraft:jungle_log":80,"minecraft:brown_wool":4,"minecraft:golden_leggings":1,"minecraft:smoker":3,"minecraft:potato":124,"minecraft:flint":21,"minecraft:tuff":55,"minecraft:lapis_lazuli":69,"minecraft:dirt":12481,"minecraft:leather_boots":2,"minecraft:bone":230,"minecraft:bow":18,"minecraft:wheat_seeds":329,"minecraft:raw_gold":1,"minecraft:grindstone":2,"minecraft:rabbit":1,"minecraft:oak_planks":10,"minecraft:jungle_planks":20,"minecraft:grass_block":2,"minecraft:dispenser":4,"minecraft:diamond":37,"minecraft:granite":4,"minecraft:bread":97,"minecraft:emerald":2,"minecraft:oak_sapling":8,"minecraft:diamond_pickaxe":1,"minecraft:cocoa_beans":3,"minecraft:crafting_table":16,"minecraft:azure_bluet":5,"minecraft:ominous_bottle":1,"minecraft:chicken":19,"minecraft:gold_block":1,"minecraft:iron_axe":1,"minecraft:beef":42,"minecraft:poppy":8,"minecraft:light_gray_wool":3,"minecraft:sugar_cane":89,"minecraft:egg":20,"minecraft:raw_iron":178,"minecraft:fire_charge":1,"minecraft:carrot":224,"minecraft:redstone":1,"minecraft:arrow":369,"minecraft:cooked_cod":27,"minecraft:mutton":41,"minecraft:white_wool":49,"minecraft:oxeye_daisy":3,"minecraft:glow_ink_sac":9,"minecraft:salmon":1,"minecraft:leather":33,"minecraft:jungle_fence":3,"minecraft:oak_log":67,"minecraft:gunpowder":28,"minecraft:yellow_bed":2,"minecraft:golden_boots":2,"minecraft:white_banner":1,"minecraft:cooked_mutton":11,"minecraft:gray_carpet":3,"minecraft:iron_ingot":34,"minecraft:stone_pickaxe":2,"minecraft:cooked_chicken":9,"minecraft:iron_sword":1,"minecraft:acacia_sapling":3,"minecraft:book":15,"minecraft:dandelion":34,"minecraft:gravel":12,"minecraft:amethyst_shard":8,"minecraft:blast_furnace":3,"minecraft:white_bed":4,"minecraft:spider_eye":13,"minecraft:diamond_shovel":7,"minecraft:stone_axe":1,"minecraft:diamond_axe":4,"minecraft:gray_wool":15,"minecraft:coal":465,"minecraft:ender_pearl":2},"minecraft:killed":{"minecraft:spider":38,"minecraft:skeleton":284,"minecraft:chicken":21,"minecraft:wolf":1,"minecraft:pig":24,"minecraft:iron_golem":1,"minecraft:creeper":25,"minecraft:sheep":30,"minecraft:pillager":2,"minecraft:zombie":96,"minecraft:stray":1,"minecraft:glow_squid":5,"minecraft:cow":19,"minecraft:armadillo":1,"minecraft:phantom":4,"minecraft:drowned":1,"minecraft:rabbit":1,"minecraft:wandering_trader":1,"minecraft:villager":4,"minecraft:enderman":2}},"DataVersion":3953}