{"stats":{"minecraft:crafted":{"minecraft:cooked_beef":20,"minecraft:smooth_stone":3,"minecraft:oak_planks":44,"minecraft:stone_shovel":2,"minecraft:cooked_porkchop":16,"minecraft:crafting_table":3,"minecraft:cooked_chicken":13,"minecraft:wooden_pickaxe":1,"minecraft:iron_helmet":1,"minecraft:furnace":5,"minecraft:blast_furnace":1,"minecraft:stone":6,"minecraft:bucket":1,"minecraft:stone_axe":2,"minecraft:cooked_mutton":28,"minecraft:air":0,"minecraft:iron_boots":1,"minecraft:bow":1,"minecraft:iron_chestplate":1,"minecraft:shield":1,"minecraft:iron_axe":1,"minecraft:stick":44,"minecraft:iron_ingot":89,"minecraft:iron_pickaxe":3,"minecraft:stone_pickaxe":1,"minecraft:iron_leggings":1,"minecraft:torch":88,"minecraft:cooked_rabbit":1,"minecraft:smoker":1},"minecraft:broken":{"minecraft:golden_sword":1},"minecraft:mined":{"minecraft:powder_snow":11,"minecraft:crafting_table":7,"minecraft:granite":3,"minecraft:short_grass":20,"minecraft:blast_furnace":2,"minecraft:grass_block":11,"minecraft:tall_grass":4,"minecraft:cobblestone":6,"minecraft:oak_planks":1,"minecraft:diorite":4,"minecraft:wall_torch":2,"minecraft:pink_petals":3,"minecraft:furnace":6,"minecraft:iron_ore":100,"minecraft:fire":1,"minecraft:andesite":1,"minecraft:deepslate_iron_ore":14,"minecraft:coal_ore":157,"minecraft:oak_log":15,"minecraft:gravel":14,"minecraft:dirt":32,"minecraft:stone":160,"minecraft:white_wool":12,"minecraft:deepslate":7,"minecraft:deepslate_emerald_ore":1,"minecraft:oak_leaves":8},"minecraft:dropped":{"minecraft:gravel":11,"minecraft:stone_axe":2,"minecraft:wheat_seeds":2,"minecraft:cooked_chicken":5,"minecraft:stone_shovel":1,"minecraft:feather":9,"minecraft:granite":4,"minecraft:cooked_mutton":12,"minecraft:brown_wool":2,"minecraft:stone_pickaxe":2,"minecraft:iron_pickaxe":2,"minecraft:white_wool":1},"minecraft:custom":{"minecraft:interact_with_furnace":57,"minecraft:mob_kills":130,"minecraft:interact_with_crafting_table":36,"minecraft:leave_game":6,"minecraft:time_since_death":102679,"minecraft:climb_one_cm":1764,"minecraft:time_since_rest":102711,"minecraft:sprint_one_cm":460631,"minecraft:damage_taken":2624,"minecraft:walk_one_cm":232524,"minecraft:damage_blocked_by_shield":2705,"minecraft:drop":15,"minecraft:damage_dealt":18436,"minecraft:swim_one_cm":45280,"minecraft:fly_one_cm":711953,"minecraft:open_chest":6,"minecraft:crouch_one_cm":112689,"minecraft:play_time":131526,"minecraft:deaths":1,"minecraft:sneak_time":25557,"minecraft:walk_under_water_one_cm":14844,"minecraft:jump":3635,"minecraft:interact_with_blast_furnace":25,"minecraft:walk_on_water_one_cm":18085,"minecraft:total_world_time":131526,"minecraft:interact_with_smoker":30,"minecraft:fall_one_cm":113689},"minecraft:killed":{"minecraft:pig":8,"minecraft:rabbit":1,"minecraft:spider":8,"minecraft:creeper":7,"minecraft:sheep":22,"minecraft:skeleton":20,"minecraft:zombie":31,"minecraft:chicken":14,"minecraft:glow_squid":5,"minecraft:cow":10},"minecraft:picked_up":{"minecraft:pink_petals":15,"minecraft:crafting_table":7,"minecraft:feather":17,"minecraft:cooked_beef":1,"minecraft:chicken":14,"minecraft:glow_ink_sac":9,"minecraft:andesite":3,"minecraft:brown_wool":4,"minecraft:leather":22,"minecraft:flint":6,"minecraft:oak_log":19,"minecraft:golden_sword":1,"minecraft:gunpowder":8,"minecraft:dirt":55,"minecraft:string":5,"minecraft:cooked_mutton":11,"minecraft:bone":18,"minecraft:bow":2,"minecraft:wheat_seeds":2,"minecraft:gold_nugget":11,"minecraft:cobbled_deepslate":7,"minecraft:iron_ingot":1,"minecraft:beef":26,"minecraft:stone_pickaxe":2,"minecraft:cooked_chicken":9,"minecraft:iron_pickaxe":2,"minecraft:rabbit":1,"minecraft:iron_sword":1,"minecraft:oak_planks":7,"minecraft:furnace":6,"minecraft:egg":1,"minecraft:golden_helmet":1,"minecraft:raw_iron":142,"minecraft:torch":17,"minecraft:gravel":12,"minecraft:fire_charge":1,"minecraft:porkchop":20,"minecraft:blast_furnace":2,"minecraft:diorite":4,"minecraft:spider_eye":2,"minecraft:arrow":16,"minecraft:rotten_flesh":22,"minecraft:stone_axe":1,"minecraft:granite":4,"minecraft:emerald":1,"minecraft:oak_sapling":2,"minecraft:mutton":31,"minecraft:coal":239,"minecraft:white_wool":43,"minecraft:cobblestone":211},"minecraft:used":{"minecraft:cooked_mutton":16,"minecraft:water_bucket":24,"minecraft:diorite":1,"minecraft:stone_pickaxe":98,"minecraft:stone_shovel":44,"minecraft:oak_planks":2,"minecraft:wooden_pickaxe":32,"minecraft:shield":52,"minecraft:cooked_chicken":8,"minecraft:rotten_flesh":20,"minecraft:white_wool":29,"minecraft:torch":90,"minecraft:dirt":40,"minecraft:crafting_table":8,"minecraft:blast_furnace":3,"minecraft:smoker":1,"minecraft:iron_axe":128,"minecraft:iron_pickaxe":357,"minecraft:stone_axe":131,"minecraft:golden_sword":35,"minecraft:fire_charge":1,"minecraft:cobblestone":98,"minecraft:bow":10,"minecraft:oak_sapling":1,"minecraft:furnace":7,"minecraft:cooked_porkchop":11,"minecraft:cooked_rabbit":1,"minecraft:andesite":3,"minecraft:bucket":25,"minecraft:egg":1}},"DataVersion":3953}