{"stats":{"minecraft:crafted":{"minecraft:cherry_planks":44,"minecraft:smooth_stone":3,"minecraft:oak_planks":44,"minecraft:stone_shovel":2,"minecraft:spyglass":1,"minecraft:cooked_chicken":15,"minecraft:furnace":6,"minecraft:blast_furnace":1,"minecraft:stone":6,"minecraft:diamond_shovel":1,"minecraft:cooked_mutton":38,"minecraft:diamond_helmet":1,"minecraft:bow":2,"minecraft:diamond_leggings":1,"minecraft:iron_boots":2,"minecraft:iron_axe":2,"minecraft:stone_pickaxe":2,"minecraft:chest":1,"minecraft:diamond_boots":1,"minecraft:cooked_rabbit":1,"minecraft:smoker":1,"minecraft:cooked_beef":31,"minecraft:diamond_sword":1,"minecraft:cooked_porkchop":45,"minecraft:diamond_axe":1,"minecraft:crafting_table":5,"minecraft:iron_helmet":2,"minecraft:wooden_pickaxe":2,"minecraft:copper_ingot":5,"minecraft:bucket":2,"minecraft:stone_axe":2,"minecraft:air":0,"minecraft:iron_chestplate":2,"minecraft:diamond_pickaxe":1,"minecraft:shield":3,"minecraft:stick":76,"minecraft:iron_ingot":114,"minecraft:iron_pickaxe":4,"minecraft:iron_leggings":2,"minecraft:torch":88,"minecraft:diamond_chestplate":1},"minecraft:broken":{"minecraft:golden_sword":1,"minecraft:iron_axe":1},"minecraft:mined":{"minecraft:infested_deepslate":2,"minecraft:large_amethyst_bud":2,"minecraft:tuff":7,"minecraft:deepslate_diamond_ore":35,"minecraft:sculk_vein":1,"minecraft:cherry_log":11,"minecraft:granite":3,"minecraft:grass_block":19,"minecraft:redstone_wire":1,"minecraft:furnace":11,"minecraft:iron_ore":126,"minecraft:cobbled_deepslate":5,"minecraft:fire":1,"minecraft:andesite":1,"minecraft:deepslate_lapis_ore":6,"minecraft:sculk_shrieker":2,"minecraft:vine":1,"minecraft:deepslate_iron_ore":14,"minecraft:small_amethyst_bud":1,"minecraft:stone":268,"minecraft:white_wool":12,"minecraft:smoker":1,"minecraft:amethyst_cluster":2,"minecraft:powder_snow":11,"minecraft:crafting_table":12,"minecraft:short_grass":35,"minecraft:blast_furnace":3,"minecraft:sculk_sensor":2,"minecraft:tall_grass":8,"minecraft:copper_ore":1,"minecraft:cobblestone":9,"minecraft:lapis_ore":1,"minecraft:deepslate_gold_ore":1,"minecraft:oak_planks":1,"minecraft:sculk":2,"minecraft:diorite":6,"minecraft:wall_torch":2,"minecraft:pink_petals":3,"minecraft:gray_wool":14,"minecraft:bee_nest":1,"minecraft:oak_log":15,"minecraft:coal_ore":201,"minecraft:cherry_leaves":3,"minecraft:gravel":15,"minecraft:dirt":36,"minecraft:gray_carpet":4,"minecraft:tripwire_hook":1,"minecraft:oak_leaves":8,"minecraft:deepslate_emerald_ore":1,"minecraft:deepslate":64},"minecraft:dropped":{"minecraft:wheat_seeds":2,"minecraft:crafting_table":1,"minecraft:feather":14,"minecraft:granite":4,"minecraft:emerald":1,"minecraft:flint":6,"minecraft:gray_wool":1,"minecraft:brown_wool":2,"minecraft:iron_axe":1,"minecraft:iron_pickaxe":2,"minecraft:string":1,"minecraft:pink_petals":8,"minecraft:white_wool":1,"minecraft:redstone":1,"minecraft:gravel":11,"minecraft:stone_axe":2,"minecraft:cooked_chicken":5,"minecraft:sticky_piston":1,"minecraft:tuff":7,"minecraft:stone_shovel":1,"minecraft:light_gray_wool":1,"minecraft:cooked_mutton":12,"minecraft:wooden_pickaxe":1,"minecraft:stone_pickaxe":3},"minecraft:custom":{"minecraft:mob_kills":267,"minecraft:animals_bred":1,"minecraft:interact_with_crafting_table":65,"minecraft:leave_game":9,"minecraft:time_since_death":126208,"minecraft:climb_one_cm":3156,"minecraft:sprint_one_cm":859190,"minecraft:walk_one_cm":445619,"minecraft:damage_blocked_by_shield":3602,"minecraft:drop":29,"minecraft:talked_to_villager":1,"minecraft:target_hit":1,"minecraft:play_time":284085,"minecraft:deaths":3,"minecraft:sneak_time":53409,"minecraft:walk_under_water_one_cm":20292,"minecraft:boat_one_cm":170545,"minecraft:jump":7638,"minecraft:interact_with_blast_furnace":31,"minecraft:walk_on_water_one_cm":27196,"minecraft:total_world_time":284085,"minecraft:interact_with_furnace":110,"minecraft:time_since_rest":126234,"minecraft:damage_taken":4983,"minecraft:damage_dealt":41976,"minecraft:swim_one_cm":80663,"minecraft:fly_one_cm":1736819,"minecraft:open_chest":41,"minecraft:crouch_one_cm":240216,"minecraft:interact_with_smoker":35,"minecraft:inspect_dispenser":1,"minecraft:fall_one_cm":251144},"minecraft:killed":{"minecraft:spider":26,"minecraft:phantom":4,"minecraft:skeleton":52,"minecraft:chicken":17,"minecraft:drowned":1,"minecraft:pig":22,"minecraft:rabbit":1,"minecraft:creeper":17,"minecraft:sheep":30,"minecraft:pillager":2,"minecraft:zombie":65,"minecraft:stray":1,"minecraft:glow_squid":5,"minecraft:cow":17,"minecraft:enderman":2},"minecraft:picked_up":{"minecraft:crafting_table":13,"minecraft:ominous_bottle":1,"minecraft:chicken":16,"minecraft:golden_sword":1,"minecraft:string":16,"minecraft:raw_copper":5,"minecraft:iron_axe":1,"minecraft:cooked_salmon":15,"minecraft:sticky_piston":1,"minecraft:pufferfish":1,"minecraft:gold_nugget":11,"minecraft:cobbled_deepslate":66,"minecraft:beef":37,"minecraft:iron_pickaxe":2,"minecraft:light_gray_wool":1,"minecraft:furnace":11,"minecraft:egg":1,"minecraft:golden_helmet":1,"minecraft:stick":4,"minecraft:raw_iron":178,"minecraft:torch":17,"minecraft:porkchop":49,"minecraft:fire_charge":1,"minecraft:cherry_log":11,"minecraft:diorite":6,"minecraft:redstone":1,"minecraft:arrow":48,"minecraft:rotten_flesh":48,"minecraft:mutton":41,"minecraft:white_wool":49,"minecraft:cobblestone":322,"minecraft:pink_petals":15,"minecraft:feather":22,"minecraft:cooked_beef":1,"minecraft:cherry_planks":9,"minecraft:glow_ink_sac":9,"minecraft:andesite":3,"minecraft:brown_wool":4,"minecraft:leather":31,"minecraft:smoker":1,"minecraft:flint":6,"minecraft:oak_log":19,"minecraft:tuff":7,"minecraft:gunpowder":21,"minecraft:lapis_lazuli":47,"minecraft:dirt":67,"minecraft:white_banner":1,"minecraft:cooked_mutton":11,"minecraft:bone":46,"minecraft:gray_carpet":3,"minecraft:bow":4,"minecraft:wheat_seeds":3,"minecraft:raw_gold":1,"minecraft:stone_pickaxe":2,"minecraft:iron_ingot":34,"minecraft:cooked_chicken":9,"minecraft:rabbit":1,"minecraft:iron_sword":1,"minecraft:oak_planks":7,"minecraft:gravel":12,"minecraft:amethyst_shard":8,"minecraft:blast_furnace":3,"minecraft:grass_block":2,"minecraft:spider_eye":11,"minecraft:dispenser":2,"minecraft:diamond":35,"minecraft:stone_axe":1,"minecraft:granite":4,"minecraft:gray_wool":15,"minecraft:emerald":2,"minecraft:oak_sapling":2,"minecraft:coal":352,"minecraft:ender_pearl":2},"minecraft:killed_by":{"minecraft:warden":2},"minecraft:used":{"minecraft:stone_shovel":44,"minecraft:diamond_hoe":21,"minecraft:chest":1,"minecraft:shield":86,"minecraft:cooked_chicken":8,"minecraft:rotten_flesh":20,"minecraft:torch":111,"minecraft:dirt":45,"minecraft:spyglass":64,"minecraft:iron_axe":265,"minecraft:golden_sword":35,"minecraft:bow":40,"minecraft:oak_sapling":1,"minecraft:furnace":11,"minecraft:egg":1,"minecraft:cooked_beef":5,"minecraft:cobbled_deepslate":47,"minecraft:cooked_mutton":24,"minecraft:water_bucket":42,"minecraft:diorite":1,"minecraft:oak_planks":2,"minecraft:stone_pickaxe":162,"minecraft:wooden_pickaxe":47,"minecraft:diamond_axe":97,"minecraft:white_wool":32,"minecraft:crafting_table":15,"minecraft:blast_furnace":3,"minecraft:smoker":1,"minecraft:diamond_pickaxe":11,"minecraft:diamond_shovel":5,"minecraft:iron_pickaxe":601,"minecraft:stone_axe":131,"minecraft:diamond_sword":133,"minecraft:fire_charge":1,"minecraft:cobblestone":151,"minecraft:cooked_porkchop":34,"minecraft:cooked_rabbit":1,"minecraft:andesite":3,"minecraft:bucket":44,"minecraft:experience_bottle":2}},"DataVersion":3953}