{"stats":{"minecraft:crafted":{"minecraft:cherry_planks":40,"minecraft:oak_planks":52,"minecraft:smooth_stone":3,"minecraft:cooked_chicken":2,"minecraft:furnace":2,"minecraft:cherry_boat":1,"minecraft:cooked_mutton":36,"minecraft:bow":1,"minecraft:iron_boots":1,"minecraft:iron_axe":1,"minecraft:iron_hoe":1,"minecraft:stone_pickaxe":1,"minecraft:chest":2,"minecraft:smoker":1,"minecraft:cooked_beef":77,"minecraft:cooked_porkchop":90,"minecraft:crafting_table":10,"minecraft:wooden_pickaxe":1,"minecraft:iron_helmet":1,"minecraft:iron_sword":2,"minecraft:bucket":1,"minecraft:birch_planks":12,"minecraft:stone_axe":2,"minecraft:air":0,"minecraft:iron_chestplate":1,"minecraft:shield":3,"minecraft:stick":56,"minecraft:iron_ingot":52,"minecraft:iron_pickaxe":1,"minecraft:wooden_axe":1,"minecraft:iron_leggings":1,"minecraft:white_bed":1,"minecraft:acacia_planks":28,"minecraft:torch":72,"minecraft:shears":1},"minecraft:broken":{"minecraft:stone_pickaxe":1,"minecraft:shield":1,"minecraft:stone_axe":1,"minecraft:iron_sword":1},"minecraft:mined":{"minecraft:white_bed":1,"minecraft:deepslate_diamond_ore":2,"minecraft:candle":1,"minecraft:sculk_vein":5,"minecraft:cherry_log":10,"minecraft:granite":2,"minecraft:acacia_log":7,"minecraft:deepslate_tile_wall":1,"minecraft:grass_block":21,"minecraft:spawner":1,"minecraft:furnace":2,"minecraft:iron_ore":43,"minecraft:fire":1,"minecraft:andesite":2,"minecraft:gold_block":3,"minecraft:sculk_shrieker":1,"minecraft:packed_ice":2,"minecraft:stone":97,"minecraft:white_wool":8,"minecraft:orange_bed":1,"minecraft:acacia_leaves":5,"minecraft:red_bed":1,"minecraft:smoker":7,"minecraft:soul_lantern":5,"minecraft:powder_snow":19,"minecraft:crafting_table":4,"minecraft:torch":1,"minecraft:short_grass":29,"minecraft:emerald_ore":1,"minecraft:chest":1,"minecraft:sculk_sensor":8,"minecraft:tall_grass":6,"minecraft:cobblestone":16,"minecraft:white_candle":1,"minecraft:deepslate_gold_ore":1,"minecraft:sculk":65,"minecraft:diorite":4,"minecraft:wall_torch":1,"minecraft:gray_wool":127,"minecraft:birch_log":3,"minecraft:smooth_stone_slab":2,"minecraft:oak_log":22,"minecraft:coal_ore":62,"minecraft:gravel":2,"minecraft:dirt":40,"minecraft:oak_leaves":8,"minecraft:deepslate":37},"minecraft:dropped":{"minecraft:wheat_seeds":6,"minecraft:cooked_beef":6,"minecraft:oak_log":5,"minecraft:feather":6,"minecraft:deepslate_tile_wall":1,"minecraft:disc_fragment_5":2,"minecraft:grass_block":2,"minecraft:stick":15,"minecraft:flint":1,"minecraft:emerald":1,"minecraft:dirt":4,"minecraft:gray_wool":32,"minecraft:cornflower":2,"minecraft:wooden_axe":1,"minecraft:cherry_planks":9,"minecraft:potion":1,"minecraft:orange_bed":1,"minecraft:paper":9,"minecraft:string":12,"minecraft:acacia_planks":8,"minecraft:redstone":4,"minecraft:gravel":4,"minecraft:stone_axe":1,"minecraft:cobbled_deepslate":10,"minecraft:soul_lantern":4,"minecraft:cherry_sapling":1,"minecraft:rotten_flesh":10,"minecraft:light_gray_wool":1,"minecraft:iron_hoe":1,"minecraft:andesite":2,"minecraft:acacia_sapling":2,"minecraft:oak_sapling":2,"minecraft:spider_eye":4,"minecraft:wooden_pickaxe":1},"minecraft:custom":{"minecraft:mob_kills":205,"minecraft:interact_with_crafting_table":29,"minecraft:leave_game":10,"minecraft:time_since_death":328339,"minecraft:climb_one_cm":1276,"minecraft:damage_resisted":144,"minecraft:sprint_one_cm":634923,"minecraft:walk_one_cm":251705,"minecraft:damage_blocked_by_shield":3196,"minecraft:drop":70,"minecraft:play_time":328339,"minecraft:sneak_time":23099,"minecraft:walk_under_water_one_cm":23397,"minecraft:jump":7447,"minecraft:interact_with_blast_furnace":1,"minecraft:walk_on_water_one_cm":19988,"minecraft:total_world_time":328339,"minecraft:interact_with_furnace":37,"minecraft:sleep_in_bed":3,"minecraft:time_since_rest":66942,"minecraft:damage_taken":4345,"minecraft:damage_absorbed":160,"minecraft:damage_dealt":27622,"minecraft:swim_one_cm":82672,"minecraft:fly_one_cm":1615032,"minecraft:open_chest":18,"minecraft:crouch_one_cm":89547,"minecraft:interact_with_smoker":58,"minecraft:fall_one_cm":254807},"minecraft:killed":{"minecraft:armadillo":2,"minecraft:witch":1,"minecraft:spider":12,"minecraft:phantom":1,"minecraft:skeleton":17,"minecraft:chicken":3,"minecraft:drowned":2,"minecraft:pig":42,"minecraft:zombie_villager":1,"minecraft:creeper":12,"minecraft:sheep":32,"minecraft:goat":2,"minecraft:zombie":38,"minecraft:cow":34,"minecraft:enderman":2},"minecraft:picked_up":{"minecraft:crafting_table":5,"minecraft:chicken":3,"minecraft:gold_block":3,"minecraft:cornflower":3,"minecraft:string":12,"minecraft:red_bed":1,"minecraft:smooth_stone_slab":4,"minecraft:cherry_boat":1,"minecraft:candle":1,"minecraft:cobbled_deepslate":42,"minecraft:beef":77,"minecraft:deepslate_tile_wall":1,"minecraft:light_gray_wool":1,"minecraft:chest":1,"minecraft:furnace":3,"minecraft:egg":1,"minecraft:stick":16,"minecraft:raw_iron":43,"minecraft:torch":2,"minecraft:acacia_log":7,"minecraft:porkchop":90,"minecraft:cherry_log":10,"minecraft:diorite":3,"minecraft:redstone":15,"minecraft:orange_bed":1,"minecraft:arrow":13,"minecraft:rotten_flesh":15,"minecraft:mutton":48,"minecraft:white_wool":41,"minecraft:cobblestone":108,"minecraft:birch_log":3,"minecraft:feather":6,"minecraft:andesite":2,"minecraft:brown_wool":1,"minecraft:leather":26,"minecraft:smoker":7,"minecraft:flint":1,"minecraft:oak_log":22,"minecraft:gunpowder":12,"minecraft:dirt":44,"minecraft:bone":14,"minecraft:acacia_planks":8,"minecraft:bow":2,"minecraft:wheat_seeds":6,"minecraft:acacia_sapling":2,"minecraft:gravel":10,"minecraft:white_bed":1,"minecraft:grass_block":2,"minecraft:spider_eye":4,"minecraft:diamond":2,"minecraft:soul_lantern":5,"minecraft:granite":2,"minecraft:cherry_sapling":1,"minecraft:gray_wool":157,"minecraft:emerald":2,"minecraft:oak_sapling":2,"minecraft:coal":315,"minecraft:ender_pearl":1},"minecraft:used":{"minecraft:cherry_boat":1,"minecraft:redstone":3,"minecraft:chest":3,"minecraft:shield":65,"minecraft:iron_sword":318,"minecraft:cooked_chicken":2,"minecraft:rotten_flesh":5,"minecraft:sculk_sensor":3,"minecraft:iron_chestplate":1,"minecraft:torch":74,"minecraft:dirt":40,"minecraft:granite":2,"minecraft:iron_hoe":76,"minecraft:wooden_axe":23,"minecraft:iron_helmet":1,"minecraft:iron_boots":1,"minecraft:bow":5,"minecraft:furnace":4,"minecraft:egg":1,"minecraft:cooked_beef":30,"minecraft:cobbled_deepslate":4,"minecraft:enchanted_golden_apple":1,"minecraft:iron_leggings":1,"minecraft:cooked_mutton":10,"minecraft:water_bucket":92,"minecraft:birch_planks":5,"minecraft:stone_pickaxe":131,"minecraft:ender_pearl":1,"minecraft:wooden_pickaxe":13,"minecraft:white_wool":35,"minecraft:crafting_table":15,"minecraft:red_bed":1,"minecraft:white_bed":1,"minecraft:shears":121,"minecraft:smoker":8,"minecraft:cornflower":1,"minecraft:chicken":1,"minecraft:brown_wool":1,"minecraft:iron_pickaxe":151,"minecraft:gravel":6,"minecraft:soul_lantern":1,"minecraft:stone_axe":144,"minecraft:cobblestone":82,"minecraft:cooked_porkchop":27,"minecraft:bucket":93,"minecraft:gray_wool":125,"minecraft:candle":3}},"DataVersion":3953}