{"stats":{"minecraft:picked_up":{"minecraft:iron_chestplate":4,"minecraft:chainmail_boots":12,"minecraft:suspicious_stew":11,"minecraft:lead":10,"minecraft:smithing_table":1,"minecraft:stone_slab":14,"minecraft:diamond_sword":4,"minecraft:enchanted_book":9,"minecraft:golden_shovel":1,"minecraft:amethyst_block":22,"minecraft:string":46579,"minecraft:soul_soil":44,"minecraft:cherry_boat":1,"minecraft:diamond_leggings":4,"minecraft:gold_nugget":64,"minecraft:cobbled_deepslate":796,"minecraft:spruce_planks":697,"minecraft:melon_slice":34,"minecraft:mangrove_log":1,"minecraft:jukebox":2,"minecraft:composter":16,"minecraft:acacia_log":109,"minecraft:golden_axe":1,"minecraft:cherry_log":10,"minecraft:golden_chestplate":3,"minecraft:orange_bed":1,"minecraft:armadillo_scute":2,"minecraft:bookshelf":5,"minecraft:birch_log":3,"minecraft:magma_block":14,"minecraft:feather":16,"minecraft:cooked_beef":114,"minecraft:water_bucket":6,"minecraft:jungle_log":71,"minecraft:brown_wool":1,"minecraft:smoker":21,"minecraft:flint":46,"minecraft:lantern":1,"minecraft:stonecutter":1,"minecraft:diamond_helmet":2,"minecraft:acacia_stairs":4,"minecraft:barrel":71,"minecraft:iron_hoe":2,"minecraft:dispenser":33,"minecraft:blue_terracotta":1,"minecraft:lever":4,"minecraft:granite":79,"minecraft:chainmail_helmet":14,"minecraft:spruce_button":2,"minecraft:bread":18,"minecraft:diamond_pickaxe":12,"minecraft:mud":1,"minecraft:crafting_table":12,"minecraft:ominous_bottle":5,"minecraft:clay_ball":8,"minecraft:heavy_weighted_pressure_plate":2,"minecraft:cornflower":5,"minecraft:red_bed":1,"minecraft:flint_and_steel":3,"minecraft:glass_pane":86,"minecraft:music_disc_otherside":3,"minecraft:beef":108,"minecraft:poppy":37,"minecraft:iron_nugget":155,"minecraft:spruce_slab":1169,"minecraft:minecart":31,"minecraft:chest":58,"minecraft:diamond_hoe":1,"minecraft:egg":48,"minecraft:sandstone":1,"minecraft:stone":139,"minecraft:spruce_fence":35,"minecraft:carrot":8442,"minecraft:redstone":273,"minecraft:jungle_sign":10,"minecraft:stone_shovel":6,"minecraft:diamond_chestplate":1,"minecraft:cooked_cod":17,"minecraft:shears":3,"minecraft:diamond_boots":3,"minecraft:totem_of_undying":21,"minecraft:tuff_bricks":6,"minecraft:glow_berries":42,"minecraft:mutton":48,"minecraft:white_wool":51,"minecraft:rail":323,"minecraft:oxeye_daisy":17,"minecraft:stripped_oak_log":2,"minecraft:tripwire_hook":2,"minecraft:fern":1,"minecraft:red_mushroom":1,"minecraft:oak_log":238,"minecraft:ancient_debris":9,"minecraft:golden_boots":2,"minecraft:blue_bed":1,"minecraft:white_banner":17,"minecraft:apple":66,"minecraft:stone_bricks":20,"minecraft:kelp":699,"minecraft:wild_armor_trim_smithing_template":2,"minecraft:oak_fence_gate":2,"minecraft:stone_pickaxe":1,"minecraft:glass_bottle":2,"minecraft:iron_sword":4,"minecraft:spyglass":1,"minecraft:gravel":170,"minecraft:spruce_sapling":59,"minecraft:spruce_log":1515,"minecraft:crying_obsidian":1,"minecraft:diamond_shovel":5,"minecraft:slime_ball":10,"minecraft:stone_axe":2,"minecraft:diamond_axe":8,"minecraft:gray_wool":159,"minecraft:baked_potato":527,"minecraft:mangrove_propagule":8,"minecraft:hopper":34,"minecraft:ender_pearl":12,"minecraft:wheat":623,"minecraft:yellow_wool":2,"minecraft:potion":3,"minecraft:stone_brick_stairs":5,"minecraft:raw_copper":253,"minecraft:smooth_stone_slab":10,"minecraft:iron_leggings":4,"minecraft:activator_rail":173,"minecraft:smooth_stone":54,"minecraft:bucket":3,"minecraft:redstone_torch":1,"minecraft:cobblestone_slab":424,"minecraft:iron_pickaxe":2,"minecraft:deepslate_tile_wall":1,"minecraft:iron_boots":15,"minecraft:furnace":23,"minecraft:stick":176,"minecraft:jungle_door":2,"minecraft:oak_fence":67,"minecraft:torch":125,"minecraft:spruce_stairs":77,"minecraft:snow_block":6,"minecraft:porkchop":100,"minecraft:pointed_dripstone":6,"minecraft:diorite":46,"minecraft:vine":8,"minecraft:goat_horn":3,"minecraft:rotten_flesh":209,"minecraft:mangrove_roots":34,"minecraft:obsidian":95,"minecraft:cod":3,"minecraft:cobblestone":10982,"minecraft:repeater":1,"minecraft:andesite":76,"minecraft:potato":5784,"minecraft:tuff":91,"minecraft:acacia_boat":6,"minecraft:lapis_lazuli":204,"minecraft:dirt":26795,"minecraft:name_tag":3,"minecraft:leather_boots":2,"minecraft:glass":155,"minecraft:bone":167,"minecraft:acacia_planks":18,"minecraft:bow":15,"minecraft:wheat_seeds":4223,"minecraft:raw_gold":19,"minecraft:grindstone":1,"minecraft:fletching_table":28,"minecraft:bamboo":195,"minecraft:powered_rail":2,"minecraft:oak_planks":58,"minecraft:stone_hoe":1,"minecraft:cooked_porkchop":22,"minecraft:poisonous_potato":23,"minecraft:sand":309,"minecraft:jungle_planks":128,"minecraft:grass_block":297,"minecraft:jungle_slab":82,"minecraft:diamond":30,"minecraft:soul_lantern":5,"minecraft:crossbow":8,"minecraft:bone_meal":1,"minecraft:golden_apple":1,"minecraft:spruce_sign":17,"minecraft:emerald":116,"minecraft:oak_sapling":10,"minecraft:netherrack":2001,"minecraft:oak_leaves":26,"minecraft:cocoa_beans":18,"minecraft:fishing_rod":6,"minecraft:charcoal":6,"minecraft:azure_bluet":13,"minecraft:chicken":9,"minecraft:stone_brick_wall":2,"minecraft:gold_block":9,"minecraft:chain":318,"minecraft:shield":1,"minecraft:oak_trapdoor":2,"minecraft:moss_carpet":8,"minecraft:iron_axe":4,"minecraft:blackstone":51,"minecraft:candle":1,"minecraft:echo_shard":3,"minecraft:light_gray_wool":1,"minecraft:lectern":1141,"minecraft:sugar_cane":402,"minecraft:spruce_trapdoor":16,"minecraft:phantom_membrane":23,"minecraft:raw_iron":473,"minecraft:bowl":1,"minecraft:cookie":174,"minecraft:stone_pressure_plate":1,"minecraft:arrow":149,"minecraft:pumpkin_pie":48,"minecraft:saddle":13,"minecraft:basalt":1,"minecraft:golden_carrot":33,"minecraft:glow_ink_sac":3,"minecraft:salmon":10,"minecraft:leather":54,"minecraft:carrot_on_a_stick":1,"minecraft:chainmail_chestplate":6,"minecraft:gunpowder":69,"minecraft:yellow_bed":3,"minecraft:cobblestone_wall":188,"minecraft:cobblestone_stairs":112,"minecraft:cooked_mutton":30,"minecraft:iron_ingot":76,"minecraft:cooked_chicken":5,"minecraft:oxidized_cut_copper":1,"minecraft:acacia_sapling":13,"minecraft:soul_sand":64,"minecraft:book":112,"minecraft:scaffolding":417,"minecraft:oak_slab":2,"minecraft:emerald_block":103,"minecraft:stone_brick_slab":1,"minecraft:quartz":264,"minecraft:dandelion":82,"minecraft:dripstone_block":12,"minecraft:amethyst_shard":7,"minecraft:blast_furnace":2,"minecraft:white_bed":97,"minecraft:spruce_door":3,"minecraft:spider_eye":22,"minecraft:mangrove_leaves":1,"minecraft:chainmail_leggings":40,"minecraft:iron_helmet":1,"minecraft:cherry_sapling":1,"minecraft:coal":864},"minecraft:used":{"minecraft:tuff_bricks":6,"minecraft:dispenser":2,"minecraft:spruce_slab":690,"minecraft:poppy":5,"minecraft:chest":109,"minecraft:stone":24,"minecraft:rotten_flesh":5,"minecraft:jungle_slab":48,"minecraft:lava_bucket":62,"minecraft:grass_block":186,"minecraft:stone_brick_stairs":38,"minecraft:bow":1049,"minecraft:ominous_bottle":2,"minecraft:furnace":15,"minecraft:egg":52,"minecraft:potato":885,"minecraft:diorite":13,"minecraft:powered_rail":1,"minecraft:wooden_pickaxe":13,"minecraft:composter":13,"minecraft:oak_leaves":13,"minecraft:sand":4,"minecraft:lectern":1135,"minecraft:soul_lantern":1,"minecraft:diamond_sword":1182,"minecraft:fire_charge":2,"minecraft:oak_trapdoor":2,"minecraft:acacia_log":20,"minecraft:netherrack":774,"minecraft:torch":663,"minecraft:anvil":1,"minecraft:cod_bucket":8,"minecraft:fern":1,"minecraft:iron_axe":346,"minecraft:spruce_button":4,"minecraft:barrel":59,"minecraft:bamboo":1,"minecraft:diamond_chestplate":4,"minecraft:tripwire_hook":2,"minecraft:goat_horn":104,"minecraft:cobbled_deepslate":194,"minecraft:acacia_planks":118,"minecraft:pointed_dripstone":2,"minecraft:wheat_seeds":220,"minecraft:water_bucket":644,"minecraft:birch_planks":5,"minecraft:fletching_table":10,"minecraft:spruce_fence_gate":1,"minecraft:rail":61,"minecraft:vine":8,"minecraft:crafting_table":31,"minecraft:red_bed":1,"minecraft:white_bed":42,"minecraft:campfire":39,"minecraft:spruce_log":18,"minecraft:oak_log":17,"minecraft:mud":1,"minecraft:diamond_pickaxe":16482,"minecraft:cornflower":1,"minecraft:oxeye_daisy":1,"minecraft:diamond_shovel":23360,"minecraft:mangrove_propagule":2,"minecraft:iron_pickaxe":602,"minecraft:suspicious_stew":1,"minecraft:spruce_trapdoor":26,"minecraft:spruce_sapling":89,"minecraft:cobblestone":383,"minecraft:cooked_porkchop":183,"minecraft:glass_pane":13,"minecraft:dandelion":1,"minecraft:diamond_leggings":1,"minecraft:jukebox":3,"minecraft:candle":3,"minecraft:moss_carpet":8,"minecraft:iron_shovel":770,"minecraft:carrot_on_a_stick":14,"minecraft:shield":145,"minecraft:iron_sword":449,"minecraft:bell":1,"minecraft:sculk_sensor":3,"minecraft:iron_chestplate":1,"minecraft:oxidized_cut_copper":1,"minecraft:carrot":569,"minecraft:tuff":6,"minecraft:obsidian":35,"minecraft:glass":247,"minecraft:lantern":24,"minecraft:iron_helmet":1,"minecraft:stone_bricks":30,"minecraft:scaffolding":361,"minecraft:mangrove_roots":1,"minecraft:gold_block":2,"minecraft:mangrove_leaves":1,"minecraft:diamond_boots":2,"minecraft:stone_pickaxe":1310,"minecraft:mangrove_planks":4,"minecraft:oak_planks":25,"minecraft:ender_pearl":12,"minecraft:diamond_axe":3959,"minecraft:white_wool":40,"minecraft:crossbow":15,"minecraft:stone_brick_wall":4,"minecraft:dripstone_block":9,"minecraft:shears":169,"minecraft:redstone_torch":1,"minecraft:lever":4,"minecraft:string":28,"minecraft:bread":8,"minecraft:brown_wool":1,"minecraft:gravel":11,"minecraft:andesite":1,"minecraft:chain":406,"minecraft:smooth_stone_slab":2,"minecraft:tropical_fish_bucket":1,"minecraft:bone_meal":118,"minecraft:oak_fence":5,"minecraft:cherry_boat":1,"minecraft:flint_and_steel":107,"minecraft:stone_shovel":1683,"minecraft:redstone":31,"minecraft:spruce_planks":176,"minecraft:cooked_chicken":3,"minecraft:spyglass":18,"minecraft:dirt":10581,"minecraft:hopper":8,"minecraft:spruce_stairs":39,"minecraft:cobblestone_wall":33,"minecraft:diamond_helmet":4,"minecraft:salmon_bucket":3,"minecraft:granite":2,"minecraft:spruce_fence":64,"minecraft:iron_hoe":144,"minecraft:stone_brick_slab":24,"minecraft:wooden_axe":23,"minecraft:bookshelf":38,"minecraft:iron_boots":2,"minecraft:golden_carrot":125,"minecraft:emerald_block":8,"minecraft:soul_soil":6,"minecraft:minecart":16,"minecraft:stone_pressure_plate":1,"minecraft:cooked_beef":108,"minecraft:enchanted_golden_apple":1,"minecraft:iron_leggings":1,"minecraft:cooked_mutton":47,"minecraft:acacia_boat":6,"minecraft:amethyst_block":13,"minecraft:cobblestone_stairs":18,"minecraft:baked_potato":84,"minecraft:spruce_sign":1,"minecraft:cobblestone_slab":989,"minecraft:smoker":13,"minecraft:acacia_stairs":97,"minecraft:apple":8,"minecraft:chicken":2,"minecraft:stone_slab":27,"minecraft:stone_axe":152,"minecraft:fishing_rod":1,"minecraft:white_banner":6,"minecraft:jungle_door":5,"minecraft:bucket":719,"minecraft:yellow_bed":3,"minecraft:gray_wool":125},"minecraft:broken":{"minecraft:iron_boots":1,"minecraft:iron_sword":1,"minecraft:bow":1,"minecraft:shield":2,"minecraft:iron_axe":2,"minecraft:iron_pickaxe":2,"minecraft:iron_shovel":3,"minecraft:stone_pickaxe":10,"minecraft:stone_axe":1,"minecraft:stone_shovel":12},"minecraft:mined":{"minecraft:white_bed":70,"minecraft:cherry_log":10,"minecraft:jungle_leaves":5,"minecraft:obsidian":46,"minecraft:granite":98,"minecraft:acacia_log":111,"minecraft:deepslate_tile_wall":1,"minecraft:stone_brick_wall":2,"minecraft:jungle_log":71,"minecraft:hopper":26,"minecraft:oxeye_daisy":2,"minecraft:spawner":1,"minecraft:tall_seagrass":6,"minecraft:magma_block":10,"minecraft:cobbled_deepslate":4,"minecraft:fire":46,"minecraft:barrel":69,"minecraft:fletching_table":20,"minecraft:deepslate_lapis_ore":7,"minecraft:sculk_shrieker":1,"minecraft:dirt_path":209,"minecraft:white_banner":2,"minecraft:tripwire":20,"minecraft:orange_bed":1,"minecraft:red_bed":1,"minecraft:kelp_plant":61,"minecraft:smoker":12,"minecraft:soul_fire":11,"minecraft:powder_snow":21,"minecraft:torch":24,"minecraft:blast_furnace":1,"minecraft:glass":157,"minecraft:white_candle":1,"minecraft:sugar_cane":161,"minecraft:amethyst_block":13,"minecraft:chain":79,"minecraft:mud":1,"minecraft:wheat":314,"minecraft:jukebox":1,"minecraft:stone_brick_stairs":5,"minecraft:oak_fence_gate":1,"minecraft:stonecutter":1,"minecraft:deepslate":672,"minecraft:mossy_cobblestone":1,"minecraft:spruce_fence":2,"minecraft:jungle_planks":55,"minecraft:redstone_wire":27,"minecraft:kelp":10,"minecraft:redstone_ore":9,"minecraft:snow":2,"minecraft:andesite":35,"minecraft:potatoes":643,"minecraft:cobblestone_slab":135,"minecraft:vine":32,"minecraft:rail":74,"minecraft:bamboo":17,"minecraft:white_wool":9,"minecraft:smithing_table":1,"minecraft:glass_pane":10,"minecraft:soul_sand":101,"minecraft:stone_brick_slab":1,"minecraft:dandelion":18,"minecraft:cornflower":3,"minecraft:short_grass":704,"minecraft:spruce_button":2,"minecraft:emerald_ore":1,"minecraft:campfire":4,"minecraft:tall_grass":92,"minecraft:copper_ore":33,"minecraft:deepslate_gold_ore":2,"minecraft:diorite":38,"minecraft:cobblestone_wall":177,"minecraft:spruce_log":1285,"minecraft:gravel":220,"minecraft:dripstone_block":15,"minecraft:acacia_planks":13,"minecraft:stone_bricks":20,"minecraft:gold_ore":4,"minecraft:fern":47,"minecraft:stone_pressure_plate":1,"minecraft:spruce_planks":270,"minecraft:farmland":175,"minecraft:jungle_slab":2,"minecraft:cobblestone_stairs":129,"minecraft:sculk_vein":5,"minecraft:spruce_trapdoor":13,"minecraft:grass_block":13946,"minecraft:soul_soil":36,"minecraft:composter":13,"minecraft:tuff_bricks":6,"minecraft:iron_ore":250,"minecraft:azure_bluet":1,"minecraft:pointed_dripstone":3,"minecraft:spruce_slab":548,"minecraft:deepslate_redstone_ore":17,"minecraft:jungle_door":2,"minecraft:blackstone":60,"minecraft:soul_lantern":5,"minecraft:clay":1,"minecraft:poppy":1,"minecraft:chest":37,"minecraft:nether_quartz_ore":202,"minecraft:cobblestone":236,"minecraft:grindstone":1,"minecraft:oak_planks":24,"minecraft:wall_torch":8,"minecraft:seagrass":3,"minecraft:blue_terracotta":1,"minecraft:powered_rail":1,"minecraft:birch_log":3,"minecraft:stripped_oak_wood":1,"minecraft:smooth_stone_slab":3,"minecraft:oak_log":233,"minecraft:sand":359,"minecraft:dirt":9981,"minecraft:dispenser":10,"minecraft:netherrack":6505,"minecraft:ancient_debris":9,"minecraft:oak_leaves":71,"minecraft:emerald_block":8,"minecraft:nether_gold_ore":8,"minecraft:diamond_ore":1,"minecraft:crying_obsidian":1,"minecraft:tuff":87,"minecraft:deepslate_diamond_ore":29,"minecraft:candle":1,"minecraft:mangrove_roots":1,"minecraft:lever":2,"minecraft:spruce_leaves":6,"minecraft:mangrove_propagule":2,"minecraft:sandstone":1,"minecraft:oxidized_cut_copper":1,"minecraft:oak_trapdoor":10,"minecraft:spruce_sapling":1,"minecraft:furnace":11,"minecraft:carrots":679,"minecraft:acacia_stairs":5,"minecraft:gold_block":5,"minecraft:bookshelf":31,"minecraft:deepslate_iron_ore":43,"minecraft:stripped_oak_log":2,"minecraft:packed_ice":2,"minecraft:stone":7072,"minecraft:podzol":314,"minecraft:acacia_leaves":16,"minecraft:scaffolding":206,"minecraft:snow_block":6,"minecraft:basalt":1,"minecraft:oak_fence":37,"minecraft:crafting_table":9,"minecraft:sculk_sensor":8,"minecraft:lectern":1136,"minecraft:stone_slab":14,"minecraft:deepslate_coal_ore":1,"minecraft:lapis_ore":12,"minecraft:sculk":65,"minecraft:spruce_stairs":60,"minecraft:gray_wool":127,"minecraft:white_wall_banner":1,"minecraft:yellow_bed":3,"minecraft:coal_ore":398,"minecraft:jungle_wall_sign":1},"minecraft:dropped":{"minecraft:iron_sword":1,"minecraft:piston":1,"minecraft:porkchop":3,"minecraft:ominous_bottle":1,"minecraft:cooked_beef":81,"minecraft:diamond":2,"minecraft:crafting_table":2,"minecraft:cooked_porkchop":67,"minecraft:crossbow":3,"minecraft:cookie":2,"minecraft:glow_berries":21,"minecraft:saddle":1,"minecraft:rail":226,"minecraft:emerald":214,"minecraft:gold_block":2,"minecraft:dirt":2629,"minecraft:stone_button":1,"minecraft:chain":337,"minecraft:bone_meal":81,"minecraft:phantom_membrane":11,"minecraft:sand":46,"minecraft:white_wool":3,"minecraft:bone":298,"minecraft:stone_axe":2,"minecraft:emerald_block":111,"minecraft:goat_horn":2,"minecraft:sugar_cane":142,"minecraft:iron_nugget":142,"minecraft:cooked_chicken":1,"minecraft:golden_chestplate":3,"minecraft:cobbled_deepslate":11,"minecraft:wheat":131,"minecraft:obsidian":42,"minecraft:rotten_flesh":98,"minecraft:oak_planks":38,"minecraft:azure_bluet":6,"minecraft:white_bed":5,"minecraft:heavy_weighted_pressure_plate":1,"minecraft:charcoal":6,"minecraft:jungle_log":4,"minecraft:hopper":17,"minecraft:leather_boots":2,"minecraft:acacia_sapling":13,"minecraft:spruce_slab":180,"minecraft:campfire":29,"minecraft:glass":170,"minecraft:beef":2,"minecraft:lectern":12,"minecraft:egg":2,"minecraft:enchanted_book":2,"minecraft:iron_ingot":5,"minecraft:wheat_seeds":1550,"minecraft:dripstone_block":1,"minecraft:iron_helmet":11,"minecraft:feather":16,"minecraft:cobblestone":936,"minecraft:book":15,"minecraft:apple":1,"minecraft:granite":35,"minecraft:disc_fragment_5":2,"minecraft:chainmail_helmet":1,"minecraft:coal":145,"minecraft:oxeye_daisy":8,"minecraft:jungle_slab":40,"minecraft:gray_wool":32,"minecraft:golden_carrot":36,"minecraft:wooden_axe":1,"minecraft:cherry_planks":9,"minecraft:diamond_helmet":1,"minecraft:potion":2,"minecraft:armadillo_scute":3,"minecraft:white_banner":2,"minecraft:smooth_stone":1,"minecraft:chainmail_leggings":34,"minecraft:paper":9,"minecraft:string":2411,"minecraft:acacia_planks":8,"minecraft:spruce_sapling":17,"minecraft:furnace":4,"minecraft:soul_soil":16,"minecraft:cobblestone_wall":8,"minecraft:cocoa_beans":18,"minecraft:diamond_hoe":1,"minecraft:stone_shovel":2,"minecraft:chicken":1,"minecraft:iron_boots":3,"minecraft:stone_slab":2,"minecraft:shears":1,"minecraft:suspicious_stew":2,"minecraft:blast_furnace":4,"minecraft:diamond_sword":3,"minecraft:potato":72,"minecraft:cobblestone_slab":534,"minecraft:stone":78,"minecraft:spruce_trapdoor":10,"minecraft:spruce_planks":878,"minecraft:diamond_pickaxe":10,"minecraft:redstone_torch":13,"minecraft:spider_eye":13,"minecraft:barrel":4,"minecraft:bamboo":5,"minecraft:bow":6,"minecraft:magma_block":14,"minecraft:spruce_sign":9,"minecraft:diamond_axe":6,"minecraft:oak_log":22,"minecraft:lantern":111,"minecraft:deepslate_tile_wall":1,"minecraft:leather":8,"minecraft:jungle_planks":75,"minecraft:cod":1,"minecraft:flint":6,"minecraft:cobblestone_stairs":358,"minecraft:dark_oak_log":2,"minecraft:dispenser":12,"minecraft:cornflower":4,"minecraft:gravel":19,"minecraft:soul_lantern":4,"minecraft:cherry_sapling":1,"minecraft:diamond_shovel":4,"minecraft:acacia_stairs":3,"minecraft:carrot":2851,"minecraft:chainmail_chestplate":16,"minecraft:poppy":12,"minecraft:gunpowder":21,"minecraft:stone_brick_wall":4,"minecraft:chest":24,"minecraft:basalt":1,"minecraft:arrow":5,"minecraft:powered_rail":33,"minecraft:scaffolding":88,"minecraft:quartz":17,"minecraft:netherrack":192,"minecraft:water_bucket":7,"minecraft:bread":13,"minecraft:oak_slab":2,"minecraft:minecart":6,"minecraft:bookshelf":5,"minecraft:diamond_leggings":3,"minecraft:poisonous_potato":12,"minecraft:golden_axe":1,"minecraft:activator_rail":98,"minecraft:spruce_stairs":7,"minecraft:grass_block":17,"minecraft:stick":90,"minecraft:diorite":1,"minecraft:torch":5,"minecraft:iron_leggings":2,"minecraft:iron_axe":2,"minecraft:orange_bed":1,"minecraft:bucket":2,"minecraft:dandelion":38,"minecraft:redstone":84,"minecraft:kelp":313,"minecraft:raw_copper":39,"minecraft:tuff":21,"minecraft:raw_iron":11,"minecraft:light_gray_wool":1,"minecraft:iron_hoe":1,"minecraft:totem_of_undying":1,"minecraft:glass_pane":59,"minecraft:flint_and_steel":1,"minecraft:shield":1,"minecraft:diamond_chestplate":1,"minecraft:andesite":24,"minecraft:oak_sapling":4,"minecraft:diamond_boots":1,"minecraft:spruce_log":864,"minecraft:wooden_pickaxe":1},"minecraft:custom":{"minecraft:interact_with_crafting_table":179,"minecraft:open_barrel":123,"minecraft:bell_ring":1,"minecraft:leave_game":68,"minecraft:time_since_death":2605413,"minecraft:damage_blocked_by_shield":8076,"minecraft:play_time":2605413,"minecraft:jump":59831,"minecraft:enchant_item":15,"minecraft:interact_with_furnace":251,"minecraft:play_record":2,"minecraft:traded_with_villager":4342,"minecraft:sleep_in_bed":69,"minecraft:damage_dealt":127836,"minecraft:interact_with_smoker":85,"minecraft:inspect_dispenser":34,"minecraft:horse_one_cm":21839,"minecraft:interact_with_smithing_table":1,"minecraft:interact_with_anvil":56,"minecraft:inspect_hopper":18,"minecraft:sneak_time":143620,"minecraft:interact_with_blast_furnace":42,"minecraft:total_world_time":2605413,"minecraft:time_since_rest":142724,"minecraft:swim_one_cm":487172,"minecraft:fly_one_cm":14770976,"minecraft:open_chest":2282,"minecraft:fall_one_cm":1345244,"minecraft:animals_bred":2,"minecraft:damage_resisted":144,"minecraft:sprint_one_cm":8516500,"minecraft:drop":1123,"minecraft:talked_to_villager":2889,"minecraft:walk_on_water_one_cm":268698,"minecraft:player_kills":17,"minecraft:crouch_one_cm":647765,"minecraft:mob_kills":1169,"minecraft:climb_one_cm":75550,"minecraft:walk_one_cm":5194796,"minecraft:raid_win":2,"minecraft:walk_under_water_one_cm":491032,"minecraft:boat_one_cm":214504,"minecraft:raid_trigger":2,"minecraft:interact_with_grindstone":11,"minecraft:damage_taken":22315,"minecraft:damage_absorbed":160,"minecraft:minecart_one_cm":214775,"minecraft:pig_one_cm":24334},"minecraft:killed":{"minecraft:cave_spider":2,"minecraft:skeleton":181,"minecraft:chicken":15,"minecraft:skeleton_horse":1,"minecraft:iron_golem":3,"minecraft:pillager":59,"minecraft:goat":2,"minecraft:zombie":302,"minecraft:cow":53,"minecraft:evoker":12,"minecraft:vindicator":38,"minecraft:endermite":1,"minecraft:husk":1,"minecraft:wandering_trader":4,"minecraft:frog":1,"minecraft:ravager":12,"minecraft:enderman":10,"minecraft:zombified_piglin":1,"minecraft:witch":13,"minecraft:spider":75,"minecraft:pig":54,"minecraft:zombie_villager":4,"minecraft:creeper":101,"minecraft:sheep":38,"minecraft:trader_llama":6,"minecraft:ghast":1,"minecraft:vex":24,"minecraft:armadillo":3,"minecraft:slime":9,"minecraft:phantom":34,"minecraft:drowned":3,"minecraft:villager":1},"minecraft:crafted":{"minecraft:smooth_stone":104,"minecraft:chainmail_helmet":14,"minecraft:chain":672,"minecraft:lever":2,"minecraft:diamond_shovel":1,"minecraft:bookshelf":45,"minecraft:cooked_mutton":36,"minecraft:glass":474,"minecraft:diamond_helmet":2,"minecraft:diamond_leggings":5,"minecraft:dried_kelp_block":1,"minecraft:emerald":4205,"minecraft:cooked_porkchop":330,"minecraft:diamond_axe":2,"minecraft:campfire":172,"minecraft:stone_brick_stairs":40,"minecraft:lectern":7,"minecraft:stone_slab":36,"minecraft:iron_pickaxe":3,"minecraft:iron_block":20,"minecraft:gold_ingot":18,"minecraft:netherite_ingot":2,"minecraft:spruce_fence_gate":1,"minecraft:golden_carrot":210,"minecraft:stone_shovel":22,"minecraft:smooth_stone_slab":6,"minecraft:jukebox":1,"minecraft:iron_nugget":1888,"minecraft:bone_meal":198,"minecraft:spruce_fence":48,"minecraft:lantern":120,"minecraft:spruce_stairs":28,"minecraft:spruce_slab":480,"minecraft:stone_pickaxe":15,"minecraft:diamond_boots":4,"minecraft:chainmail_leggings":17,"minecraft:dried_kelp":35,"minecraft:acacia_stairs":96,"minecraft:enchanted_book":20,"minecraft:jungle_slab":120,"minecraft:chainmail_boots":12,"minecraft:wooden_axe":1,"minecraft:iron_shovel":3,"minecraft:iron_leggings":2,"minecraft:white_bed":1,"minecraft:oak_planks":548,"minecraft:cobblestone_slab":1364,"minecraft:barrel":1,"minecraft:cooked_chicken":2,"minecraft:cherry_boat":1,"minecraft:cobblestone_stairs":336,"minecraft:stone":962,"minecraft:suspicious_stew":12,"minecraft:stone_brick_slab":84,"minecraft:bow":5,"minecraft:iron_boots":26,"minecraft:chest":75,"minecraft:stone_bricks":224,"minecraft:oak_fence":9,"minecraft:smoker":1,"minecraft:crafting_table":23,"minecraft:spruce_planks":1764,"minecraft:wooden_pickaxe":1,"minecraft:iron_helmet":12,"minecraft:chainmail_chestplate":12,"minecraft:birch_planks":12,"minecraft:apple":64,"minecraft:spruce_trapdoor":36,"minecraft:book":17,"minecraft:iron_chestplate":1,"minecraft:paper":99,"minecraft:diamond_pickaxe":10,"minecraft:emerald_block":172,"minecraft:shield":4,"minecraft:stick":452,"minecraft:iron_ingot":397,"minecraft:shears":3,"minecraft:cherry_planks":40,"minecraft:cookie":216,"minecraft:stone_brick_wall":6,"minecraft:fishing_rod":1,"minecraft:spruce_button":2,"minecraft:furnace":12,"minecraft:stone_button":1,"minecraft:blast_furnace":4,"minecraft:piston":1,"minecraft:glass_pane":144,"minecraft:oak_trapdoor":6,"minecraft:flint_and_steel":2,"minecraft:scaffolding":126,"minecraft:iron_axe":2,"minecraft:iron_hoe":2,"minecraft:netherite_scrap":9,"minecraft:cooked_beef":95,"minecraft:diamond_sword":1,"minecraft:spruce_sign":9,"minecraft:iron_sword":2,"minecraft:mangrove_planks":4,"minecraft:bucket":1,"minecraft:stone_axe":2,"minecraft:air":0,"minecraft:bread":108,"minecraft:acacia_boat":1,"minecraft:jungle_planks":56,"minecraft:jungle_door":3,"minecraft:anvil":1,"minecraft:pumpkin_pie":48,"minecraft:acacia_planks":376,"minecraft:torch":532,"minecraft:carrot_on_a_stick":1,"minecraft:diamond_chestplate":2}},"DataVersion":3953}