{"stats":{"minecraft:used":{"minecraft:tuff_bricks":6,"minecraft:iron_shovel":770,"minecraft:dispenser":2,"minecraft:poppy":5,"minecraft:chest":23,"minecraft:shield":145,"minecraft:iron_sword":449,"minecraft:sculk_sensor":3,"minecraft:rotten_flesh":5,"minecraft:iron_chestplate":1,"minecraft:oxidized_cut_copper":1,"minecraft:obsidian":1,"minecraft:lava_bucket":25,"minecraft:iron_helmet":1,"minecraft:bow":5,"minecraft:furnace":7,"minecraft:gold_block":2,"minecraft:egg":10,"minecraft:diorite":1,"minecraft:diamond_boots":2,"minecraft:oak_planks":9,"minecraft:stone_pickaxe":1310,"minecraft:ender_pearl":3,"minecraft:wooden_pickaxe":13,"minecraft:diamond_axe":140,"minecraft:white_wool":36,"minecraft:shears":121,"minecraft:string":5,"minecraft:bread":1,"minecraft:brown_wool":1,"minecraft:lectern":50,"minecraft:gravel":6,"minecraft:soul_lantern":1,"minecraft:diamond_sword":16,"minecraft:andesite":1,"minecraft:tropical_fish_bucket":1,"minecraft:cherry_boat":1,"minecraft:acacia_log":20,"minecraft:flint_and_steel":2,"minecraft:stone_shovel":1683,"minecraft:redstone":3,"minecraft:cooked_chicken":2,"minecraft:torch":164,"minecraft:dirt":1569,"minecraft:spyglass":2,"minecraft:granite":2,"minecraft:iron_hoe":76,"minecraft:wooden_axe":23,"minecraft:bookshelf":9,"minecraft:iron_axe":346,"minecraft:iron_boots":2,"minecraft:diamond_chestplate":3,"minecraft:golden_carrot":9,"minecraft:goat_horn":78,"minecraft:cooked_beef":44,"minecraft:acacia_planks":118,"minecraft:cobbled_deepslate":39,"minecraft:enchanted_golden_apple":1,"minecraft:iron_leggings":1,"minecraft:pointed_dripstone":2,"minecraft:wheat_seeds":27,"minecraft:cooked_mutton":31,"minecraft:water_bucket":190,"minecraft:birch_planks":5,"minecraft:crafting_table":20,"minecraft:red_bed":1,"minecraft:white_bed":2,"minecraft:spruce_log":3,"minecraft:smoker":10,"minecraft:acacia_stairs":97,"minecraft:diamond_pickaxe":1129,"minecraft:cornflower":1,"minecraft:oxeye_daisy":1,"minecraft:diamond_shovel":1936,"minecraft:chicken":1,"minecraft:iron_pickaxe":602,"minecraft:spruce_sapling":4,"minecraft:stone_axe":152,"minecraft:cobblestone":211,"minecraft:cooked_porkchop":69,"minecraft:bucket":217,"minecraft:dandelion":1,"minecraft:gray_wool":125,"minecraft:candle":3},"minecraft:picked_up":{"minecraft:wheat":26,"minecraft:lead":2,"minecraft:potion":3,"minecraft:enchanted_book":5,"minecraft:golden_shovel":1,"minecraft:string":9693,"minecraft:iron_leggings":2,"minecraft:smooth_stone_slab":4,"minecraft:cherry_boat":1,"minecraft:cobbled_deepslate":549,"minecraft:deepslate_tile_wall":1,"minecraft:furnace":6,"minecraft:iron_boots":1,"minecraft:stick":27,"minecraft:torch":24,"minecraft:acacia_log":91,"minecraft:porkchop":93,"minecraft:cherry_log":10,"minecraft:pointed_dripstone":2,"minecraft:diorite":8,"minecraft:golden_chestplate":1,"minecraft:goat_horn":1,"minecraft:orange_bed":1,"minecraft:rotten_flesh":44,"minecraft:armadillo_scute":2,"minecraft:obsidian":19,"minecraft:cobblestone":2166,"minecraft:birch_log":3,"minecraft:feather":6,"minecraft:andesite":25,"minecraft:brown_wool":1,"minecraft:smoker":9,"minecraft:potato":40,"minecraft:flint":2,"minecraft:tuff":64,"minecraft:lapis_lazuli":68,"minecraft:dirt":7553,"minecraft:name_tag":1,"minecraft:bone":99,"minecraft:acacia_planks":18,"minecraft:bow":7,"minecraft:wheat_seeds":229,"minecraft:raw_gold":5,"minecraft:oak_planks":10,"minecraft:grass_block":2,"minecraft:acacia_stairs":4,"minecraft:dispenser":4,"minecraft:diamond":30,"minecraft:soul_lantern":5,"minecraft:granite":31,"minecraft:emerald":2,"minecraft:bread":17,"minecraft:oak_sapling":5,"minecraft:diamond_pickaxe":1,"minecraft:crafting_table":5,"minecraft:azure_bluet":2,"minecraft:ominous_bottle":1,"minecraft:chicken":3,"minecraft:gold_block":7,"minecraft:cornflower":3,"minecraft:red_bed":1,"minecraft:candle":1,"minecraft:beef":106,"minecraft:echo_shard":3,"minecraft:poppy":3,"minecraft:light_gray_wool":1,"minecraft:lectern":49,"minecraft:sugar_cane":100,"minecraft:chest":4,"minecraft:phantom_membrane":8,"minecraft:egg":11,"minecraft:raw_iron":198,"minecraft:carrot":13,"minecraft:redstone":90,"minecraft:arrow":25,"minecraft:stone_shovel":1,"minecraft:saddle":1,"minecraft:tuff_bricks":6,"minecraft:glow_berries":42,"minecraft:mutton":48,"minecraft:white_wool":41,"minecraft:oxeye_daisy":5,"minecraft:golden_carrot":33,"minecraft:glow_ink_sac":2,"minecraft:leather":38,"minecraft:oak_log":76,"minecraft:gunpowder":18,"minecraft:cooked_mutton":11,"minecraft:wild_armor_trim_smithing_template":2,"minecraft:iron_ingot":33,"minecraft:glass_bottle":2,"minecraft:acacia_sapling":12,"minecraft:oxidized_cut_copper":1,"minecraft:book":6,"minecraft:dandelion":11,"minecraft:gravel":22,"minecraft:amethyst_shard":7,"minecraft:spruce_sapling":5,"minecraft:blast_furnace":1,"minecraft:white_bed":2,"minecraft:spruce_log":87,"minecraft:spider_eye":6,"minecraft:diamond_shovel":3,"minecraft:slime_ball":4,"minecraft:stone_axe":1,"minecraft:cherry_sapling":1,"minecraft:gray_wool":157,"minecraft:coal":427,"minecraft:ender_pearl":3},"minecraft:dropped":{"minecraft:cooked_beef":6,"minecraft:oak_log":5,"minecraft:diamond":2,"minecraft:cooked_porkchop":21,"minecraft:glow_berries":21,"minecraft:deepslate_tile_wall":1,"minecraft:jungle_planks":3,"minecraft:flint":1,"minecraft:emerald":146,"minecraft:gold_block":2,"minecraft:dirt":410,"minecraft:dark_oak_log":2,"minecraft:dispenser":2,"minecraft:cornflower":2,"minecraft:phantom_membrane":4,"minecraft:white_wool":2,"minecraft:bone":42,"minecraft:gravel":5,"minecraft:stone_axe":2,"minecraft:goat_horn":1,"minecraft:golden_chestplate":1,"minecraft:cobbled_deepslate":11,"minecraft:soul_lantern":4,"minecraft:cherry_sapling":1,"minecraft:rotten_flesh":22,"minecraft:diamond_shovel":3,"minecraft:acacia_stairs":3,"minecraft:gunpowder":2,"minecraft:acacia_sapling":12,"minecraft:enchanted_book":1,"minecraft:iron_ingot":4,"minecraft:wheat_seeds":80,"minecraft:diamond_leggings":1,"minecraft:feather":6,"minecraft:cobblestone":49,"minecraft:disc_fragment_5":2,"minecraft:chainmail_helmet":1,"minecraft:grass_block":2,"minecraft:stick":20,"minecraft:oxeye_daisy":2,"minecraft:gray_wool":32,"minecraft:golden_carrot":36,"minecraft:wooden_axe":1,"minecraft:cherry_planks":9,"minecraft:potion":2,"minecraft:iron_leggings":2,"minecraft:armadillo_scute":1,"minecraft:orange_bed":1,"minecraft:paper":9,"minecraft:string":273,"minecraft:spruce_sapling":1,"minecraft:acacia_planks":8,"minecraft:dandelion":1,"minecraft:redstone":4,"minecraft:stone_shovel":1,"minecraft:light_gray_wool":1,"minecraft:iron_boots":1,"minecraft:iron_hoe":1,"minecraft:shield":1,"minecraft:diamond_pickaxe":1,"minecraft:andesite":23,"minecraft:oak_sapling":3,"minecraft:spider_eye":5,"minecraft:bow":3,"minecraft:wooden_pickaxe":1},"minecraft:killed":{"minecraft:cave_spider":2,"minecraft:witch":2,"minecraft:spider":24,"minecraft:skeleton":40,"minecraft:chicken":3,"minecraft:pig":44,"minecraft:zombie_villager":2,"minecraft:creeper":17,"minecraft:sheep":32,"minecraft:trader_llama":2,"minecraft:goat":2,"minecraft:zombie":87,"minecraft:cow":47,"minecraft:armadillo":2,"minecraft:slime":8,"minecraft:phantom":11,"minecraft:drowned":2,"minecraft:wandering_trader":1,"minecraft:enderman":2},"minecraft:custom":{"minecraft:interact_with_crafting_table":68,"minecraft:leave_game":23,"minecraft:time_since_death":729051,"minecraft:damage_resisted":144,"minecraft:sprint_one_cm":1947395,"minecraft:damage_blocked_by_shield":8076,"minecraft:drop":171,"minecraft:talked_to_villager":281,"minecraft:play_time":729051,"minecraft:jump":17107,"minecraft:walk_on_water_one_cm":73762,"minecraft:enchant_item":9,"minecraft:interact_with_furnace":50,"minecraft:traded_with_villager":1130,"minecraft:sleep_in_bed":17,"minecraft:damage_dealt":50582,"minecraft:crouch_one_cm":241366,"minecraft:interact_with_smoker":66,"minecraft:inspect_dispenser":1,"minecraft:mob_kills":340,"minecraft:interact_with_anvil":15,"minecraft:climb_one_cm":1706,"minecraft:walk_one_cm":1094195,"minecraft:sneak_time":53429,"minecraft:walk_under_water_one_cm":58174,"minecraft:interact_with_blast_furnace":25,"minecraft:total_world_time":729051,"minecraft:interact_with_grindstone":6,"minecraft:time_since_rest":17302,"minecraft:damage_taken":8556,"minecraft:damage_absorbed":160,"minecraft:swim_one_cm":164558,"minecraft:fly_one_cm":3877650,"minecraft:open_chest":362,"minecraft:fall_one_cm":493834},"minecraft:mined":{"minecraft:white_bed":2,"minecraft:cherry_log":10,"minecraft:sculk_vein":5,"minecraft:obsidian":19,"minecraft:granite":31,"minecraft:acacia_log":92,"minecraft:deepslate_tile_wall":1,"minecraft:grass_block":2650,"minecraft:oxeye_daisy":1,"minecraft:tuff_bricks":6,"minecraft:spawner":1,"minecraft:iron_ore":169,"minecraft:fire":2,"minecraft:deepslate_lapis_ore":5,"minecraft:sculk_shrieker":1,"minecraft:pointed_dripstone":1,"minecraft:dirt_path":3,"minecraft:tripwire":5,"minecraft:orange_bed":1,"minecraft:deepslate_redstone_ore":10,"minecraft:red_bed":1,"minecraft:smoker":9,"minecraft:soul_lantern":5,"minecraft:powder_snow":19,"minecraft:torch":2,"minecraft:chest":2,"minecraft:cobblestone":21,"minecraft:white_candle":1,"minecraft:sugar_cane":61,"minecraft:oak_planks":9,"minecraft:wall_torch":1,"minecraft:seagrass":1,"minecraft:birch_log":3,"minecraft:wheat":27,"minecraft:smooth_stone_slab":2,"minecraft:oak_log":76,"minecraft:dirt":1698,"minecraft:oak_leaves":11,"minecraft:deepslate":542,"minecraft:diamond_ore":1,"minecraft:tuff":64,"minecraft:deepslate_diamond_ore":29,"minecraft:candle":1,"minecraft:oxidized_cut_copper":1,"minecraft:redstone_ore":4,"minecraft:furnace":4,"minecraft:acacia_stairs":5,"minecraft:andesite":4,"minecraft:gold_block":3,"minecraft:bookshelf":2,"minecraft:deepslate_iron_ore":30,"minecraft:packed_ice":2,"minecraft:stone":1904,"minecraft:white_wool":9,"minecraft:acacia_leaves":15,"minecraft:crafting_table":4,"minecraft:short_grass":177,"minecraft:emerald_ore":1,"minecraft:sculk_sensor":8,"minecraft:lectern":48,"minecraft:tall_grass":26,"minecraft:deepslate_coal_ore":1,"minecraft:lapis_ore":7,"minecraft:deepslate_gold_ore":2,"minecraft:sculk":65,"minecraft:diorite":9,"minecraft:gray_wool":127,"minecraft:spruce_log":87,"minecraft:coal_ore":117,"minecraft:gravel":12,"minecraft:acacia_planks":13,"minecraft:gold_ore":4,"minecraft:fern":7},"minecraft:crafted":{"minecraft:oak_planks":268,"minecraft:smooth_stone":51,"minecraft:chainmail_helmet":14,"minecraft:cooked_chicken":2,"minecraft:cherry_boat":1,"minecraft:diamond_shovel":1,"minecraft:bookshelf":12,"minecraft:cooked_mutton":36,"minecraft:diamond_helmet":1,"minecraft:bow":2,"minecraft:diamond_leggings":3,"minecraft:iron_boots":14,"minecraft:chest":19,"minecraft:smoker":1,"minecraft:emerald":1019,"minecraft:cooked_porkchop":90,"minecraft:diamond_axe":1,"minecraft:crafting_table":15,"minecraft:spruce_planks":40,"minecraft:wooden_pickaxe":1,"minecraft:iron_helmet":1,"minecraft:birch_planks":12,"minecraft:apple":64,"minecraft:lectern":3,"minecraft:diamond_pickaxe":9,"minecraft:iron_chestplate":1,"minecraft:book":17,"minecraft:paper":99,"minecraft:shield":4,"minecraft:stick":140,"minecraft:iron_ingot":207,"minecraft:iron_pickaxe":3,"minecraft:shears":1,"minecraft:golden_carrot":108,"minecraft:cherry_planks":40,"minecraft:stone_shovel":22,"minecraft:furnace":3,"minecraft:flint_and_steel":1,"minecraft:iron_axe":2,"minecraft:spruce_slab":78,"minecraft:iron_hoe":1,"minecraft:stone_pickaxe":15,"minecraft:diamond_boots":1,"minecraft:cooked_beef":95,"minecraft:diamond_sword":1,"minecraft:iron_sword":2,"minecraft:acacia_stairs":96,"minecraft:bucket":1,"minecraft:stone_axe":2,"minecraft:enchanted_book":3,"minecraft:air":0,"minecraft:chainmail_boots":12,"minecraft:wooden_axe":1,"minecraft:iron_shovel":3,"minecraft:iron_leggings":2,"minecraft:white_bed":1,"minecraft:acacia_planks":284,"minecraft:torch":140,"minecraft:diamond_chestplate":2},"minecraft:broken":{"minecraft:iron_shovel":3,"minecraft:iron_boots":1,"minecraft:stone_pickaxe":10,"minecraft:stone_axe":1,"minecraft:iron_sword":1,"minecraft:stone_shovel":12,"minecraft:shield":2,"minecraft:iron_axe":2,"minecraft:iron_pickaxe":2}},"DataVersion":3953}