{"stats":{"minecraft:crafted":{"minecraft:smooth_stone":104,"minecraft:chainmail_helmet":14,"minecraft:lever":1,"minecraft:diamond_shovel":1,"minecraft:bookshelf":44,"minecraft:cooked_mutton":36,"minecraft:glass":282,"minecraft:diamond_helmet":2,"minecraft:diamond_leggings":5,"minecraft:emerald":3162,"minecraft:cooked_porkchop":250,"minecraft:diamond_axe":2,"minecraft:campfire":4,"minecraft:stone_brick_stairs":40,"minecraft:lectern":7,"minecraft:iron_pickaxe":3,"minecraft:iron_block":20,"minecraft:spruce_fence_gate":1,"minecraft:golden_carrot":210,"minecraft:stone_shovel":22,"minecraft:smooth_stone_slab":6,"minecraft:jukebox":1,"minecraft:bone_meal":192,"minecraft:spruce_stairs":20,"minecraft:spruce_slab":282,"minecraft:stone_pickaxe":15,"minecraft:diamond_boots":4,"minecraft:chainmail_leggings":17,"minecraft:acacia_stairs":96,"minecraft:enchanted_book":18,"minecraft:jungle_slab":120,"minecraft:chainmail_boots":12,"minecraft:wooden_axe":1,"minecraft:iron_shovel":3,"minecraft:iron_leggings":2,"minecraft:white_bed":1,"minecraft:oak_planks":352,"minecraft:barrel":1,"minecraft:cooked_chicken":2,"minecraft:cherry_boat":1,"minecraft:stone":273,"minecraft:suspicious_stew":12,"minecraft:bow":5,"minecraft:iron_boots":26,"minecraft:chest":60,"minecraft:stone_bricks":112,"minecraft:smoker":1,"minecraft:crafting_table":17,"minecraft:spruce_planks":884,"minecraft:wooden_pickaxe":1,"minecraft:iron_helmet":12,"minecraft:chainmail_chestplate":12,"minecraft:birch_planks":12,"minecraft:apple":64,"minecraft:book":17,"minecraft:iron_chestplate":1,"minecraft:paper":99,"minecraft:diamond_pickaxe":10,"minecraft:emerald_block":95,"minecraft:shield":4,"minecraft:stick":220,"minecraft:iron_ingot":336,"minecraft:shears":2,"minecraft:cherry_planks":40,"minecraft:cookie":216,"minecraft:fishing_rod":1,"minecraft:furnace":12,"minecraft:stone_button":1,"minecraft:blast_furnace":4,"minecraft:piston":1,"minecraft:glass_pane":32,"minecraft:flint_and_steel":1,"minecraft:iron_axe":2,"minecraft:iron_hoe":2,"minecraft:netherite_scrap":9,"minecraft:cooked_beef":95,"minecraft:diamond_sword":1,"minecraft:spruce_sign":9,"minecraft:iron_sword":2,"minecraft:bucket":1,"minecraft:stone_axe":2,"minecraft:air":0,"minecraft:bread":108,"minecraft:jungle_planks":28,"minecraft:anvil":1,"minecraft:pumpkin_pie":48,"minecraft:acacia_planks":304,"minecraft:torch":360,"minecraft:carrot_on_a_stick":1,"minecraft:diamond_chestplate":2},"minecraft:picked_up":{"minecraft:iron_chestplate":4,"minecraft:chainmail_boots":12,"minecraft:suspicious_stew":11,"minecraft:smithing_table":1,"minecraft:lead":10,"minecraft:diamond_sword":4,"minecraft:enchanted_book":9,"minecraft:golden_shovel":1,"minecraft:amethyst_block":22,"minecraft:string":41437,"minecraft:soul_soil":44,"minecraft:cherry_boat":1,"minecraft:diamond_leggings":4,"minecraft:gold_nugget":64,"minecraft:cobbled_deepslate":796,"minecraft:spruce_planks":687,"minecraft:melon_slice":34,"minecraft:jukebox":2,"minecraft:composter":16,"minecraft:acacia_log":91,"minecraft:golden_axe":1,"minecraft:cherry_log":10,"minecraft:golden_chestplate":3,"minecraft:orange_bed":1,"minecraft:armadillo_scute":2,"minecraft:bookshelf":5,"minecraft:birch_log":3,"minecraft:magma_block":14,"minecraft:feather":13,"minecraft:cooked_beef":114,"minecraft:jungle_log":64,"minecraft:water_bucket":5,"minecraft:brown_wool":1,"minecraft:smoker":12,"minecraft:flint":44,"minecraft:stonecutter":1,"minecraft:diamond_helmet":2,"minecraft:acacia_stairs":4,"minecraft:barrel":23,"minecraft:iron_hoe":2,"minecraft:dispenser":23,"minecraft:lever":2,"minecraft:granite":79,"minecraft:chainmail_helmet":14,"minecraft:bread":18,"minecraft:diamond_pickaxe":12,"minecraft:crafting_table":7,"minecraft:ominous_bottle":4,"minecraft:clay_ball":4,"minecraft:heavy_weighted_pressure_plate":2,"minecraft:cornflower":5,"minecraft:red_bed":1,"minecraft:flint_and_steel":3,"minecraft:glass_pane":25,"minecraft:music_disc_otherside":3,"minecraft:beef":108,"minecraft:poppy":24,"minecraft:iron_nugget":5,"minecraft:spruce_slab":298,"minecraft:minecart":31,"minecraft:chest":58,"minecraft:diamond_hoe":1,"minecraft:egg":30,"minecraft:stone":61,"minecraft:spruce_fence":3,"minecraft:carrot":2816,"minecraft:redstone":246,"minecraft:jungle_sign":10,"minecraft:stone_shovel":6,"minecraft:diamond_chestplate":1,"minecraft:cooked_cod":17,"minecraft:shears":3,"minecraft:diamond_boots":3,"minecraft:totem_of_undying":21,"minecraft:tuff_bricks":6,"minecraft:mutton":48,"minecraft:glow_berries":42,"minecraft:white_wool":51,"minecraft:rail":323,"minecraft:oxeye_daisy":17,"minecraft:stripped_oak_log":2,"minecraft:tripwire_hook":2,"minecraft:fern":1,"minecraft:red_mushroom":1,"minecraft:oak_log":208,"minecraft:ancient_debris":9,"minecraft:golden_boots":1,"minecraft:blue_bed":1,"minecraft:white_banner":17,"minecraft:apple":66,"minecraft:kelp":9,"minecraft:wild_armor_trim_smithing_template":2,"minecraft:oak_fence_gate":2,"minecraft:stone_pickaxe":1,"minecraft:glass_bottle":2,"minecraft:iron_sword":4,"minecraft:spyglass":1,"minecraft:gravel":147,"minecraft:spruce_sapling":26,"minecraft:spruce_log":797,"minecraft:diamond_shovel":5,"minecraft:slime_ball":10,"minecraft:stone_axe":2,"minecraft:diamond_axe":8,"minecraft:gray_wool":159,"minecraft:baked_potato":527,"minecraft:hopper":15,"minecraft:ender_pearl":6,"minecraft:wheat":75,"minecraft:yellow_wool":2,"minecraft:potion":3,"minecraft:stone_brick_stairs":5,"minecraft:raw_copper":66,"minecraft:smooth_stone_slab":10,"minecraft:iron_leggings":4,"minecraft:activator_rail":173,"minecraft:smooth_stone":54,"minecraft:bucket":2,"minecraft:redstone_torch":1,"minecraft:deepslate_tile_wall":1,"minecraft:iron_pickaxe":2,"minecraft:iron_boots":15,"minecraft:furnace":19,"minecraft:stick":140,"minecraft:oak_fence":67,"minecraft:torch":102,"minecraft:spruce_stairs":4,"minecraft:porkchop":100,"minecraft:snow_block":6,"minecraft:pointed_dripstone":6,"minecraft:diorite":21,"minecraft:goat_horn":3,"minecraft:rotten_flesh":179,"minecraft:obsidian":95,"minecraft:cod":3,"minecraft:cobblestone":7456,"minecraft:repeater":1,"minecraft:andesite":30,"minecraft:potato":97,"minecraft:tuff":91,"minecraft:lapis_lazuli":204,"minecraft:dirt":22628,"minecraft:name_tag":3,"minecraft:leather_boots":2,"minecraft:glass":85,"minecraft:bone":155,"minecraft:acacia_planks":18,"minecraft:bow":15,"minecraft:wheat_seeds":809,"minecraft:raw_gold":19,"minecraft:grindstone":1,"minecraft:fletching_table":28,"minecraft:bamboo":5,"minecraft:powered_rail":2,"minecraft:oak_planks":26,"minecraft:stone_hoe":1,"minecraft:cooked_porkchop":22,"minecraft:sand":248,"minecraft:jungle_planks":80,"minecraft:grass_block":33,"minecraft:jungle_slab":82,"minecraft:diamond":30,"minecraft:soul_lantern":5,"minecraft:crossbow":8,"minecraft:golden_apple":1,"minecraft:spruce_sign":1,"minecraft:emerald":116,"minecraft:oak_sapling":8,"minecraft:netherrack":2001,"minecraft:fishing_rod":6,"minecraft:cocoa_beans":18,"minecraft:azure_bluet":13,"minecraft:chicken":7,"minecraft:gold_block":7,"minecraft:shield":1,"minecraft:oak_trapdoor":2,"minecraft:iron_axe":4,"minecraft:blackstone":51,"minecraft:candle":1,"minecraft:echo_shard":3,"minecraft:light_gray_wool":1,"minecraft:lectern":1141,"minecraft:sugar_cane":291,"minecraft:spruce_trapdoor":6,"minecraft:phantom_membrane":11,"minecraft:raw_iron":471,"minecraft:bowl":1,"minecraft:cookie":174,"minecraft:arrow":131,"minecraft:pumpkin_pie":48,"minecraft:saddle":13,"minecraft:basalt":1,"minecraft:golden_carrot":33,"minecraft:glow_ink_sac":3,"minecraft:salmon":10,"minecraft:leather":54,"minecraft:carrot_on_a_stick":1,"minecraft:chainmail_chestplate":6,"minecraft:gunpowder":49,"minecraft:yellow_bed":3,"minecraft:cobblestone_wall":187,"minecraft:cobblestone_stairs":4,"minecraft:cooked_mutton":30,"minecraft:iron_ingot":76,"minecraft:cooked_chicken":4,"minecraft:oxidized_cut_copper":1,"minecraft:acacia_sapling":12,"minecraft:soul_sand":64,"minecraft:book":109,"minecraft:oak_slab":2,"minecraft:emerald_block":95,"minecraft:quartz":264,"minecraft:dandelion":79,"minecraft:dripstone_block":12,"minecraft:amethyst_shard":7,"minecraft:blast_furnace":2,"minecraft:white_bed":95,"minecraft:spruce_door":3,"minecraft:spider_eye":15,"minecraft:chainmail_leggings":40,"minecraft:iron_helmet":1,"minecraft:cherry_sapling":1,"minecraft:coal":737},"minecraft:custom":{"minecraft:interact_with_crafting_table":120,"minecraft:open_barrel":71,"minecraft:bell_ring":1,"minecraft:leave_game":45,"minecraft:time_since_death":1975202,"minecraft:damage_blocked_by_shield":8076,"minecraft:play_time":1975202,"minecraft:jump":45761,"minecraft:enchant_item":15,"minecraft:interact_with_furnace":167,"minecraft:play_record":2,"minecraft:traded_with_villager":3358,"minecraft:sleep_in_bed":56,"minecraft:damage_dealt":109785,"minecraft:interact_with_smoker":78,"minecraft:inspect_dispenser":23,"minecraft:horse_one_cm":21839,"minecraft:interact_with_anvil":51,"minecraft:inspect_hopper":7,"minecraft:sneak_time":106357,"minecraft:interact_with_blast_furnace":36,"minecraft:total_world_time":1975202,"minecraft:time_since_rest":32521,"minecraft:swim_one_cm":374941,"minecraft:fly_one_cm":11075628,"minecraft:open_chest":1823,"minecraft:fall_one_cm":1089243,"minecraft:damage_resisted":144,"minecraft:sprint_one_cm":6242550,"minecraft:drop":906,"minecraft:talked_to_villager":2753,"minecraft:walk_on_water_one_cm":206252,"minecraft:player_kills":17,"minecraft:crouch_one_cm":489515,"minecraft:mob_kills":977,"minecraft:climb_one_cm":13402,"minecraft:walk_one_cm":3679398,"minecraft:raid_win":2,"minecraft:walk_under_water_one_cm":407824,"minecraft:raid_trigger":2,"minecraft:interact_with_grindstone":11,"minecraft:damage_taken":19706,"minecraft:damage_absorbed":160,"minecraft:minecart_one_cm":214775,"minecraft:pig_one_cm":24334},"minecraft:broken":{"minecraft:iron_boots":1,"minecraft:iron_sword":1,"minecraft:bow":1,"minecraft:shield":2,"minecraft:iron_axe":2,"minecraft:iron_pickaxe":2,"minecraft:iron_shovel":3,"minecraft:stone_pickaxe":10,"minecraft:stone_axe":1,"minecraft:stone_shovel":12},"minecraft:mined":{"minecraft:white_bed":68,"minecraft:cherry_log":10,"minecraft:jungle_leaves":5,"minecraft:obsidian":46,"minecraft:granite":98,"minecraft:acacia_log":92,"minecraft:deepslate_tile_wall":1,"minecraft:jungle_log":63,"minecraft:hopper":7,"minecraft:oxeye_daisy":2,"minecraft:spawner":1,"minecraft:magma_block":10,"minecraft:cobbled_deepslate":3,"minecraft:fire":44,"minecraft:barrel":21,"minecraft:fletching_table":20,"minecraft:deepslate_lapis_ore":7,"minecraft:sculk_shrieker":1,"minecraft:dirt_path":208,"minecraft:white_banner":2,"minecraft:tripwire":19,"minecraft:orange_bed":1,"minecraft:red_bed":1,"minecraft:smoker":12,"minecraft:soul_fire":11,"minecraft:powder_snow":21,"minecraft:torch":17,"minecraft:blast_furnace":1,"minecraft:glass":33,"minecraft:white_candle":1,"minecraft:sugar_cane":124,"minecraft:amethyst_block":13,"minecraft:wheat":73,"minecraft:jukebox":1,"minecraft:stone_brick_stairs":5,"minecraft:oak_fence_gate":1,"minecraft:stonecutter":1,"minecraft:deepslate":672,"minecraft:mossy_cobblestone":1,"minecraft:jungle_planks":55,"minecraft:redstone_ore":9,"minecraft:snow":2,"minecraft:andesite":13,"minecraft:potatoes":2,"minecraft:vine":18,"minecraft:rail":74,"minecraft:bamboo":2,"minecraft:white_wool":9,"minecraft:smithing_table":1,"minecraft:glass_pane":5,"minecraft:soul_sand":101,"minecraft:dandelion":17,"minecraft:cornflower":3,"minecraft:short_grass":550,"minecraft:emerald_ore":1,"minecraft:tall_grass":68,"minecraft:copper_ore":11,"minecraft:deepslate_gold_ore":2,"minecraft:diorite":17,"minecraft:cobblestone_wall":177,"minecraft:spruce_log":734,"minecraft:gravel":189,"minecraft:dripstone_block":15,"minecraft:acacia_planks":13,"minecraft:gold_ore":4,"minecraft:fern":47,"minecraft:spruce_planks":263,"minecraft:farmland":175,"minecraft:jungle_slab":2,"minecraft:cobblestone_stairs":3,"minecraft:sculk_vein":5,"minecraft:grass_block":10284,"minecraft:soul_soil":36,"minecraft:composter":13,"minecraft:tuff_bricks":6,"minecraft:iron_ore":248,"minecraft:azure_bluet":1,"minecraft:pointed_dripstone":3,"minecraft:spruce_slab":17,"minecraft:deepslate_redstone_ore":17,"minecraft:blackstone":60,"minecraft:soul_lantern":5,"minecraft:poppy":1,"minecraft:chest":35,"minecraft:nether_quartz_ore":202,"minecraft:cobblestone":120,"minecraft:grindstone":1,"minecraft:oak_planks":24,"minecraft:wall_torch":4,"minecraft:seagrass":1,"minecraft:powered_rail":1,"minecraft:birch_log":3,"minecraft:stripped_oak_wood":1,"minecraft:smooth_stone_slab":3,"minecraft:oak_log":203,"minecraft:sand":312,"minecraft:dirt":7518,"minecraft:netherrack":6490,"minecraft:ancient_debris":9,"minecraft:oak_leaves":32,"minecraft:nether_gold_ore":8,"minecraft:diamond_ore":1,"minecraft:tuff":87,"minecraft:deepslate_diamond_ore":29,"minecraft:candle":1,"minecraft:oxidized_cut_copper":1,"minecraft:oak_trapdoor":10,"minecraft:spruce_sapling":1,"minecraft:furnace":7,"minecraft:carrots":358,"minecraft:acacia_stairs":5,"minecraft:gold_block":3,"minecraft:bookshelf":30,"minecraft:deepslate_iron_ore":43,"minecraft:stripped_oak_log":2,"minecraft:packed_ice":2,"minecraft:stone":4261,"minecraft:podzol":314,"minecraft:acacia_leaves":15,"minecraft:snow_block":6,"minecraft:basalt":1,"minecraft:oak_fence":37,"minecraft:crafting_table":5,"minecraft:sculk_sensor":8,"minecraft:lectern":1136,"minecraft:deepslate_coal_ore":1,"minecraft:lapis_ore":12,"minecraft:sculk":65,"minecraft:spruce_stairs":4,"minecraft:gray_wool":127,"minecraft:white_wall_banner":1,"minecraft:yellow_bed":3,"minecraft:coal_ore":344,"minecraft:jungle_wall_sign":1},"minecraft:killed":{"minecraft:cave_spider":2,"minecraft:skeleton":158,"minecraft:chicken":10,"minecraft:skeleton_horse":1,"minecraft:iron_golem":3,"minecraft:pillager":54,"minecraft:goat":2,"minecraft:zombie":249,"minecraft:cow":53,"minecraft:evoker":12,"minecraft:vindicator":38,"minecraft:wandering_trader":3,"minecraft:ravager":12,"minecraft:enderman":8,"minecraft:zombified_piglin":1,"minecraft:witch":8,"minecraft:spider":66,"minecraft:pig":54,"minecraft:zombie_villager":4,"minecraft:creeper":78,"minecraft:sheep":38,"minecraft:trader_llama":6,"minecraft:ghast":1,"minecraft:vex":24,"minecraft:armadillo":2,"minecraft:slime":9,"minecraft:phantom":23,"minecraft:drowned":2},"minecraft:used":{"minecraft:tuff_bricks":6,"minecraft:spruce_slab":110,"minecraft:dispenser":2,"minecraft:poppy":5,"minecraft:chest":94,"minecraft:rotten_flesh":5,"minecraft:jungle_slab":48,"minecraft:lava_bucket":62,"minecraft:grass_block":5,"minecraft:stone_brick_stairs":38,"minecraft:bow":897,"minecraft:ominous_bottle":2,"minecraft:furnace":11,"minecraft:egg":35,"minecraft:diorite":1,"minecraft:powered_rail":1,"minecraft:wooden_pickaxe":13,"minecraft:composter":13,"minecraft:sand":4,"minecraft:lectern":1135,"minecraft:soul_lantern":1,"minecraft:diamond_sword":834,"minecraft:fire_charge":1,"minecraft:oak_trapdoor":2,"minecraft:acacia_log":20,"minecraft:netherrack":774,"minecraft:torch":470,"minecraft:anvil":1,"minecraft:cod_bucket":8,"minecraft:fern":1,"minecraft:iron_axe":346,"minecraft:barrel":26,"minecraft:diamond_chestplate":4,"minecraft:tripwire_hook":2,"minecraft:goat_horn":104,"minecraft:acacia_planks":118,"minecraft:cobbled_deepslate":194,"minecraft:pointed_dripstone":2,"minecraft:wheat_seeds":27,"minecraft:water_bucket":488,"minecraft:birch_planks":5,"minecraft:fletching_table":10,"minecraft:spruce_fence_gate":1,"minecraft:rail":61,"minecraft:crafting_table":23,"minecraft:red_bed":1,"minecraft:campfire":4,"minecraft:white_bed":40,"minecraft:spruce_log":3,"minecraft:oak_log":17,"minecraft:diamond_pickaxe":11633,"minecraft:cornflower":1,"minecraft:oxeye_daisy":1,"minecraft:diamond_shovel":16894,"minecraft:iron_pickaxe":602,"minecraft:suspicious_stew":1,"minecraft:spruce_sapling":71,"minecraft:cobblestone":314,"minecraft:cooked_porkchop":85,"minecraft:glass_pane":6,"minecraft:dandelion":1,"minecraft:candle":3,"minecraft:jukebox":3,"minecraft:diamond_leggings":1,"minecraft:iron_shovel":770,"minecraft:carrot_on_a_stick":14,"minecraft:shield":145,"minecraft:iron_sword":449,"minecraft:bell":1,"minecraft:sculk_sensor":3,"minecraft:iron_chestplate":1,"minecraft:oxidized_cut_copper":1,"minecraft:carrot":451,"minecraft:tuff":6,"minecraft:obsidian":35,"minecraft:glass":110,"minecraft:iron_helmet":1,"minecraft:stone_bricks":8,"minecraft:gold_block":2,"minecraft:diamond_boots":2,"minecraft:stone_pickaxe":1310,"minecraft:oak_planks":24,"minecraft:ender_pearl":6,"minecraft:diamond_axe":2646,"minecraft:white_wool":40,"minecraft:crossbow":15,"minecraft:dripstone_block":9,"minecraft:shears":127,"minecraft:redstone_torch":1,"minecraft:lever":1,"minecraft:string":27,"minecraft:bread":8,"minecraft:brown_wool":1,"minecraft:gravel":9,"minecraft:andesite":1,"minecraft:smooth_stone_slab":2,"minecraft:tropical_fish_bucket":1,"minecraft:bone_meal":113,"minecraft:oak_fence":1,"minecraft:cherry_boat":1,"minecraft:flint_and_steel":46,"minecraft:stone_shovel":1683,"minecraft:redstone":3,"minecraft:spruce_planks":176,"minecraft:cooked_chicken":3,"minecraft:spyglass":18,"minecraft:dirt":8813,"minecraft:hopper":8,"minecraft:spruce_stairs":15,"minecraft:cobblestone_wall":33,"minecraft:diamond_helmet":4,"minecraft:salmon_bucket":1,"minecraft:granite":2,"minecraft:iron_hoe":144,"minecraft:wooden_axe":23,"minecraft:bookshelf":37,"minecraft:iron_boots":2,"minecraft:golden_carrot":121,"minecraft:soul_soil":6,"minecraft:minecart":16,"minecraft:cooked_beef":108,"minecraft:enchanted_golden_apple":1,"minecraft:iron_leggings":1,"minecraft:cooked_mutton":47,"minecraft:amethyst_block":13,"minecraft:cobblestone_stairs":2,"minecraft:baked_potato":84,"minecraft:spruce_sign":1,"minecraft:smoker":13,"minecraft:acacia_stairs":97,"minecraft:apple":8,"minecraft:chicken":1,"minecraft:stone_axe":152,"minecraft:fishing_rod":1,"minecraft:white_banner":6,"minecraft:bucket":561,"minecraft:yellow_bed":3,"minecraft:gray_wool":125},"minecraft:dropped":{"minecraft:iron_sword":1,"minecraft:piston":1,"minecraft:porkchop":3,"minecraft:ominous_bottle":1,"minecraft:cooked_beef":81,"minecraft:diamond":2,"minecraft:cooked_porkchop":26,"minecraft:crossbow":3,"minecraft:cookie":2,"minecraft:glow_berries":21,"minecraft:saddle":1,"minecraft:rail":226,"minecraft:emerald":214,"minecraft:gold_block":2,"minecraft:dirt":2439,"minecraft:stone_button":1,"minecraft:bone_meal":79,"minecraft:phantom_membrane":5,"minecraft:sand":5,"minecraft:white_wool":3,"minecraft:bone":291,"minecraft:stone_axe":2,"minecraft:emerald_block":111,"minecraft:goat_horn":2,"minecraft:sugar_cane":142,"minecraft:cooked_chicken":1,"minecraft:golden_chestplate":3,"minecraft:cobbled_deepslate":11,"minecraft:wheat":3,"minecraft:obsidian":42,"minecraft:rotten_flesh":82,"minecraft:oak_planks":3,"minecraft:azure_bluet":6,"minecraft:white_bed":5,"minecraft:heavy_weighted_pressure_plate":1,"minecraft:jungle_log":4,"minecraft:hopper":17,"minecraft:leather_boots":2,"minecraft:acacia_sapling":12,"minecraft:spruce_slab":180,"minecraft:glass":170,"minecraft:beef":2,"minecraft:lectern":12,"minecraft:egg":1,"minecraft:enchanted_book":2,"minecraft:iron_ingot":5,"minecraft:wheat_seeds":334,"minecraft:dripstone_block":1,"minecraft:book":15,"minecraft:iron_helmet":11,"minecraft:feather":13,"minecraft:cobblestone":162,"minecraft:apple":1,"minecraft:granite":35,"minecraft:disc_fragment_5":2,"minecraft:chainmail_helmet":1,"minecraft:coal":145,"minecraft:oxeye_daisy":8,"minecraft:jungle_slab":40,"minecraft:gray_wool":32,"minecraft:golden_carrot":36,"minecraft:wooden_axe":1,"minecraft:cherry_planks":9,"minecraft:diamond_helmet":1,"minecraft:potion":2,"minecraft:armadillo_scute":3,"minecraft:white_banner":2,"minecraft:smooth_stone":1,"minecraft:chainmail_leggings":34,"minecraft:paper":9,"minecraft:string":2278,"minecraft:acacia_planks":8,"minecraft:spruce_sapling":2,"minecraft:furnace":4,"minecraft:soul_soil":16,"minecraft:cobblestone_wall":7,"minecraft:cocoa_beans":18,"minecraft:diamond_hoe":1,"minecraft:stone_shovel":2,"minecraft:iron_boots":3,"minecraft:shears":1,"minecraft:suspicious_stew":2,"minecraft:blast_furnace":4,"minecraft:diamond_sword":3,"minecraft:spruce_trapdoor":6,"minecraft:spruce_planks":374,"minecraft:diamond_pickaxe":10,"minecraft:redstone_torch":13,"minecraft:spider_eye":11,"minecraft:barrel":4,"minecraft:bamboo":5,"minecraft:bow":6,"minecraft:magma_block":14,"minecraft:spruce_sign":9,"minecraft:diamond_axe":6,"minecraft:oak_log":22,"minecraft:deepslate_tile_wall":1,"minecraft:leather":8,"minecraft:jungle_planks":27,"minecraft:cod":1,"minecraft:flint":6,"minecraft:dark_oak_log":2,"minecraft:dispenser":12,"minecraft:cornflower":4,"minecraft:gravel":9,"minecraft:soul_lantern":4,"minecraft:cherry_sapling":1,"minecraft:diamond_shovel":4,"minecraft:acacia_stairs":3,"minecraft:carrot":2568,"minecraft:chainmail_chestplate":16,"minecraft:poppy":12,"minecraft:gunpowder":17,"minecraft:chest":23,"minecraft:basalt":1,"minecraft:arrow":5,"minecraft:powered_rail":33,"minecraft:quartz":17,"minecraft:netherrack":192,"minecraft:water_bucket":5,"minecraft:bread":13,"minecraft:oak_slab":2,"minecraft:minecart":6,"minecraft:bookshelf":5,"minecraft:diamond_leggings":3,"minecraft:golden_axe":1,"minecraft:activator_rail":98,"minecraft:grass_block":15,"minecraft:stick":56,"minecraft:diorite":1,"minecraft:torch":4,"minecraft:iron_leggings":2,"minecraft:iron_axe":2,"minecraft:orange_bed":1,"minecraft:bucket":2,"minecraft:dandelion":38,"minecraft:redstone":82,"minecraft:raw_copper":28,"minecraft:tuff":21,"minecraft:raw_iron":11,"minecraft:light_gray_wool":1,"minecraft:iron_hoe":1,"minecraft:totem_of_undying":1,"minecraft:flint_and_steel":1,"minecraft:shield":1,"minecraft:diamond_chestplate":1,"minecraft:andesite":24,"minecraft:oak_sapling":3,"minecraft:diamond_boots":1,"minecraft:spruce_log":467,"minecraft:wooden_pickaxe":1}},"DataVersion":3953}