{"stats":{"minecraft:crafted":{"minecraft:cherry_planks":40,"minecraft:oak_planks":52,"minecraft:smooth_stone":3,"minecraft:cooked_chicken":2,"minecraft:furnace":2,"minecraft:cherry_boat":1,"minecraft:cooked_mutton":36,"minecraft:bow":1,"minecraft:iron_boots":1,"minecraft:iron_hoe":1,"minecraft:stone_pickaxe":1,"minecraft:chest":1,"minecraft:smoker":1,"minecraft:cooked_beef":47,"minecraft:cooked_porkchop":52,"minecraft:crafting_table":8,"minecraft:wooden_pickaxe":1,"minecraft:iron_helmet":1,"minecraft:iron_sword":1,"minecraft:bucket":1,"minecraft:birch_planks":12,"minecraft:stone_axe":2,"minecraft:air":0,"minecraft:iron_chestplate":1,"minecraft:shield":3,"minecraft:stick":32,"minecraft:iron_ingot":41,"minecraft:iron_pickaxe":1,"minecraft:wooden_axe":1,"minecraft:iron_leggings":1,"minecraft:white_bed":1,"minecraft:torch":72,"minecraft:shears":1},"minecraft:broken":{"minecraft:stone_pickaxe":1,"minecraft:shield":1,"minecraft:stone_axe":1},"minecraft:mined":{"minecraft:white_bed":1,"minecraft:deepslate_diamond_ore":2,"minecraft:candle":1,"minecraft:sculk_vein":5,"minecraft:cherry_log":10,"minecraft:granite":2,"minecraft:deepslate_tile_wall":1,"minecraft:grass_block":16,"minecraft:spawner":1,"minecraft:furnace":2,"minecraft:iron_ore":43,"minecraft:fire":1,"minecraft:andesite":2,"minecraft:gold_block":1,"minecraft:sculk_shrieker":1,"minecraft:packed_ice":2,"minecraft:stone":93,"minecraft:white_wool":3,"minecraft:smoker":7,"minecraft:soul_lantern":5,"minecraft:powder_snow":19,"minecraft:crafting_table":4,"minecraft:torch":1,"minecraft:short_grass":20,"minecraft:emerald_ore":1,"minecraft:sculk_sensor":8,"minecraft:tall_grass":5,"minecraft:cobblestone":15,"minecraft:white_candle":1,"minecraft:deepslate_gold_ore":1,"minecraft:sculk":65,"minecraft:diorite":4,"minecraft:wall_torch":1,"minecraft:gray_wool":127,"minecraft:birch_log":3,"minecraft:oak_log":22,"minecraft:coal_ore":62,"minecraft:gravel":2,"minecraft:dirt":33,"minecraft:oak_leaves":8,"minecraft:deepslate":37},"minecraft:dropped":{"minecraft:wheat_seeds":1,"minecraft:cooked_beef":6,"minecraft:oak_log":5,"minecraft:feather":6,"minecraft:deepslate_tile_wall":1,"minecraft:disc_fragment_5":2,"minecraft:grass_block":2,"minecraft:flint":1,"minecraft:emerald":1,"minecraft:dirt":4,"minecraft:gray_wool":32,"minecraft:cornflower":2,"minecraft:wooden_axe":1,"minecraft:cherry_planks":9,"minecraft:potion":1,"minecraft:paper":9,"minecraft:string":12,"minecraft:redstone":4,"minecraft:gravel":4,"minecraft:stone_axe":1,"minecraft:cobbled_deepslate":10,"minecraft:soul_lantern":4,"minecraft:cherry_sapling":1,"minecraft:rotten_flesh":10,"minecraft:light_gray_wool":1,"minecraft:andesite":2,"minecraft:oak_sapling":2,"minecraft:spider_eye":4,"minecraft:wooden_pickaxe":1},"minecraft:custom":{"minecraft:mob_kills":171,"minecraft:interact_with_crafting_table":26,"minecraft:leave_game":10,"minecraft:time_since_death":220339,"minecraft:climb_one_cm":1276,"minecraft:damage_resisted":144,"minecraft:sprint_one_cm":560991,"minecraft:walk_one_cm":220236,"minecraft:damage_blocked_by_shield":3091,"minecraft:drop":61,"minecraft:play_time":220339,"minecraft:sneak_time":22913,"minecraft:walk_under_water_one_cm":23151,"minecraft:jump":6595,"minecraft:interact_with_blast_furnace":1,"minecraft:walk_on_water_one_cm":17837,"minecraft:total_world_time":220339,"minecraft:interact_with_furnace":33,"minecraft:sleep_in_bed":1,"minecraft:time_since_rest":53054,"minecraft:damage_taken":4235,"minecraft:damage_absorbed":160,"minecraft:damage_dealt":24041,"minecraft:swim_one_cm":78442,"minecraft:fly_one_cm":1399802,"minecraft:open_chest":9,"minecraft:crouch_one_cm":89034,"minecraft:interact_with_smoker":49,"minecraft:fall_one_cm":228990},"minecraft:killed":{"minecraft:witch":1,"minecraft:spider":11,"minecraft:phantom":1,"minecraft:skeleton":16,"minecraft:chicken":3,"minecraft:drowned":2,"minecraft:pig":35,"minecraft:zombie_villager":1,"minecraft:creeper":11,"minecraft:sheep":23,"minecraft:goat":2,"minecraft:zombie":36,"minecraft:cow":23,"minecraft:enderman":2},"minecraft:picked_up":{"minecraft:crafting_table":5,"minecraft:chicken":3,"minecraft:gold_block":1,"minecraft:cornflower":3,"minecraft:string":12,"minecraft:cherry_boat":1,"minecraft:candle":1,"minecraft:cobbled_deepslate":42,"minecraft:beef":54,"minecraft:deepslate_tile_wall":1,"minecraft:light_gray_wool":1,"minecraft:furnace":3,"minecraft:egg":1,"minecraft:stick":1,"minecraft:raw_iron":43,"minecraft:torch":2,"minecraft:porkchop":74,"minecraft:cherry_log":10,"minecraft:diorite":3,"minecraft:redstone":15,"minecraft:arrow":13,"minecraft:rotten_flesh":15,"minecraft:mutton":38,"minecraft:white_wool":27,"minecraft:cobblestone":107,"minecraft:birch_log":3,"minecraft:feather":6,"minecraft:andesite":2,"minecraft:brown_wool":1,"minecraft:leather":16,"minecraft:smoker":7,"minecraft:flint":1,"minecraft:oak_log":22,"minecraft:gunpowder":11,"minecraft:dirt":44,"minecraft:bone":14,"minecraft:bow":2,"minecraft:wheat_seeds":1,"minecraft:gravel":10,"minecraft:white_bed":1,"minecraft:grass_block":2,"minecraft:spider_eye":4,"minecraft:diamond":2,"minecraft:soul_lantern":5,"minecraft:granite":2,"minecraft:cherry_sapling":1,"minecraft:gray_wool":157,"minecraft:emerald":2,"minecraft:oak_sapling":2,"minecraft:coal":315,"minecraft:ender_pearl":1},"minecraft:used":{"minecraft:cherry_boat":1,"minecraft:redstone":3,"minecraft:chest":1,"minecraft:shield":61,"minecraft:iron_sword":249,"minecraft:cooked_chicken":2,"minecraft:rotten_flesh":5,"minecraft:sculk_sensor":3,"minecraft:iron_chestplate":1,"minecraft:torch":74,"minecraft:dirt":40,"minecraft:granite":2,"minecraft:iron_hoe":76,"minecraft:wooden_axe":23,"minecraft:iron_helmet":1,"minecraft:iron_boots":1,"minecraft:bow":5,"minecraft:furnace":2,"minecraft:egg":1,"minecraft:cooked_beef":27,"minecraft:cobbled_deepslate":4,"minecraft:enchanted_golden_apple":1,"minecraft:iron_leggings":1,"minecraft:cooked_mutton":8,"minecraft:water_bucket":85,"minecraft:birch_planks":5,"minecraft:stone_pickaxe":131,"minecraft:ender_pearl":1,"minecraft:wooden_pickaxe":13,"minecraft:white_wool":11,"minecraft:crafting_table":13,"minecraft:white_bed":1,"minecraft:shears":121,"minecraft:smoker":7,"minecraft:cornflower":1,"minecraft:chicken":1,"minecraft:brown_wool":1,"minecraft:iron_pickaxe":142,"minecraft:gravel":6,"minecraft:soul_lantern":1,"minecraft:stone_axe":144,"minecraft:cobblestone":82,"minecraft:cooked_porkchop":27,"minecraft:bucket":86,"minecraft:gray_wool":125,"minecraft:candle":3}},"DataVersion":3953}