{"stats":{"minecraft:broken":{"minecraft:iron_shovel":3,"minecraft:iron_boots":1,"minecraft:stone_pickaxe":10,"minecraft:stone_axe":1,"minecraft:iron_sword":1,"minecraft:bow":1,"minecraft:stone_shovel":12,"minecraft:shield":2,"minecraft:iron_axe":2,"minecraft:iron_pickaxe":2},"minecraft:mined":{"minecraft:spruce_planks":244,"minecraft:white_bed":64,"minecraft:farmland":141,"minecraft:cherry_log":10,"minecraft:sculk_vein":5,"minecraft:cobblestone_stairs":1,"minecraft:jungle_leaves":1,"minecraft:obsidian":46,"minecraft:granite":94,"minecraft:deepslate_tile_wall":1,"minecraft:acacia_log":92,"minecraft:grass_block":8533,"minecraft:jungle_log":10,"minecraft:soul_soil":2,"minecraft:composter":9,"minecraft:hopper":1,"minecraft:oxeye_daisy":1,"minecraft:tuff_bricks":6,"minecraft:spawner":1,"minecraft:iron_ore":169,"minecraft:barrel":4,"minecraft:fire":20,"minecraft:cobbled_deepslate":3,"minecraft:deepslate_lapis_ore":6,"minecraft:sculk_shrieker":1,"minecraft:pointed_dripstone":3,"minecraft:dirt_path":208,"minecraft:spruce_slab":15,"minecraft:orange_bed":1,"minecraft:tripwire":5,"minecraft:deepslate_redstone_ore":17,"minecraft:red_bed":1,"minecraft:smoker":9,"minecraft:soul_fire":6,"minecraft:soul_lantern":5,"minecraft:powder_snow":21,"minecraft:torch":15,"minecraft:blast_furnace":1,"minecraft:poppy":1,"minecraft:chest":5,"minecraft:glass":2,"minecraft:cobblestone":93,"minecraft:nether_quartz_ore":14,"minecraft:white_candle":1,"minecraft:oak_planks":24,"minecraft:sugar_cane":87,"minecraft:grindstone":1,"minecraft:wall_torch":4,"minecraft:amethyst_block":13,"minecraft:seagrass":1,"minecraft:birch_log":3,"minecraft:wheat":73,"minecraft:jukebox":1,"minecraft:stripped_oak_wood":1,"minecraft:smooth_stone_slab":2,"minecraft:oak_log":162,"minecraft:oak_fence_gate":1,"minecraft:dirt":6462,"minecraft:sand":19,"minecraft:netherrack":303,"minecraft:oak_leaves":15,"minecraft:deepslate":660,"minecraft:diamond_ore":1,"minecraft:tuff":86,"minecraft:mossy_cobblestone":1,"minecraft:deepslate_diamond_ore":29,"minecraft:candle":1,"minecraft:jungle_planks":55,"minecraft:oxidized_cut_copper":1,"minecraft:redstone_ore":4,"minecraft:oak_trapdoor":10,"minecraft:furnace":4,"minecraft:carrots":101,"minecraft:snow":2,"minecraft:acacia_stairs":5,"minecraft:andesite":8,"minecraft:gold_block":3,"minecraft:bookshelf":6,"minecraft:potatoes":2,"minecraft:deepslate_iron_ore":31,"minecraft:vine":6,"minecraft:stripped_oak_log":2,"minecraft:packed_ice":2,"minecraft:bamboo":2,"minecraft:stone":3581,"minecraft:white_wool":9,"minecraft:podzol":302,"minecraft:smithing_table":1,"minecraft:acacia_leaves":15,"minecraft:glass_pane":5,"minecraft:snow_block":6,"minecraft:dandelion":15,"minecraft:oak_fence":36,"minecraft:crafting_table":4,"minecraft:cornflower":2,"minecraft:short_grass":440,"minecraft:emerald_ore":1,"minecraft:sculk_sensor":8,"minecraft:lectern":257,"minecraft:copper_ore":8,"minecraft:tall_grass":52,"minecraft:deepslate_coal_ore":1,"minecraft:lapis_ore":12,"minecraft:deepslate_gold_ore":2,"minecraft:sculk":65,"minecraft:diorite":16,"minecraft:gray_wool":127,"minecraft:cobblestone_wall":177,"minecraft:spruce_log":265,"minecraft:yellow_bed":3,"minecraft:coal_ore":198,"minecraft:gravel":51,"minecraft:dripstone_block":13,"minecraft:acacia_planks":13,"minecraft:gold_ore":4,"minecraft:jungle_wall_sign":1,"minecraft:fern":32},"minecraft:custom":{"minecraft:interact_with_crafting_table":82,"minecraft:open_barrel":17,"minecraft:leave_game":33,"minecraft:time_since_death":1282024,"minecraft:damage_resisted":144,"minecraft:sprint_one_cm":4228279,"minecraft:damage_blocked_by_shield":8076,"minecraft:drop":588,"minecraft:talked_to_villager":752,"minecraft:play_time":1282024,"minecraft:jump":31336,"minecraft:walk_on_water_one_cm":146998,"minecraft:enchant_item":11,"minecraft:interact_with_furnace":63,"minecraft:play_record":2,"minecraft:traded_with_villager":1526,"minecraft:sleep_in_bed":28,"minecraft:damage_dealt":81678,"minecraft:player_kills":17,"minecraft:crouch_one_cm":396143,"minecraft:interact_with_smoker":72,"minecraft:inspect_dispenser":1,"minecraft:horse_one_cm":14375,"minecraft:interact_with_anvil":32,"minecraft:mob_kills":689,"minecraft:inspect_hopper":2,"minecraft:climb_one_cm":10204,"minecraft:walk_one_cm":2399075,"minecraft:raid_win":1,"minecraft:sneak_time":83769,"minecraft:walk_under_water_one_cm":234313,"minecraft:interact_with_blast_furnace":32,"minecraft:total_world_time":1282024,"minecraft:raid_trigger":1,"minecraft:interact_with_grindstone":8,"minecraft:time_since_rest":150638,"minecraft:damage_taken":13895,"minecraft:damage_absorbed":160,"minecraft:minecart_one_cm":124973,"minecraft:swim_one_cm":284400,"minecraft:fly_one_cm":7413592,"minecraft:open_chest":866,"minecraft:fall_one_cm":804416},"minecraft:used":{"minecraft:tuff_bricks":6,"minecraft:iron_shovel":770,"minecraft:dispenser":2,"minecraft:spruce_slab":25,"minecraft:poppy":5,"minecraft:shield":145,"minecraft:chest":57,"minecraft:iron_sword":449,"minecraft:rotten_flesh":5,"minecraft:bell":1,"minecraft:sculk_sensor":3,"minecraft:iron_chestplate":1,"minecraft:oxidized_cut_copper":1,"minecraft:carrot":115,"minecraft:tuff":6,"minecraft:obsidian":35,"minecraft:glass":2,"minecraft:lava_bucket":44,"minecraft:iron_helmet":1,"minecraft:bow":566,"minecraft:ominous_bottle":1,"minecraft:furnace":7,"minecraft:gold_block":2,"minecraft:egg":27,"minecraft:diorite":1,"minecraft:diamond_boots":2,"minecraft:oak_planks":24,"minecraft:stone_pickaxe":1310,"minecraft:ender_pearl":5,"minecraft:wooden_pickaxe":13,"minecraft:composter":8,"minecraft:diamond_axe":1051,"minecraft:white_wool":36,"minecraft:crossbow":3,"minecraft:dripstone_block":9,"minecraft:shears":121,"minecraft:redstone_torch":1,"minecraft:string":5,"minecraft:bread":1,"minecraft:brown_wool":1,"minecraft:lectern":253,"minecraft:gravel":7,"minecraft:soul_lantern":1,"minecraft:diamond_sword":459,"minecraft:andesite":1,"minecraft:tropical_fish_bucket":1,"minecraft:cherry_boat":1,"minecraft:bone_meal":113,"minecraft:acacia_log":20,"minecraft:flint_and_steel":46,"minecraft:stone_shovel":1683,"minecraft:redstone":3,"minecraft:spruce_planks":153,"minecraft:cooked_chicken":2,"minecraft:netherrack":129,"minecraft:torch":434,"minecraft:dirt":7736,"minecraft:spyglass":18,"minecraft:cobblestone_wall":33,"minecraft:diamond_helmet":1,"minecraft:granite":2,"minecraft:iron_hoe":76,"minecraft:wooden_axe":23,"minecraft:bookshelf":13,"minecraft:iron_axe":346,"minecraft:iron_boots":2,"minecraft:diamond_chestplate":3,"minecraft:golden_carrot":56,"minecraft:goat_horn":103,"minecraft:pointed_dripstone":2,"minecraft:minecart":10,"minecraft:enchanted_golden_apple":1,"minecraft:cooked_beef":69,"minecraft:cobbled_deepslate":194,"minecraft:acacia_planks":118,"minecraft:iron_leggings":1,"minecraft:wheat_seeds":27,"minecraft:cooked_mutton":39,"minecraft:water_bucket":375,"minecraft:amethyst_block":13,"minecraft:birch_planks":5,"minecraft:baked_potato":74,"minecraft:crafting_table":21,"minecraft:red_bed":1,"minecraft:white_bed":18,"minecraft:spruce_log":3,"minecraft:smoker":10,"minecraft:acacia_stairs":97,"minecraft:diamond_pickaxe":3811,"minecraft:cornflower":1,"minecraft:apple":6,"minecraft:oxeye_daisy":1,"minecraft:diamond_shovel":13404,"minecraft:chicken":1,"minecraft:iron_pickaxe":602,"minecraft:spruce_sapling":4,"minecraft:stone_axe":152,"minecraft:fishing_rod":1,"minecraft:cobblestone":261,"minecraft:white_banner":3,"minecraft:cooked_porkchop":76,"minecraft:bucket":421,"minecraft:glass_pane":6,"minecraft:yellow_bed":3,"minecraft:dandelion":1,"minecraft:diamond_leggings":1,"minecraft:gray_wool":125,"minecraft:jukebox":3,"minecraft:candle":3},"minecraft:dropped":{"minecraft:diamond_axe":1,"minecraft:ominous_bottle":1,"minecraft:cooked_beef":23,"minecraft:oak_log":22,"minecraft:diamond":2,"minecraft:cooked_porkchop":26,"minecraft:crossbow":3,"minecraft:cookie":1,"minecraft:glow_berries":21,"minecraft:deepslate_tile_wall":1,"minecraft:leather":6,"minecraft:jungle_planks":27,"minecraft:saddle":1,"minecraft:flint":1,"minecraft:emerald":146,"minecraft:gold_block":2,"minecraft:dirt":2344,"minecraft:dark_oak_log":2,"minecraft:dispenser":12,"minecraft:cornflower":4,"minecraft:bone_meal":79,"minecraft:phantom_membrane":4,"minecraft:sand":3,"minecraft:white_wool":2,"minecraft:bone":273,"minecraft:gravel":9,"minecraft:stone_axe":2,"minecraft:goat_horn":2,"minecraft:sugar_cane":142,"minecraft:golden_chestplate":3,"minecraft:cobbled_deepslate":11,"minecraft:wheat":3,"minecraft:obsidian":42,"minecraft:soul_lantern":4,"minecraft:cherry_sapling":1,"minecraft:rotten_flesh":34,"minecraft:oak_planks":2,"minecraft:diamond_shovel":4,"minecraft:azure_bluet":5,"minecraft:white_bed":4,"minecraft:acacia_stairs":3,"minecraft:carrot":125,"minecraft:chainmail_chestplate":16,"minecraft:poppy":6,"minecraft:gunpowder":11,"minecraft:jungle_log":4,"minecraft:leather_boots":2,"minecraft:chest":2,"minecraft:acacia_sapling":12,"minecraft:spruce_slab":3,"minecraft:arrow":5,"minecraft:beef":2,"minecraft:quartz":14,"minecraft:netherrack":27,"minecraft:egg":1,"minecraft:iron_ingot":4,"minecraft:enchanted_book":1,"minecraft:water_bucket":5,"minecraft:oak_slab":2,"minecraft:wheat_seeds":271,"minecraft:minecart":1,"minecraft:diamond_leggings":3,"minecraft:golden_axe":1,"minecraft:feather":6,"minecraft:cobblestone":103,"minecraft:apple":1,"minecraft:granite":31,"minecraft:disc_fragment_5":2,"minecraft:chainmail_helmet":1,"minecraft:grass_block":3,"minecraft:coal":24,"minecraft:stick":37,"minecraft:oxeye_daisy":5,"minecraft:gray_wool":32,"minecraft:golden_carrot":36,"minecraft:torch":3,"minecraft:wooden_axe":1,"minecraft:cherry_planks":9,"minecraft:diamond_helmet":1,"minecraft:potion":2,"minecraft:iron_leggings":2,"minecraft:armadillo_scute":3,"minecraft:white_banner":2,"minecraft:iron_axe":2,"minecraft:orange_bed":1,"minecraft:chainmail_leggings":33,"minecraft:paper":9,"minecraft:string":484,"minecraft:acacia_planks":8,"minecraft:spruce_sapling":1,"minecraft:dandelion":31,"minecraft:redstone":82,"minecraft:soul_soil":2,"minecraft:cobblestone_wall":7,"minecraft:raw_copper":13,"minecraft:cocoa_beans":3,"minecraft:diamond_hoe":1,"minecraft:tuff":20,"minecraft:stone_shovel":2,"minecraft:light_gray_wool":1,"minecraft:iron_boots":2,"minecraft:iron_hoe":1,"minecraft:totem_of_undying":1,"minecraft:flint_and_steel":1,"minecraft:diamond_sword":3,"minecraft:shield":1,"minecraft:diamond_chestplate":1,"minecraft:diamond_pickaxe":8,"minecraft:andesite":23,"minecraft:oak_sapling":3,"minecraft:redstone_torch":1,"minecraft:spider_eye":8,"minecraft:bamboo":5,"minecraft:spruce_log":1,"minecraft:diamond_boots":1,"minecraft:bow":5,"minecraft:wooden_pickaxe":1},"minecraft:crafted":{"minecraft:smooth_stone":51,"minecraft:oak_planks":324,"minecraft:chainmail_helmet":14,"minecraft:cooked_chicken":2,"minecraft:cherry_boat":1,"minecraft:stone":64,"minecraft:diamond_shovel":1,"minecraft:bookshelf":16,"minecraft:cooked_mutton":36,"minecraft:glass":16,"minecraft:diamond_helmet":2,"minecraft:bow":3,"minecraft:diamond_leggings":5,"minecraft:iron_boots":26,"minecraft:chest":57,"minecraft:smoker":1,"minecraft:emerald":1360,"minecraft:cooked_porkchop":90,"minecraft:diamond_axe":1,"minecraft:crafting_table":16,"minecraft:spruce_planks":680,"minecraft:wooden_pickaxe":1,"minecraft:iron_helmet":1,"minecraft:chainmail_chestplate":12,"minecraft:birch_planks":12,"minecraft:apple":64,"minecraft:lectern":3,"minecraft:iron_chestplate":1,"minecraft:book":17,"minecraft:paper":99,"minecraft:diamond_pickaxe":9,"minecraft:shield":4,"minecraft:stick":188,"minecraft:iron_ingot":207,"minecraft:iron_pickaxe":3,"minecraft:shears":1,"minecraft:golden_carrot":108,"minecraft:cherry_planks":40,"minecraft:stone_shovel":22,"minecraft:jukebox":1,"minecraft:furnace":3,"minecraft:bone_meal":192,"minecraft:flint_and_steel":1,"minecraft:glass_pane":32,"minecraft:iron_axe":2,"minecraft:iron_hoe":1,"minecraft:spruce_slab":138,"minecraft:stone_pickaxe":15,"minecraft:diamond_boots":4,"minecraft:chainmail_leggings":17,"minecraft:cooked_beef":95,"minecraft:diamond_sword":1,"minecraft:iron_sword":2,"minecraft:bucket":1,"minecraft:acacia_stairs":96,"minecraft:stone_axe":2,"minecraft:enchanted_book":7,"minecraft:air":0,"minecraft:jungle_planks":28,"minecraft:chainmail_boots":12,"minecraft:wooden_axe":1,"minecraft:iron_shovel":3,"minecraft:iron_leggings":2,"minecraft:white_bed":1,"minecraft:acacia_planks":304,"minecraft:torch":360,"minecraft:diamond_chestplate":2},"minecraft:picked_up":{"minecraft:wheat":75,"minecraft:lead":3,"minecraft:smithing_table":1,"minecraft:diamond_sword":4,"minecraft:potion":3,"minecraft:enchanted_book":7,"minecraft:golden_shovel":1,"minecraft:amethyst_block":13,"minecraft:string":12804,"minecraft:soul_soil":2,"minecraft:raw_copper":23,"minecraft:smooth_stone_slab":4,"minecraft:iron_leggings":3,"minecraft:cherry_boat":1,"minecraft:diamond_leggings":3,"minecraft:cobbled_deepslate":668,"minecraft:bucket":1,"minecraft:spruce_planks":235,"minecraft:redstone_torch":1,"minecraft:deepslate_tile_wall":1,"minecraft:melon_slice":17,"minecraft:iron_boots":1,"minecraft:furnace":7,"minecraft:stick":42,"minecraft:jukebox":2,"minecraft:composter":9,"minecraft:oak_fence":33,"minecraft:torch":87,"minecraft:acacia_log":91,"minecraft:snow_block":3,"minecraft:porkchop":93,"minecraft:golden_axe":1,"minecraft:cherry_log":10,"minecraft:pointed_dripstone":6,"minecraft:diorite":14,"minecraft:golden_chestplate":3,"minecraft:goat_horn":2,"minecraft:orange_bed":1,"minecraft:rotten_flesh":67,"minecraft:armadillo_scute":2,"minecraft:obsidian":79,"minecraft:cod":1,"minecraft:cobblestone":4069,"minecraft:birch_log":3,"minecraft:feather":6,"minecraft:cooked_beef":41,"minecraft:water_bucket":5,"minecraft:andesite":25,"minecraft:jungle_log":11,"minecraft:brown_wool":1,"minecraft:smoker":9,"minecraft:potato":47,"minecraft:flint":4,"minecraft:tuff":90,"minecraft:lapis_lazuli":106,"minecraft:dirt":18183,"minecraft:name_tag":3,"minecraft:leather_boots":2,"minecraft:bone":123,"minecraft:acacia_planks":18,"minecraft:bow":10,"minecraft:wheat_seeds":669,"minecraft:raw_gold":15,"minecraft:grindstone":1,"minecraft:diamond_helmet":1,"minecraft:bamboo":5,"minecraft:oak_planks":25,"minecraft:cooked_porkchop":5,"minecraft:sand":19,"minecraft:jungle_planks":80,"minecraft:grass_block":3,"minecraft:acacia_stairs":4,"minecraft:barrel":4,"minecraft:dispenser":14,"minecraft:diamond":30,"minecraft:soul_lantern":5,"minecraft:lever":1,"minecraft:crossbow":3,"minecraft:granite":75,"minecraft:golden_apple":1,"minecraft:chainmail_helmet":1,"minecraft:emerald":53,"minecraft:bread":17,"minecraft:oak_sapling":5,"minecraft:netherrack":246,"minecraft:diamond_pickaxe":10,"minecraft:fishing_rod":3,"minecraft:cocoa_beans":3,"minecraft:crafting_table":5,"minecraft:azure_bluet":11,"minecraft:chicken":3,"minecraft:ominous_bottle":3,"minecraft:gold_block":7,"minecraft:shield":1,"minecraft:cornflower":5,"minecraft:oak_trapdoor":2,"minecraft:red_bed":1,"minecraft:iron_axe":2,"minecraft:flint_and_steel":1,"minecraft:candle":1,"minecraft:beef":108,"minecraft:music_disc_otherside":2,"minecraft:echo_shard":3,"minecraft:light_gray_wool":1,"minecraft:poppy":14,"minecraft:spruce_slab":20,"minecraft:minecart":8,"minecraft:lectern":256,"minecraft:sugar_cane":243,"minecraft:chest":9,"minecraft:phantom_membrane":8,"minecraft:diamond_hoe":1,"minecraft:egg":21,"minecraft:raw_iron":263,"minecraft:cookie":2,"minecraft:carrot":280,"minecraft:redstone":181,"minecraft:jungle_sign":5,"minecraft:arrow":110,"minecraft:stone_shovel":3,"minecraft:diamond_chestplate":1,"minecraft:cooked_cod":17,"minecraft:diamond_boots":1,"minecraft:saddle":5,"minecraft:totem_of_undying":6,"minecraft:tuff_bricks":6,"minecraft:glow_berries":42,"minecraft:mutton":48,"minecraft:rail":3,"minecraft:white_wool":41,"minecraft:oxeye_daisy":10,"minecraft:stripped_oak_log":2,"minecraft:golden_carrot":33,"minecraft:glow_ink_sac":3,"minecraft:tripwire_hook":2,"minecraft:salmon":4,"minecraft:leather":45,"minecraft:oak_log":168,"minecraft:chainmail_chestplate":5,"minecraft:cobblestone_wall":166,"minecraft:yellow_bed":3,"minecraft:gunpowder":37,"minecraft:cobblestone_stairs":1,"minecraft:white_banner":8,"minecraft:cooked_mutton":11,"minecraft:apple":1,"minecraft:wild_armor_trim_smithing_template":2,"minecraft:iron_ingot":66,"minecraft:oak_fence_gate":1,"minecraft:glass_bottle":2,"minecraft:iron_sword":1,"minecraft:oxidized_cut_copper":1,"minecraft:acacia_sapling":12,"minecraft:book":37,"minecraft:oak_slab":2,"minecraft:quartz":14,"minecraft:dandelion":65,"minecraft:spyglass":1,"minecraft:dripstone_block":11,"minecraft:gravel":63,"minecraft:amethyst_shard":7,"minecraft:spruce_sapling":5,"minecraft:blast_furnace":2,"minecraft:white_bed":68,"minecraft:spruce_log":264,"minecraft:spider_eye":10,"minecraft:diamond_shovel":5,"minecraft:slime_ball":4,"minecraft:stone_axe":1,"minecraft:chainmail_leggings":28,"minecraft:diamond_axe":3,"minecraft:cherry_sapling":1,"minecraft:gray_wool":158,"minecraft:baked_potato":271,"minecraft:coal":503,"minecraft:hopper":1,"minecraft:ender_pearl":5},"minecraft:killed":{"minecraft:cave_spider":2,"minecraft:witch":5,"minecraft:spider":52,"minecraft:skeleton":91,"minecraft:chicken":6,"minecraft:pig":45,"minecraft:zombie_villager":2,"minecraft:creeper":57,"minecraft:sheep":32,"minecraft:trader_llama":5,"minecraft:pillager":31,"minecraft:goat":2,"minecraft:zombie":179,"minecraft:ghast":1,"minecraft:cow":50,"minecraft:evoker":7,"minecraft:vex":17,"minecraft:armadillo":2,"minecraft:vindicator":21,"minecraft:slime":8,"minecraft:phantom":15,"minecraft:drowned":2,"minecraft:wandering_trader":2,"minecraft:ravager":6,"minecraft:enderman":6}},"DataVersion":3953}