{"stats":{"minecraft:broken":{"minecraft:iron_shovel":3,"minecraft:iron_boots":1,"minecraft:stone_pickaxe":10,"minecraft:stone_axe":1,"minecraft:iron_sword":1,"minecraft:bow":1,"minecraft:stone_shovel":12,"minecraft:shield":2,"minecraft:iron_axe":2,"minecraft:iron_pickaxe":2},"minecraft:mined":{"minecraft:spruce_planks":1,"minecraft:white_bed":8,"minecraft:farmland":1,"minecraft:cherry_log":10,"minecraft:sculk_vein":5,"minecraft:obsidian":39,"minecraft:granite":63,"minecraft:acacia_log":92,"minecraft:deepslate_tile_wall":1,"minecraft:grass_block":5326,"minecraft:jungle_log":7,"minecraft:composter":8,"minecraft:oxeye_daisy":1,"minecraft:tuff_bricks":6,"minecraft:spawner":1,"minecraft:iron_ore":169,"minecraft:cobbled_deepslate":2,"minecraft:fire":5,"minecraft:deepslate_lapis_ore":6,"minecraft:sculk_shrieker":1,"minecraft:pointed_dripstone":3,"minecraft:dirt_path":30,"minecraft:spruce_slab":3,"minecraft:tripwire":5,"minecraft:orange_bed":1,"minecraft:deepslate_redstone_ore":17,"minecraft:red_bed":1,"minecraft:smoker":9,"minecraft:soul_lantern":5,"minecraft:powder_snow":21,"minecraft:torch":12,"minecraft:chest":3,"minecraft:cobblestone":28,"minecraft:white_candle":1,"minecraft:sugar_cane":87,"minecraft:oak_planks":10,"minecraft:wall_torch":4,"minecraft:seagrass":1,"minecraft:birch_log":3,"minecraft:wheat":27,"minecraft:smooth_stone_slab":2,"minecraft:oak_log":76,"minecraft:dirt":3893,"minecraft:netherrack":73,"minecraft:oak_leaves":15,"minecraft:deepslate":660,"minecraft:diamond_ore":1,"minecraft:tuff":86,"minecraft:deepslate_diamond_ore":29,"minecraft:candle":1,"minecraft:oxidized_cut_copper":1,"minecraft:redstone_ore":4,"minecraft:furnace":4,"minecraft:carrots":99,"minecraft:snow":2,"minecraft:acacia_stairs":5,"minecraft:andesite":4,"minecraft:gold_block":3,"minecraft:bookshelf":6,"minecraft:deepslate_iron_ore":31,"minecraft:vine":4,"minecraft:packed_ice":2,"minecraft:bamboo":2,"minecraft:stone":2081,"minecraft:white_wool":9,"minecraft:podzol":302,"minecraft:acacia_leaves":15,"minecraft:snow_block":6,"minecraft:dandelion":14,"minecraft:crafting_table":4,"minecraft:cornflower":2,"minecraft:short_grass":307,"minecraft:emerald_ore":1,"minecraft:sculk_sensor":8,"minecraft:lectern":254,"minecraft:copper_ore":1,"minecraft:tall_grass":41,"minecraft:deepslate_coal_ore":1,"minecraft:lapis_ore":12,"minecraft:deepslate_gold_ore":2,"minecraft:sculk":65,"minecraft:diorite":16,"minecraft:gray_wool":127,"minecraft:cobblestone_wall":2,"minecraft:spruce_log":188,"minecraft:yellow_bed":3,"minecraft:coal_ore":158,"minecraft:gravel":30,"minecraft:dripstone_block":13,"minecraft:acacia_planks":13,"minecraft:gold_ore":4,"minecraft:fern":23},"minecraft:custom":{"minecraft:interact_with_crafting_table":78,"minecraft:open_barrel":14,"minecraft:leave_game":28,"minecraft:time_since_death":1030924,"minecraft:damage_resisted":144,"minecraft:sprint_one_cm":3041974,"minecraft:damage_blocked_by_shield":8076,"minecraft:drop":450,"minecraft:talked_to_villager":732,"minecraft:play_time":1030924,"minecraft:jump":24804,"minecraft:walk_on_water_one_cm":121798,"minecraft:enchant_item":11,"minecraft:interact_with_furnace":57,"minecraft:traded_with_villager":1488,"minecraft:sleep_in_bed":24,"minecraft:damage_dealt":62801,"minecraft:player_kills":15,"minecraft:crouch_one_cm":325946,"minecraft:interact_with_smoker":71,"minecraft:inspect_dispenser":1,"minecraft:interact_with_anvil":22,"minecraft:mob_kills":460,"minecraft:inspect_hopper":2,"minecraft:climb_one_cm":9882,"minecraft:walk_one_cm":1695081,"minecraft:sneak_time":71100,"minecraft:walk_under_water_one_cm":195529,"minecraft:interact_with_blast_furnace":29,"minecraft:total_world_time":1030924,"minecraft:interact_with_grindstone":8,"minecraft:time_since_rest":30359,"minecraft:damage_taken":11108,"minecraft:damage_absorbed":160,"minecraft:minecart_one_cm":93360,"minecraft:swim_one_cm":251550,"minecraft:fly_one_cm":5792212,"minecraft:open_chest":669,"minecraft:fall_one_cm":687626},"minecraft:used":{"minecraft:tuff_bricks":6,"minecraft:iron_shovel":770,"minecraft:dispenser":2,"minecraft:spruce_slab":19,"minecraft:poppy":5,"minecraft:shield":145,"minecraft:chest":49,"minecraft:iron_sword":449,"minecraft:rotten_flesh":5,"minecraft:sculk_sensor":3,"minecraft:iron_chestplate":1,"minecraft:oxidized_cut_copper":1,"minecraft:carrot":115,"minecraft:tuff":6,"minecraft:obsidian":1,"minecraft:lava_bucket":25,"minecraft:iron_helmet":1,"minecraft:bow":157,"minecraft:furnace":7,"minecraft:gold_block":2,"minecraft:egg":25,"minecraft:diorite":1,"minecraft:diamond_boots":2,"minecraft:oak_planks":10,"minecraft:stone_pickaxe":1310,"minecraft:ender_pearl":3,"minecraft:wooden_pickaxe":13,"minecraft:composter":8,"minecraft:diamond_axe":498,"minecraft:white_wool":36,"minecraft:dripstone_block":9,"minecraft:shears":121,"minecraft:redstone_torch":1,"minecraft:string":5,"minecraft:bread":1,"minecraft:brown_wool":1,"minecraft:lectern":253,"minecraft:gravel":6,"minecraft:soul_lantern":1,"minecraft:diamond_sword":213,"minecraft:andesite":1,"minecraft:tropical_fish_bucket":1,"minecraft:bone_meal":113,"minecraft:cherry_boat":1,"minecraft:acacia_log":20,"minecraft:flint_and_steel":16,"minecraft:stone_shovel":1683,"minecraft:redstone":3,"minecraft:spruce_planks":153,"minecraft:cooked_chicken":2,"minecraft:netherrack":109,"minecraft:torch":407,"minecraft:dirt":4235,"minecraft:spyglass":18,"minecraft:diamond_helmet":1,"minecraft:granite":2,"minecraft:iron_hoe":76,"minecraft:wooden_axe":23,"minecraft:bookshelf":13,"minecraft:iron_axe":346,"minecraft:iron_boots":2,"minecraft:diamond_chestplate":3,"minecraft:golden_carrot":32,"minecraft:goat_horn":99,"minecraft:minecart":8,"minecraft:enchanted_golden_apple":1,"minecraft:cooked_beef":69,"minecraft:cobbled_deepslate":92,"minecraft:acacia_planks":118,"minecraft:iron_leggings":1,"minecraft:pointed_dripstone":2,"minecraft:wheat_seeds":27,"minecraft:cooked_mutton":39,"minecraft:water_bucket":302,"minecraft:amethyst_block":9,"minecraft:birch_planks":5,"minecraft:crafting_table":21,"minecraft:red_bed":1,"minecraft:white_bed":9,"minecraft:spruce_log":3,"minecraft:smoker":10,"minecraft:acacia_stairs":97,"minecraft:diamond_pickaxe":1665,"minecraft:cornflower":1,"minecraft:apple":6,"minecraft:oxeye_daisy":1,"minecraft:diamond_shovel":7214,"minecraft:chicken":1,"minecraft:iron_pickaxe":602,"minecraft:spruce_sapling":4,"minecraft:stone_axe":152,"minecraft:fishing_rod":1,"minecraft:cobblestone":261,"minecraft:cooked_porkchop":76,"minecraft:bucket":329,"minecraft:yellow_bed":3,"minecraft:dandelion":1,"minecraft:gray_wool":125,"minecraft:candle":3},"minecraft:dropped":{"minecraft:diamond_axe":1,"minecraft:cooked_beef":23,"minecraft:oak_log":5,"minecraft:diamond":2,"minecraft:cooked_porkchop":26,"minecraft:glow_berries":21,"minecraft:deepslate_tile_wall":1,"minecraft:jungle_planks":27,"minecraft:flint":1,"minecraft:emerald":146,"minecraft:gold_block":2,"minecraft:dirt":1556,"minecraft:dark_oak_log":2,"minecraft:dispenser":12,"minecraft:cornflower":4,"minecraft:bone_meal":79,"minecraft:phantom_membrane":4,"minecraft:white_wool":2,"minecraft:bone":266,"minecraft:gravel":9,"minecraft:stone_axe":2,"minecraft:goat_horn":1,"minecraft:sugar_cane":142,"minecraft:golden_chestplate":3,"minecraft:cobbled_deepslate":11,"minecraft:soul_lantern":4,"minecraft:cherry_sapling":1,"minecraft:rotten_flesh":25,"minecraft:oak_planks":1,"minecraft:diamond_shovel":4,"minecraft:azure_bluet":4,"minecraft:white_bed":3,"minecraft:acacia_stairs":3,"minecraft:carrot":125,"minecraft:chainmail_chestplate":13,"minecraft:poppy":2,"minecraft:gunpowder":8,"minecraft:leather_boots":1,"minecraft:acacia_sapling":12,"minecraft:arrow":5,"minecraft:netherrack":2,"minecraft:egg":1,"minecraft:water_bucket":5,"minecraft:enchanted_book":1,"minecraft:iron_ingot":4,"minecraft:wheat_seeds":153,"minecraft:minecart":1,"minecraft:diamond_leggings":3,"minecraft:feather":6,"minecraft:cobblestone":50,"minecraft:disc_fragment_5":2,"minecraft:chainmail_helmet":1,"minecraft:grass_block":2,"minecraft:stick":36,"minecraft:oxeye_daisy":4,"minecraft:gray_wool":32,"minecraft:golden_carrot":36,"minecraft:wooden_axe":1,"minecraft:cherry_planks":9,"minecraft:diamond_helmet":1,"minecraft:potion":2,"minecraft:iron_leggings":2,"minecraft:armadillo_scute":3,"minecraft:orange_bed":1,"minecraft:chainmail_leggings":32,"minecraft:paper":9,"minecraft:string":483,"minecraft:acacia_planks":8,"minecraft:spruce_sapling":1,"minecraft:dandelion":20,"minecraft:redstone":68,"minecraft:cobblestone_wall":1,"minecraft:tuff":20,"minecraft:stone_shovel":1,"minecraft:light_gray_wool":1,"minecraft:iron_boots":2,"minecraft:iron_hoe":1,"minecraft:diamond_sword":2,"minecraft:shield":1,"minecraft:diamond_chestplate":1,"minecraft:diamond_pickaxe":3,"minecraft:andesite":23,"minecraft:oak_sapling":3,"minecraft:spider_eye":5,"minecraft:bamboo":5,"minecraft:diamond_boots":1,"minecraft:spruce_log":1,"minecraft:bow":4,"minecraft:wooden_pickaxe":1},"minecraft:crafted":{"minecraft:smooth_stone":51,"minecraft:oak_planks":276,"minecraft:chainmail_helmet":14,"minecraft:cooked_chicken":2,"minecraft:cherry_boat":1,"minecraft:stone":64,"minecraft:diamond_shovel":1,"minecraft:bookshelf":16,"minecraft:cooked_mutton":36,"minecraft:diamond_helmet":1,"minecraft:bow":3,"minecraft:diamond_leggings":3,"minecraft:iron_boots":26,"minecraft:chest":49,"minecraft:smoker":1,"minecraft:emerald":1328,"minecraft:cooked_porkchop":90,"minecraft:diamond_axe":1,"minecraft:crafting_table":16,"minecraft:spruce_planks":680,"minecraft:wooden_pickaxe":1,"minecraft:iron_helmet":1,"minecraft:chainmail_chestplate":12,"minecraft:birch_planks":12,"minecraft:apple":64,"minecraft:lectern":3,"minecraft:iron_chestplate":1,"minecraft:book":17,"minecraft:paper":99,"minecraft:diamond_pickaxe":9,"minecraft:shield":4,"minecraft:stick":188,"minecraft:iron_ingot":207,"minecraft:iron_pickaxe":3,"minecraft:shears":1,"minecraft:golden_carrot":108,"minecraft:cherry_planks":40,"minecraft:stone_shovel":22,"minecraft:furnace":3,"minecraft:bone_meal":192,"minecraft:flint_and_steel":1,"minecraft:iron_axe":2,"minecraft:iron_hoe":1,"minecraft:spruce_slab":138,"minecraft:stone_pickaxe":15,"minecraft:diamond_boots":1,"minecraft:chainmail_leggings":17,"minecraft:cooked_beef":95,"minecraft:diamond_sword":1,"minecraft:iron_sword":2,"minecraft:bucket":1,"minecraft:acacia_stairs":96,"minecraft:stone_axe":2,"minecraft:enchanted_book":7,"minecraft:air":0,"minecraft:jungle_planks":28,"minecraft:chainmail_boots":12,"minecraft:wooden_axe":1,"minecraft:iron_shovel":3,"minecraft:iron_leggings":2,"minecraft:white_bed":1,"minecraft:acacia_planks":304,"minecraft:torch":360,"minecraft:diamond_chestplate":2},"minecraft:picked_up":{"minecraft:wheat":26,"minecraft:lead":2,"minecraft:diamond_sword":4,"minecraft:potion":3,"minecraft:enchanted_book":7,"minecraft:golden_shovel":1,"minecraft:raw_copper":5,"minecraft:string":10438,"minecraft:iron_leggings":3,"minecraft:smooth_stone_slab":4,"minecraft:cherry_boat":1,"minecraft:diamond_leggings":3,"minecraft:cobbled_deepslate":667,"minecraft:bucket":1,"minecraft:spruce_planks":1,"minecraft:redstone_torch":1,"minecraft:deepslate_tile_wall":1,"minecraft:melon_slice":17,"minecraft:furnace":7,"minecraft:iron_boots":1,"minecraft:stick":37,"minecraft:composter":8,"minecraft:torch":37,"minecraft:acacia_log":91,"minecraft:snow_block":3,"minecraft:porkchop":93,"minecraft:cherry_log":10,"minecraft:pointed_dripstone":6,"minecraft:diorite":14,"minecraft:golden_chestplate":3,"minecraft:goat_horn":1,"minecraft:orange_bed":1,"minecraft:rotten_flesh":52,"minecraft:armadillo_scute":2,"minecraft:obsidian":37,"minecraft:cobblestone":2290,"minecraft:birch_log":3,"minecraft:feather":6,"minecraft:cooked_beef":17,"minecraft:water_bucket":5,"minecraft:andesite":25,"minecraft:jungle_log":7,"minecraft:brown_wool":1,"minecraft:smoker":9,"minecraft:potato":40,"minecraft:flint":4,"minecraft:tuff":90,"minecraft:lapis_lazuli":106,"minecraft:dirt":12234,"minecraft:name_tag":3,"minecraft:leather_boots":1,"minecraft:bone":115,"minecraft:acacia_planks":18,"minecraft:bow":9,"minecraft:wheat_seeds":372,"minecraft:raw_gold":15,"minecraft:diamond_helmet":1,"minecraft:bamboo":5,"minecraft:oak_planks":11,"minecraft:cooked_porkchop":5,"minecraft:jungle_planks":24,"minecraft:grass_block":2,"minecraft:acacia_stairs":4,"minecraft:dispenser":14,"minecraft:diamond":30,"minecraft:soul_lantern":5,"minecraft:granite":44,"minecraft:golden_apple":1,"minecraft:emerald":38,"minecraft:bread":17,"minecraft:oak_sapling":5,"minecraft:netherrack":67,"minecraft:diamond_pickaxe":5,"minecraft:fishing_rod":3,"minecraft:crafting_table":5,"minecraft:azure_bluet":10,"minecraft:ominous_bottle":1,"minecraft:chicken":3,"minecraft:gold_block":7,"minecraft:shield":1,"minecraft:cornflower":5,"minecraft:red_bed":1,"minecraft:candle":1,"minecraft:beef":106,"minecraft:echo_shard":3,"minecraft:light_gray_wool":1,"minecraft:poppy":11,"minecraft:spruce_slab":4,"minecraft:minecart":6,"minecraft:lectern":255,"minecraft:sugar_cane":243,"minecraft:chest":5,"minecraft:phantom_membrane":8,"minecraft:egg":19,"minecraft:raw_iron":263,"minecraft:carrot":255,"minecraft:redstone":167,"minecraft:diamond_chestplate":1,"minecraft:stone_shovel":1,"minecraft:arrow":86,"minecraft:cooked_cod":17,"minecraft:diamond_boots":1,"minecraft:saddle":1,"minecraft:tuff_bricks":6,"minecraft:glow_berries":42,"minecraft:mutton":48,"minecraft:rail":3,"minecraft:white_wool":41,"minecraft:oxeye_daisy":9,"minecraft:golden_carrot":33,"minecraft:glow_ink_sac":3,"minecraft:leather":39,"minecraft:oak_log":76,"minecraft:chainmail_chestplate":1,"minecraft:cobblestone_wall":1,"minecraft:yellow_bed":3,"minecraft:gunpowder":26,"minecraft:cooked_mutton":11,"minecraft:wild_armor_trim_smithing_template":2,"minecraft:iron_ingot":66,"minecraft:glass_bottle":2,"minecraft:iron_sword":1,"minecraft:oxidized_cut_copper":1,"minecraft:acacia_sapling":12,"minecraft:book":35,"minecraft:dandelion":54,"minecraft:spyglass":1,"minecraft:dripstone_block":11,"minecraft:gravel":42,"minecraft:amethyst_shard":7,"minecraft:spruce_sapling":5,"minecraft:blast_furnace":1,"minecraft:white_bed":11,"minecraft:spruce_log":187,"minecraft:spider_eye":6,"minecraft:diamond_shovel":5,"minecraft:slime_ball":4,"minecraft:stone_axe":1,"minecraft:chainmail_leggings":25,"minecraft:diamond_axe":3,"minecraft:cherry_sapling":1,"minecraft:gray_wool":158,"minecraft:coal":469,"minecraft:ender_pearl":3},"minecraft:killed":{"minecraft:cave_spider":2,"minecraft:witch":2,"minecraft:spider":31,"minecraft:skeleton":66,"minecraft:chicken":5,"minecraft:pig":45,"minecraft:zombie_villager":2,"minecraft:creeper":33,"minecraft:sheep":32,"minecraft:trader_llama":2,"minecraft:goat":2,"minecraft:zombie":131,"minecraft:cow":48,"minecraft:armadillo":2,"minecraft:slime":8,"minecraft:phantom":11,"minecraft:drowned":2,"minecraft:wandering_trader":1,"minecraft:enderman":2}},"DataVersion":3953}