{"stats":{"minecraft:crafted":{"minecraft:smooth_stone":75,"minecraft:chainmail_helmet":14,"minecraft:lever":1,"minecraft:diamond_shovel":1,"minecraft:bookshelf":44,"minecraft:cooked_mutton":36,"minecraft:glass":254,"minecraft:diamond_helmet":2,"minecraft:diamond_leggings":5,"minecraft:emerald":3025,"minecraft:cooked_porkchop":170,"minecraft:diamond_axe":2,"minecraft:campfire":4,"minecraft:lectern":7,"minecraft:iron_pickaxe":3,"minecraft:spruce_fence_gate":1,"minecraft:golden_carrot":210,"minecraft:stone_shovel":22,"minecraft:smooth_stone_slab":6,"minecraft:jukebox":1,"minecraft:bone_meal":192,"minecraft:spruce_slab":282,"minecraft:stone_pickaxe":15,"minecraft:diamond_boots":4,"minecraft:chainmail_leggings":17,"minecraft:acacia_stairs":96,"minecraft:enchanted_book":18,"minecraft:jungle_slab":120,"minecraft:chainmail_boots":12,"minecraft:wooden_axe":1,"minecraft:iron_shovel":3,"minecraft:iron_leggings":2,"minecraft:white_bed":1,"minecraft:oak_planks":352,"minecraft:barrel":1,"minecraft:cooked_chicken":2,"minecraft:cherry_boat":1,"minecraft:stone":129,"minecraft:suspicious_stew":12,"minecraft:bow":5,"minecraft:iron_boots":26,"minecraft:chest":60,"minecraft:smoker":1,"minecraft:crafting_table":16,"minecraft:spruce_planks":820,"minecraft:wooden_pickaxe":1,"minecraft:iron_helmet":12,"minecraft:chainmail_chestplate":12,"minecraft:birch_planks":12,"minecraft:apple":64,"minecraft:paper":99,"minecraft:book":17,"minecraft:iron_chestplate":1,"minecraft:diamond_pickaxe":10,"minecraft:emerald_block":95,"minecraft:shield":4,"minecraft:stick":220,"minecraft:iron_ingot":336,"minecraft:shears":2,"minecraft:cherry_planks":40,"minecraft:cookie":216,"minecraft:fishing_rod":1,"minecraft:furnace":11,"minecraft:stone_button":1,"minecraft:blast_furnace":4,"minecraft:piston":1,"minecraft:glass_pane":32,"minecraft:flint_and_steel":1,"minecraft:iron_axe":2,"minecraft:iron_hoe":2,"minecraft:cooked_beef":95,"minecraft:diamond_sword":1,"minecraft:spruce_sign":9,"minecraft:iron_sword":2,"minecraft:bucket":1,"minecraft:stone_axe":2,"minecraft:air":0,"minecraft:bread":108,"minecraft:jungle_planks":28,"minecraft:pumpkin_pie":48,"minecraft:acacia_planks":304,"minecraft:torch":360,"minecraft:carrot_on_a_stick":1,"minecraft:diamond_chestplate":2},"minecraft:broken":{"minecraft:iron_boots":1,"minecraft:iron_sword":1,"minecraft:bow":1,"minecraft:shield":2,"minecraft:iron_axe":2,"minecraft:iron_pickaxe":2,"minecraft:iron_shovel":3,"minecraft:stone_pickaxe":10,"minecraft:stone_axe":1,"minecraft:stone_shovel":12},"minecraft:mined":{"minecraft:white_bed":66,"minecraft:cherry_log":10,"minecraft:jungle_leaves":1,"minecraft:obsidian":46,"minecraft:granite":98,"minecraft:acacia_log":92,"minecraft:deepslate_tile_wall":1,"minecraft:jungle_log":10,"minecraft:hopper":7,"minecraft:oxeye_daisy":1,"minecraft:spawner":1,"minecraft:magma_block":10,"minecraft:cobbled_deepslate":3,"minecraft:fire":43,"minecraft:barrel":20,"minecraft:fletching_table":11,"minecraft:deepslate_lapis_ore":7,"minecraft:sculk_shrieker":1,"minecraft:dirt_path":208,"minecraft:white_banner":2,"minecraft:tripwire":19,"minecraft:orange_bed":1,"minecraft:red_bed":1,"minecraft:smoker":12,"minecraft:soul_fire":11,"minecraft:powder_snow":21,"minecraft:torch":15,"minecraft:blast_furnace":1,"minecraft:glass":33,"minecraft:white_candle":1,"minecraft:sugar_cane":87,"minecraft:amethyst_block":13,"minecraft:wheat":73,"minecraft:jukebox":1,"minecraft:oak_fence_gate":1,"minecraft:deepslate":672,"minecraft:mossy_cobblestone":1,"minecraft:jungle_planks":55,"minecraft:redstone_ore":9,"minecraft:snow":2,"minecraft:andesite":13,"minecraft:potatoes":2,"minecraft:vine":6,"minecraft:rail":74,"minecraft:bamboo":2,"minecraft:white_wool":9,"minecraft:smithing_table":1,"minecraft:glass_pane":5,"minecraft:soul_sand":101,"minecraft:dandelion":15,"minecraft:cornflower":2,"minecraft:short_grass":450,"minecraft:emerald_ore":1,"minecraft:tall_grass":52,"minecraft:copper_ore":8,"minecraft:deepslate_gold_ore":2,"minecraft:diorite":17,"minecraft:cobblestone_wall":177,"minecraft:spruce_log":734,"minecraft:gravel":177,"minecraft:dripstone_block":15,"minecraft:acacia_planks":13,"minecraft:gold_ore":4,"minecraft:fern":34,"minecraft:spruce_planks":263,"minecraft:farmland":175,"minecraft:jungle_slab":2,"minecraft:cobblestone_stairs":1,"minecraft:sculk_vein":5,"minecraft:grass_block":8549,"minecraft:soul_soil":36,"minecraft:composter":13,"minecraft:tuff_bricks":6,"minecraft:iron_ore":248,"minecraft:pointed_dripstone":3,"minecraft:spruce_slab":17,"minecraft:deepslate_redstone_ore":17,"minecraft:blackstone":60,"minecraft:soul_lantern":5,"minecraft:poppy":1,"minecraft:chest":11,"minecraft:nether_quartz_ore":202,"minecraft:cobblestone":118,"minecraft:grindstone":1,"minecraft:oak_planks":24,"minecraft:wall_torch":4,"minecraft:seagrass":1,"minecraft:powered_rail":1,"minecraft:birch_log":3,"minecraft:stripped_oak_wood":1,"minecraft:smooth_stone_slab":3,"minecraft:oak_log":162,"minecraft:sand":312,"minecraft:dirt":6501,"minecraft:netherrack":6487,"minecraft:ancient_debris":9,"minecraft:oak_leaves":15,"minecraft:nether_gold_ore":8,"minecraft:diamond_ore":1,"minecraft:tuff":87,"minecraft:deepslate_diamond_ore":29,"minecraft:candle":1,"minecraft:oxidized_cut_copper":1,"minecraft:oak_trapdoor":10,"minecraft:spruce_sapling":1,"minecraft:furnace":6,"minecraft:carrots":358,"minecraft:acacia_stairs":5,"minecraft:gold_block":3,"minecraft:bookshelf":30,"minecraft:deepslate_iron_ore":43,"minecraft:stripped_oak_log":2,"minecraft:packed_ice":2,"minecraft:stone":4058,"minecraft:podzol":302,"minecraft:acacia_leaves":15,"minecraft:snow_block":6,"minecraft:basalt":1,"minecraft:oak_fence":37,"minecraft:crafting_table":4,"minecraft:sculk_sensor":8,"minecraft:lectern":1136,"minecraft:deepslate_coal_ore":1,"minecraft:lapis_ore":12,"minecraft:sculk":65,"minecraft:gray_wool":127,"minecraft:white_wall_banner":1,"minecraft:yellow_bed":3,"minecraft:coal_ore":344,"minecraft:jungle_wall_sign":1},"minecraft:dropped":{"minecraft:iron_sword":1,"minecraft:piston":1,"minecraft:porkchop":3,"minecraft:ominous_bottle":1,"minecraft:cooked_beef":81,"minecraft:diamond":2,"minecraft:cooked_porkchop":26,"minecraft:crossbow":3,"minecraft:cookie":2,"minecraft:glow_berries":21,"minecraft:saddle":1,"minecraft:rail":226,"minecraft:emerald":214,"minecraft:gold_block":2,"minecraft:dirt":2358,"minecraft:stone_button":1,"minecraft:bone_meal":79,"minecraft:phantom_membrane":5,"minecraft:sand":5,"minecraft:white_wool":3,"minecraft:bone":283,"minecraft:stone_axe":2,"minecraft:emerald_block":111,"minecraft:goat_horn":2,"minecraft:sugar_cane":142,"minecraft:cooked_chicken":1,"minecraft:golden_chestplate":3,"minecraft:cobbled_deepslate":11,"minecraft:wheat":3,"minecraft:obsidian":42,"minecraft:rotten_flesh":73,"minecraft:oak_planks":3,"minecraft:azure_bluet":5,"minecraft:white_bed":5,"minecraft:jungle_log":4,"minecraft:hopper":17,"minecraft:leather_boots":2,"minecraft:acacia_sapling":12,"minecraft:spruce_slab":136,"minecraft:glass":170,"minecraft:beef":2,"minecraft:lectern":12,"minecraft:egg":1,"minecraft:enchanted_book":2,"minecraft:iron_ingot":5,"minecraft:wheat_seeds":277,"minecraft:dripstone_block":1,"minecraft:book":15,"minecraft:iron_helmet":11,"minecraft:feather":12,"minecraft:cobblestone":162,"minecraft:apple":1,"minecraft:granite":35,"minecraft:disc_fragment_5":2,"minecraft:chainmail_helmet":1,"minecraft:coal":145,"minecraft:oxeye_daisy":5,"minecraft:jungle_slab":9,"minecraft:gray_wool":32,"minecraft:golden_carrot":36,"minecraft:wooden_axe":1,"minecraft:cherry_planks":9,"minecraft:diamond_helmet":1,"minecraft:potion":2,"minecraft:armadillo_scute":3,"minecraft:white_banner":2,"minecraft:smooth_stone":1,"minecraft:chainmail_leggings":33,"minecraft:paper":9,"minecraft:string":2213,"minecraft:acacia_planks":8,"minecraft:spruce_sapling":2,"minecraft:furnace":4,"minecraft:soul_soil":16,"minecraft:cobblestone_wall":7,"minecraft:cocoa_beans":3,"minecraft:diamond_hoe":1,"minecraft:stone_shovel":2,"minecraft:iron_boots":2,"minecraft:shears":1,"minecraft:suspicious_stew":2,"minecraft:blast_furnace":4,"minecraft:diamond_sword":3,"minecraft:spruce_trapdoor":6,"minecraft:spruce_planks":373,"minecraft:diamond_pickaxe":10,"minecraft:redstone_torch":13,"minecraft:spider_eye":11,"minecraft:barrel":4,"minecraft:bamboo":5,"minecraft:bow":5,"minecraft:magma_block":14,"minecraft:spruce_sign":9,"minecraft:diamond_axe":6,"minecraft:oak_log":22,"minecraft:deepslate_tile_wall":1,"minecraft:leather":8,"minecraft:jungle_planks":27,"minecraft:cod":1,"minecraft:flint":6,"minecraft:dark_oak_log":2,"minecraft:dispenser":12,"minecraft:cornflower":4,"minecraft:gravel":9,"minecraft:soul_lantern":4,"minecraft:cherry_sapling":1,"minecraft:diamond_shovel":4,"minecraft:acacia_stairs":3,"minecraft:carrot":2568,"minecraft:chainmail_chestplate":16,"minecraft:poppy":10,"minecraft:gunpowder":14,"minecraft:chest":23,"minecraft:basalt":1,"minecraft:arrow":5,"minecraft:powered_rail":33,"minecraft:quartz":17,"minecraft:netherrack":192,"minecraft:water_bucket":5,"minecraft:bread":13,"minecraft:oak_slab":2,"minecraft:minecart":6,"minecraft:bookshelf":5,"minecraft:diamond_leggings":3,"minecraft:golden_axe":1,"minecraft:activator_rail":98,"minecraft:grass_block":4,"minecraft:stick":53,"minecraft:diorite":1,"minecraft:torch":4,"minecraft:iron_leggings":2,"minecraft:iron_axe":2,"minecraft:orange_bed":1,"minecraft:bucket":2,"minecraft:dandelion":31,"minecraft:redstone":82,"minecraft:raw_copper":28,"minecraft:tuff":21,"minecraft:raw_iron":11,"minecraft:light_gray_wool":1,"minecraft:iron_hoe":1,"minecraft:totem_of_undying":1,"minecraft:flint_and_steel":1,"minecraft:shield":1,"minecraft:diamond_chestplate":1,"minecraft:andesite":24,"minecraft:oak_sapling":3,"minecraft:diamond_boots":1,"minecraft:spruce_log":467,"minecraft:wooden_pickaxe":1},"minecraft:custom":{"minecraft:interact_with_crafting_table":115,"minecraft:open_barrel":59,"minecraft:bell_ring":1,"minecraft:leave_game":43,"minecraft:time_since_death":1841421,"minecraft:damage_blocked_by_shield":8076,"minecraft:play_time":1841421,"minecraft:jump":42599,"minecraft:enchant_item":15,"minecraft:interact_with_furnace":134,"minecraft:play_record":2,"minecraft:traded_with_villager":3205,"minecraft:sleep_in_bed":53,"minecraft:damage_dealt":106001,"minecraft:interact_with_smoker":74,"minecraft:inspect_dispenser":23,"minecraft:horse_one_cm":21839,"minecraft:interact_with_anvil":50,"minecraft:inspect_hopper":7,"minecraft:sneak_time":100467,"minecraft:interact_with_blast_furnace":34,"minecraft:total_world_time":1841421,"minecraft:time_since_rest":50042,"minecraft:swim_one_cm":346177,"minecraft:fly_one_cm":10203319,"minecraft:open_chest":1574,"minecraft:fall_one_cm":1028707,"minecraft:damage_resisted":144,"minecraft:sprint_one_cm":5728736,"minecraft:drop":870,"minecraft:talked_to_villager":2742,"minecraft:walk_on_water_one_cm":182165,"minecraft:player_kills":17,"minecraft:crouch_one_cm":449834,"minecraft:mob_kills":891,"minecraft:climb_one_cm":10824,"minecraft:walk_one_cm":3453766,"minecraft:raid_win":2,"minecraft:walk_under_water_one_cm":368155,"minecraft:raid_trigger":2,"minecraft:interact_with_grindstone":11,"minecraft:damage_taken":19472,"minecraft:damage_absorbed":160,"minecraft:minecart_one_cm":214775,"minecraft:pig_one_cm":24334},"minecraft:killed":{"minecraft:cave_spider":2,"minecraft:skeleton":119,"minecraft:chicken":9,"minecraft:skeleton_horse":1,"minecraft:iron_golem":3,"minecraft:pillager":54,"minecraft:goat":2,"minecraft:zombie":235,"minecraft:cow":53,"minecraft:evoker":12,"minecraft:vindicator":38,"minecraft:wandering_trader":3,"minecraft:ravager":12,"minecraft:enderman":8,"minecraft:witch":8,"minecraft:spider":60,"minecraft:pig":54,"minecraft:zombie_villager":3,"minecraft:creeper":65,"minecraft:sheep":37,"minecraft:trader_llama":6,"minecraft:ghast":1,"minecraft:vex":24,"minecraft:armadillo":2,"minecraft:slime":9,"minecraft:phantom":23,"minecraft:drowned":2},"minecraft:picked_up":{"minecraft:suspicious_stew":1,"minecraft:smithing_table":1,"minecraft:lead":6,"minecraft:diamond_sword":4,"minecraft:enchanted_book":7,"minecraft:golden_shovel":1,"minecraft:amethyst_block":13,"minecraft:string":39254,"minecraft:soul_soil":41,"minecraft:cherry_boat":1,"minecraft:diamond_leggings":3,"minecraft:gold_nugget":64,"minecraft:cobbled_deepslate":678,"minecraft:spruce_planks":686,"minecraft:melon_slice":17,"minecraft:jukebox":2,"minecraft:composter":13,"minecraft:acacia_log":91,"minecraft:golden_axe":1,"minecraft:cherry_log":10,"minecraft:golden_chestplate":3,"minecraft:orange_bed":1,"minecraft:armadillo_scute":2,"minecraft:bookshelf":5,"minecraft:birch_log":3,"minecraft:magma_block":14,"minecraft:feather":12,"minecraft:cooked_beef":108,"minecraft:jungle_log":11,"minecraft:water_bucket":5,"minecraft:brown_wool":1,"minecraft:smoker":12,"minecraft:flint":17,"minecraft:diamond_helmet":1,"minecraft:acacia_stairs":4,"minecraft:barrel":22,"minecraft:dispenser":14,"minecraft:lever":1,"minecraft:granite":79,"minecraft:chainmail_helmet":1,"minecraft:bread":18,"minecraft:diamond_pickaxe":12,"minecraft:crafting_table":5,"minecraft:ominous_bottle":4,"minecraft:cornflower":5,"minecraft:red_bed":1,"minecraft:flint_and_steel":1,"minecraft:music_disc_otherside":2,"minecraft:beef":108,"minecraft:poppy":18,"minecraft:spruce_slab":92,"minecraft:minecart":31,"minecraft:chest":15,"minecraft:diamond_hoe":1,"minecraft:egg":23,"minecraft:carrot":2816,"minecraft:redstone":220,"minecraft:jungle_sign":5,"minecraft:stone_shovel":3,"minecraft:diamond_chestplate":1,"minecraft:cooked_cod":17,"minecraft:shears":1,"minecraft:diamond_boots":1,"minecraft:totem_of_undying":13,"minecraft:tuff_bricks":6,"minecraft:mutton":48,"minecraft:glow_berries":42,"minecraft:white_wool":46,"minecraft:rail":250,"minecraft:oxeye_daisy":10,"minecraft:stripped_oak_log":2,"minecraft:tripwire_hook":2,"minecraft:fern":1,"minecraft:oak_log":168,"minecraft:ancient_debris":9,"minecraft:white_banner":15,"minecraft:apple":1,"minecraft:wild_armor_trim_smithing_template":2,"minecraft:oak_fence_gate":1,"minecraft:glass_bottle":2,"minecraft:iron_sword":2,"minecraft:spyglass":1,"minecraft:gravel":130,"minecraft:spruce_sapling":20,"minecraft:spruce_log":765,"minecraft:diamond_shovel":5,"minecraft:slime_ball":5,"minecraft:stone_axe":1,"minecraft:diamond_axe":7,"minecraft:gray_wool":158,"minecraft:baked_potato":271,"minecraft:hopper":7,"minecraft:ender_pearl":6,"minecraft:wheat":75,"minecraft:potion":3,"minecraft:raw_copper":38,"minecraft:smooth_stone_slab":5,"minecraft:iron_leggings":3,"minecraft:activator_rail":98,"minecraft:smooth_stone":4,"minecraft:bucket":2,"minecraft:redstone_torch":1,"minecraft:deepslate_tile_wall":1,"minecraft:furnace":13,"minecraft:iron_boots":1,"minecraft:stick":58,"minecraft:oak_fence":34,"minecraft:torch":94,"minecraft:porkchop":98,"minecraft:snow_block":3,"minecraft:pointed_dripstone":6,"minecraft:diorite":15,"minecraft:goat_horn":2,"minecraft:rotten_flesh":120,"minecraft:obsidian":79,"minecraft:cod":2,"minecraft:cobblestone":4588,"minecraft:andesite":30,"minecraft:potato":97,"minecraft:tuff":91,"minecraft:lapis_lazuli":112,"minecraft:dirt":18277,"minecraft:name_tag":3,"minecraft:leather_boots":2,"minecraft:glass":85,"minecraft:bone":139,"minecraft:acacia_planks":18,"minecraft:bow":11,"minecraft:wheat_seeds":680,"minecraft:raw_gold":15,"minecraft:grindstone":1,"minecraft:fletching_table":10,"minecraft:bamboo":5,"minecraft:powered_rail":1,"minecraft:oak_planks":26,"minecraft:cooked_porkchop":22,"minecraft:sand":248,"minecraft:jungle_planks":80,"minecraft:grass_block":5,"minecraft:jungle_slab":2,"minecraft:diamond":30,"minecraft:soul_lantern":5,"minecraft:crossbow":4,"minecraft:golden_apple":1,"minecraft:emerald":116,"minecraft:oak_sapling":5,"minecraft:netherrack":1666,"minecraft:cocoa_beans":3,"minecraft:fishing_rod":3,"minecraft:azure_bluet":11,"minecraft:chicken":3,"minecraft:gold_block":7,"minecraft:shield":1,"minecraft:oak_trapdoor":2,"minecraft:iron_axe":3,"minecraft:blackstone":51,"minecraft:candle":1,"minecraft:echo_shard":3,"minecraft:light_gray_wool":1,"minecraft:lectern":1141,"minecraft:sugar_cane":243,"minecraft:spruce_trapdoor":6,"minecraft:phantom_membrane":10,"minecraft:raw_iron":468,"minecraft:cookie":4,"minecraft:arrow":125,"minecraft:saddle":7,"minecraft:basalt":1,"minecraft:golden_carrot":33,"minecraft:glow_ink_sac":3,"minecraft:salmon":4,"minecraft:leather":50,"minecraft:chainmail_chestplate":5,"minecraft:gunpowder":40,"minecraft:yellow_bed":3,"minecraft:cobblestone_wall":166,"minecraft:cobblestone_stairs":1,"minecraft:cooked_mutton":19,"minecraft:iron_ingot":73,"minecraft:cooked_chicken":3,"minecraft:oxidized_cut_copper":1,"minecraft:acacia_sapling":12,"minecraft:soul_sand":64,"minecraft:book":109,"minecraft:oak_slab":2,"minecraft:emerald_block":95,"minecraft:quartz":143,"minecraft:dandelion":65,"minecraft:dripstone_block":12,"minecraft:amethyst_shard":7,"minecraft:blast_furnace":2,"minecraft:white_bed":76,"minecraft:spider_eye":13,"minecraft:chainmail_leggings":28,"minecraft:cherry_sapling":1,"minecraft:coal":737},"minecraft:used":{"minecraft:tuff_bricks":6,"minecraft:spruce_slab":110,"minecraft:dispenser":2,"minecraft:poppy":5,"minecraft:chest":71,"minecraft:rotten_flesh":5,"minecraft:jungle_slab":48,"minecraft:lava_bucket":62,"minecraft:grass_block":1,"minecraft:bow":837,"minecraft:ominous_bottle":2,"minecraft:furnace":9,"minecraft:egg":29,"minecraft:diorite":1,"minecraft:powered_rail":1,"minecraft:wooden_pickaxe":13,"minecraft:composter":13,"minecraft:sand":4,"minecraft:lectern":1135,"minecraft:soul_lantern":1,"minecraft:diamond_sword":770,"minecraft:oak_trapdoor":2,"minecraft:acacia_log":20,"minecraft:netherrack":772,"minecraft:torch":460,"minecraft:cod_bucket":1,"minecraft:fern":1,"minecraft:iron_axe":346,"minecraft:barrel":25,"minecraft:diamond_chestplate":4,"minecraft:tripwire_hook":2,"minecraft:goat_horn":104,"minecraft:acacia_planks":118,"minecraft:cobbled_deepslate":194,"minecraft:pointed_dripstone":2,"minecraft:wheat_seeds":27,"minecraft:water_bucket":452,"minecraft:birch_planks":5,"minecraft:fletching_table":10,"minecraft:spruce_fence_gate":1,"minecraft:rail":61,"minecraft:crafting_table":21,"minecraft:red_bed":1,"minecraft:campfire":4,"minecraft:white_bed":36,"minecraft:spruce_log":3,"minecraft:diamond_pickaxe":11411,"minecraft:cornflower":1,"minecraft:oxeye_daisy":1,"minecraft:diamond_shovel":14029,"minecraft:suspicious_stew":1,"minecraft:iron_pickaxe":602,"minecraft:spruce_sapling":71,"minecraft:cobblestone":313,"minecraft:cooked_porkchop":77,"minecraft:glass_pane":6,"minecraft:dandelion":1,"minecraft:candle":3,"minecraft:jukebox":3,"minecraft:diamond_leggings":1,"minecraft:iron_shovel":770,"minecraft:carrot_on_a_stick":14,"minecraft:shield":145,"minecraft:iron_sword":449,"minecraft:bell":1,"minecraft:sculk_sensor":3,"minecraft:iron_chestplate":1,"minecraft:oxidized_cut_copper":1,"minecraft:carrot":451,"minecraft:tuff":6,"minecraft:obsidian":35,"minecraft:glass":110,"minecraft:iron_helmet":1,"minecraft:gold_block":2,"minecraft:diamond_boots":2,"minecraft:stone_pickaxe":1310,"minecraft:oak_planks":24,"minecraft:ender_pearl":6,"minecraft:diamond_axe":2487,"minecraft:white_wool":40,"minecraft:crossbow":11,"minecraft:dripstone_block":9,"minecraft:shears":127,"minecraft:redstone_torch":1,"minecraft:lever":1,"minecraft:bread":8,"minecraft:brown_wool":1,"minecraft:string":27,"minecraft:gravel":9,"minecraft:andesite":1,"minecraft:smooth_stone_slab":2,"minecraft:tropical_fish_bucket":1,"minecraft:bone_meal":113,"minecraft:cherry_boat":1,"minecraft:oak_fence":1,"minecraft:flint_and_steel":46,"minecraft:stone_shovel":1683,"minecraft:redstone":3,"minecraft:spruce_planks":176,"minecraft:cooked_chicken":3,"minecraft:dirt":7803,"minecraft:spyglass":18,"minecraft:hopper":8,"minecraft:cobblestone_wall":33,"minecraft:diamond_helmet":4,"minecraft:granite":2,"minecraft:iron_hoe":144,"minecraft:wooden_axe":23,"minecraft:bookshelf":37,"minecraft:iron_boots":2,"minecraft:golden_carrot":109,"minecraft:soul_soil":6,"minecraft:minecart":16,"minecraft:cooked_beef":108,"minecraft:enchanted_golden_apple":1,"minecraft:iron_leggings":1,"minecraft:cooked_mutton":47,"minecraft:amethyst_block":13,"minecraft:baked_potato":84,"minecraft:smoker":13,"minecraft:acacia_stairs":97,"minecraft:apple":6,"minecraft:chicken":1,"minecraft:stone_axe":152,"minecraft:fishing_rod":1,"minecraft:white_banner":6,"minecraft:bucket":517,"minecraft:yellow_bed":3,"minecraft:gray_wool":125}},"DataVersion":3953}