{"stats":{"minecraft:crafted":{"minecraft:oak_planks":352,"minecraft:smooth_stone":51,"minecraft:chainmail_helmet":14,"minecraft:barrel":1,"minecraft:cooked_chicken":2,"minecraft:cherry_boat":1,"minecraft:stone":65,"minecraft:lever":1,"minecraft:diamond_shovel":1,"minecraft:bookshelf":44,"minecraft:suspicious_stew":12,"minecraft:cooked_mutton":36,"minecraft:glass":220,"minecraft:diamond_helmet":2,"minecraft:bow":5,"minecraft:diamond_leggings":5,"minecraft:iron_boots":26,"minecraft:chest":60,"minecraft:smoker":1,"minecraft:emerald":2769,"minecraft:cooked_porkchop":90,"minecraft:diamond_axe":2,"minecraft:crafting_table":16,"minecraft:spruce_planks":820,"minecraft:wooden_pickaxe":1,"minecraft:iron_helmet":1,"minecraft:chainmail_chestplate":12,"minecraft:birch_planks":12,"minecraft:campfire":4,"minecraft:apple":64,"minecraft:lectern":7,"minecraft:iron_chestplate":1,"minecraft:book":17,"minecraft:paper":99,"minecraft:emerald_block":95,"minecraft:diamond_pickaxe":10,"minecraft:shield":4,"minecraft:stick":220,"minecraft:iron_ingot":336,"minecraft:iron_pickaxe":3,"minecraft:spruce_fence_gate":1,"minecraft:shears":2,"minecraft:golden_carrot":174,"minecraft:cherry_planks":40,"minecraft:cookie":216,"minecraft:stone_shovel":22,"minecraft:fishing_rod":1,"minecraft:jukebox":1,"minecraft:furnace":3,"minecraft:stone_button":1,"minecraft:piston":1,"minecraft:bone_meal":192,"minecraft:glass_pane":32,"minecraft:flint_and_steel":1,"minecraft:iron_axe":2,"minecraft:iron_hoe":2,"minecraft:spruce_slab":282,"minecraft:stone_pickaxe":15,"minecraft:diamond_boots":4,"minecraft:chainmail_leggings":17,"minecraft:cooked_beef":95,"minecraft:diamond_sword":1,"minecraft:spruce_sign":9,"minecraft:iron_sword":2,"minecraft:bucket":1,"minecraft:acacia_stairs":96,"minecraft:stone_axe":2,"minecraft:enchanted_book":18,"minecraft:jungle_slab":120,"minecraft:bread":108,"minecraft:air":0,"minecraft:jungle_planks":28,"minecraft:chainmail_boots":12,"minecraft:wooden_axe":1,"minecraft:iron_shovel":3,"minecraft:iron_leggings":2,"minecraft:white_bed":1,"minecraft:pumpkin_pie":48,"minecraft:acacia_planks":304,"minecraft:torch":360,"minecraft:carrot_on_a_stick":1,"minecraft:diamond_chestplate":2},"minecraft:broken":{"minecraft:iron_shovel":3,"minecraft:iron_boots":1,"minecraft:stone_pickaxe":10,"minecraft:stone_axe":1,"minecraft:iron_sword":1,"minecraft:bow":1,"minecraft:stone_shovel":12,"minecraft:shield":2,"minecraft:iron_axe":2,"minecraft:iron_pickaxe":2},"minecraft:mined":{"minecraft:spruce_planks":263,"minecraft:white_bed":64,"minecraft:farmland":175,"minecraft:jungle_slab":2,"minecraft:cherry_log":10,"minecraft:sculk_vein":5,"minecraft:cobblestone_stairs":1,"minecraft:jungle_leaves":1,"minecraft:obsidian":46,"minecraft:granite":98,"minecraft:deepslate_tile_wall":1,"minecraft:acacia_log":92,"minecraft:grass_block":8548,"minecraft:jungle_log":10,"minecraft:soul_soil":2,"minecraft:composter":13,"minecraft:hopper":7,"minecraft:oxeye_daisy":1,"minecraft:spawner":1,"minecraft:tuff_bricks":6,"minecraft:iron_ore":248,"minecraft:barrel":20,"minecraft:fire":24,"minecraft:cobbled_deepslate":3,"minecraft:deepslate_lapis_ore":7,"minecraft:sculk_shrieker":1,"minecraft:pointed_dripstone":3,"minecraft:dirt_path":208,"minecraft:spruce_slab":17,"minecraft:orange_bed":1,"minecraft:tripwire":19,"minecraft:deepslate_redstone_ore":17,"minecraft:red_bed":1,"minecraft:smoker":11,"minecraft:soul_fire":6,"minecraft:soul_lantern":5,"minecraft:powder_snow":21,"minecraft:torch":15,"minecraft:blast_furnace":1,"minecraft:poppy":1,"minecraft:chest":11,"minecraft:glass":5,"minecraft:cobblestone":116,"minecraft:nether_quartz_ore":14,"minecraft:white_candle":1,"minecraft:oak_planks":24,"minecraft:sugar_cane":87,"minecraft:grindstone":1,"minecraft:wall_torch":4,"minecraft:amethyst_block":13,"minecraft:seagrass":1,"minecraft:birch_log":3,"minecraft:wheat":73,"minecraft:jukebox":1,"minecraft:stripped_oak_wood":1,"minecraft:smooth_stone_slab":2,"minecraft:oak_log":162,"minecraft:oak_fence_gate":1,"minecraft:dirt":6501,"minecraft:sand":312,"minecraft:netherrack":362,"minecraft:oak_leaves":15,"minecraft:deepslate":672,"minecraft:diamond_ore":1,"minecraft:tuff":87,"minecraft:mossy_cobblestone":1,"minecraft:deepslate_diamond_ore":29,"minecraft:candle":1,"minecraft:jungle_planks":55,"minecraft:oxidized_cut_copper":1,"minecraft:redstone_ore":9,"minecraft:oak_trapdoor":10,"minecraft:spruce_sapling":1,"minecraft:furnace":6,"minecraft:carrots":358,"minecraft:snow":2,"minecraft:acacia_stairs":5,"minecraft:andesite":13,"minecraft:gold_block":3,"minecraft:bookshelf":30,"minecraft:potatoes":2,"minecraft:deepslate_iron_ore":43,"minecraft:vine":6,"minecraft:rail":61,"minecraft:stripped_oak_log":2,"minecraft:packed_ice":2,"minecraft:bamboo":2,"minecraft:stone":4058,"minecraft:white_wool":9,"minecraft:podzol":302,"minecraft:smithing_table":1,"minecraft:acacia_leaves":15,"minecraft:glass_pane":5,"minecraft:snow_block":6,"minecraft:dandelion":15,"minecraft:oak_fence":37,"minecraft:crafting_table":4,"minecraft:cornflower":2,"minecraft:short_grass":449,"minecraft:emerald_ore":1,"minecraft:sculk_sensor":8,"minecraft:lectern":1136,"minecraft:copper_ore":8,"minecraft:tall_grass":52,"minecraft:deepslate_coal_ore":1,"minecraft:lapis_ore":12,"minecraft:deepslate_gold_ore":2,"minecraft:diorite":17,"minecraft:sculk":65,"minecraft:gray_wool":127,"minecraft:cobblestone_wall":177,"minecraft:spruce_log":734,"minecraft:white_wall_banner":1,"minecraft:yellow_bed":3,"minecraft:coal_ore":344,"minecraft:gravel":51,"minecraft:dripstone_block":15,"minecraft:acacia_planks":13,"minecraft:gold_ore":4,"minecraft:jungle_wall_sign":1,"minecraft:fern":33},"minecraft:dropped":{"minecraft:spruce_sign":9,"minecraft:iron_sword":1,"minecraft:piston":1,"minecraft:porkchop":3,"minecraft:diamond_axe":6,"minecraft:ominous_bottle":1,"minecraft:cooked_beef":81,"minecraft:oak_log":22,"minecraft:diamond":2,"minecraft:cooked_porkchop":26,"minecraft:crossbow":3,"minecraft:cookie":1,"minecraft:glow_berries":21,"minecraft:deepslate_tile_wall":1,"minecraft:leather":8,"minecraft:jungle_planks":27,"minecraft:saddle":1,"minecraft:rail":226,"minecraft:emerald":214,"minecraft:flint":6,"minecraft:gold_block":2,"minecraft:dirt":2358,"minecraft:dark_oak_log":2,"minecraft:stone_button":1,"minecraft:dispenser":12,"minecraft:cornflower":4,"minecraft:bone_meal":79,"minecraft:phantom_membrane":5,"minecraft:sand":5,"minecraft:white_wool":3,"minecraft:bone":283,"minecraft:gravel":9,"minecraft:stone_axe":2,"minecraft:goat_horn":2,"minecraft:emerald_block":111,"minecraft:sugar_cane":142,"minecraft:cooked_chicken":1,"minecraft:golden_chestplate":3,"minecraft:cobbled_deepslate":11,"minecraft:wheat":3,"minecraft:obsidian":42,"minecraft:soul_lantern":4,"minecraft:cherry_sapling":1,"minecraft:rotten_flesh":72,"minecraft:oak_planks":2,"minecraft:diamond_shovel":4,"minecraft:azure_bluet":5,"minecraft:white_bed":4,"minecraft:acacia_stairs":3,"minecraft:carrot":2368,"minecraft:chainmail_chestplate":16,"minecraft:poppy":6,"minecraft:gunpowder":14,"minecraft:hopper":17,"minecraft:jungle_log":4,"minecraft:leather_boots":2,"minecraft:acacia_sapling":12,"minecraft:chest":23,"minecraft:spruce_slab":136,"minecraft:arrow":5,"minecraft:powered_rail":20,"minecraft:glass":132,"minecraft:beef":2,"minecraft:quartz":14,"minecraft:netherrack":37,"minecraft:lectern":12,"minecraft:egg":1,"minecraft:water_bucket":5,"minecraft:enchanted_book":2,"minecraft:iron_ingot":5,"minecraft:bread":12,"minecraft:oak_slab":2,"minecraft:wheat_seeds":272,"minecraft:minecart":6,"minecraft:bookshelf":5,"minecraft:dripstone_block":1,"minecraft:diamond_leggings":3,"minecraft:golden_axe":1,"minecraft:feather":12,"minecraft:cobblestone":161,"minecraft:book":15,"minecraft:apple":1,"minecraft:granite":35,"minecraft:activator_rail":98,"minecraft:disc_fragment_5":2,"minecraft:chainmail_helmet":1,"minecraft:grass_block":4,"minecraft:coal":145,"minecraft:stick":53,"minecraft:oxeye_daisy":5,"minecraft:jungle_slab":9,"minecraft:gray_wool":32,"minecraft:diorite":1,"minecraft:golden_carrot":36,"minecraft:torch":4,"minecraft:wooden_axe":1,"minecraft:cherry_planks":9,"minecraft:diamond_helmet":1,"minecraft:potion":2,"minecraft:iron_leggings":2,"minecraft:armadillo_scute":3,"minecraft:white_banner":2,"minecraft:iron_axe":2,"minecraft:orange_bed":1,"minecraft:chainmail_leggings":33,"minecraft:paper":9,"minecraft:string":2213,"minecraft:bucket":2,"minecraft:acacia_planks":8,"minecraft:spruce_sapling":2,"minecraft:dandelion":31,"minecraft:redstone":82,"minecraft:soul_soil":2,"minecraft:cocoa_beans":3,"minecraft:cobblestone_wall":7,"minecraft:raw_copper":28,"minecraft:diamond_hoe":1,"minecraft:tuff":21,"minecraft:raw_iron":11,"minecraft:stone_shovel":2,"minecraft:light_gray_wool":1,"minecraft:iron_boots":2,"minecraft:iron_hoe":1,"minecraft:totem_of_undying":1,"minecraft:shears":1,"minecraft:flint_and_steel":1,"minecraft:suspicious_stew":2,"minecraft:diamond_sword":3,"minecraft:shield":1,"minecraft:diamond_chestplate":1,"minecraft:spruce_trapdoor":6,"minecraft:spruce_planks":373,"minecraft:diamond_pickaxe":10,"minecraft:andesite":24,"minecraft:oak_sapling":3,"minecraft:redstone_torch":13,"minecraft:barrel":4,"minecraft:spider_eye":11,"minecraft:bamboo":5,"minecraft:spruce_log":467,"minecraft:diamond_boots":1,"minecraft:bow":5,"minecraft:wooden_pickaxe":1},"minecraft:custom":{"minecraft:interact_with_crafting_table":109,"minecraft:open_barrel":56,"minecraft:leave_game":38,"minecraft:time_since_death":1699512,"minecraft:damage_resisted":144,"minecraft:sprint_one_cm":5302743,"minecraft:damage_blocked_by_shield":8076,"minecraft:drop":828,"minecraft:talked_to_villager":2711,"minecraft:play_time":1699512,"minecraft:jump":39924,"minecraft:walk_on_water_one_cm":180645,"minecraft:enchant_item":15,"minecraft:interact_with_furnace":112,"minecraft:play_record":2,"minecraft:traded_with_villager":2910,"minecraft:sleep_in_bed":45,"minecraft:damage_dealt":96756,"minecraft:player_kills":17,"minecraft:crouch_one_cm":427211,"minecraft:interact_with_smoker":74,"minecraft:inspect_dispenser":18,"minecraft:horse_one_cm":21839,"minecraft:interact_with_anvil":46,"minecraft:mob_kills":809,"minecraft:inspect_hopper":7,"minecraft:climb_one_cm":10500,"minecraft:walk_one_cm":3153066,"minecraft:raid_win":1,"minecraft:sneak_time":93409,"minecraft:walk_under_water_one_cm":366848,"minecraft:interact_with_blast_furnace":33,"minecraft:total_world_time":1699512,"minecraft:raid_trigger":1,"minecraft:interact_with_grindstone":10,"minecraft:time_since_rest":4985,"minecraft:damage_taken":15301,"minecraft:damage_absorbed":160,"minecraft:minecart_one_cm":214775,"minecraft:swim_one_cm":343604,"minecraft:fly_one_cm":9648859,"minecraft:pig_one_cm":24334,"minecraft:open_chest":1477,"minecraft:fall_one_cm":980330},"minecraft:killed":{"minecraft:cave_spider":2,"minecraft:witch":5,"minecraft:spider":59,"minecraft:skeleton":110,"minecraft:chicken":9,"minecraft:skeleton_horse":1,"minecraft:pig":51,"minecraft:zombie_villager":3,"minecraft:iron_golem":1,"minecraft:creeper":63,"minecraft:sheep":37,"minecraft:trader_llama":6,"minecraft:pillager":33,"minecraft:goat":2,"minecraft:zombie":233,"minecraft:ghast":1,"minecraft:cow":51,"minecraft:evoker":7,"minecraft:vex":17,"minecraft:armadillo":2,"minecraft:vindicator":21,"minecraft:slime":9,"minecraft:phantom":22,"minecraft:drowned":2,"minecraft:wandering_trader":3,"minecraft:ravager":6,"minecraft:enderman":7},"minecraft:picked_up":{"minecraft:wheat":75,"minecraft:suspicious_stew":1,"minecraft:lead":6,"minecraft:diamond_sword":4,"minecraft:smithing_table":1,"minecraft:enchanted_book":7,"minecraft:potion":3,"minecraft:golden_shovel":1,"minecraft:amethyst_block":13,"minecraft:string":35121,"minecraft:soul_soil":2,"minecraft:raw_copper":38,"minecraft:smooth_stone_slab":4,"minecraft:iron_leggings":3,"minecraft:activator_rail":98,"minecraft:cherry_boat":1,"minecraft:diamond_leggings":3,"minecraft:cobbled_deepslate":678,"minecraft:spruce_planks":686,"minecraft:bucket":2,"minecraft:redstone_torch":1,"minecraft:deepslate_tile_wall":1,"minecraft:melon_slice":17,"minecraft:iron_boots":1,"minecraft:furnace":9,"minecraft:stick":56,"minecraft:jukebox":2,"minecraft:composter":13,"minecraft:oak_fence":34,"minecraft:torch":93,"minecraft:acacia_log":91,"minecraft:porkchop":96,"minecraft:snow_block":3,"minecraft:golden_axe":1,"minecraft:cherry_log":10,"minecraft:pointed_dripstone":6,"minecraft:diorite":15,"minecraft:golden_chestplate":3,"minecraft:goat_horn":2,"minecraft:orange_bed":1,"minecraft:rotten_flesh":119,"minecraft:armadillo_scute":2,"minecraft:bookshelf":5,"minecraft:obsidian":79,"minecraft:cod":1,"minecraft:cobblestone":4585,"minecraft:birch_log":3,"minecraft:feather":12,"minecraft:cooked_beef":102,"minecraft:jungle_log":11,"minecraft:andesite":30,"minecraft:water_bucket":5,"minecraft:brown_wool":1,"minecraft:potato":47,"minecraft:smoker":11,"minecraft:flint":9,"minecraft:tuff":91,"minecraft:lapis_lazuli":112,"minecraft:dirt":18277,"minecraft:name_tag":3,"minecraft:leather_boots":2,"minecraft:glass":66,"minecraft:bone":139,"minecraft:acacia_planks":18,"minecraft:bow":11,"minecraft:wheat_seeds":670,"minecraft:raw_gold":15,"minecraft:grindstone":1,"minecraft:diamond_helmet":1,"minecraft:bamboo":5,"minecraft:oak_planks":25,"minecraft:cooked_porkchop":17,"minecraft:sand":248,"minecraft:jungle_planks":80,"minecraft:grass_block":5,"minecraft:acacia_stairs":4,"minecraft:barrel":22,"minecraft:jungle_slab":2,"minecraft:dispenser":14,"minecraft:diamond":30,"minecraft:soul_lantern":5,"minecraft:lever":1,"minecraft:crossbow":3,"minecraft:granite":79,"minecraft:golden_apple":1,"minecraft:chainmail_helmet":1,"minecraft:emerald":110,"minecraft:bread":17,"minecraft:oak_sapling":5,"minecraft:netherrack":319,"minecraft:cocoa_beans":3,"minecraft:diamond_pickaxe":12,"minecraft:fishing_rod":3,"minecraft:crafting_table":5,"minecraft:chicken":3,"minecraft:azure_bluet":11,"minecraft:ominous_bottle":4,"minecraft:gold_block":7,"minecraft:shield":1,"minecraft:cornflower":5,"minecraft:oak_trapdoor":2,"minecraft:red_bed":1,"minecraft:iron_axe":2,"minecraft:flint_and_steel":1,"minecraft:candle":1,"minecraft:echo_shard":3,"minecraft:music_disc_otherside":2,"minecraft:beef":108,"minecraft:light_gray_wool":1,"minecraft:poppy":14,"minecraft:spruce_slab":92,"minecraft:minecart":27,"minecraft:lectern":1141,"minecraft:sugar_cane":243,"minecraft:chest":15,"minecraft:spruce_trapdoor":6,"minecraft:egg":22,"minecraft:phantom_membrane":10,"minecraft:diamond_hoe":1,"minecraft:raw_iron":468,"minecraft:cookie":2,"minecraft:carrot":2764,"minecraft:redstone":213,"minecraft:jungle_sign":5,"minecraft:arrow":120,"minecraft:diamond_chestplate":1,"minecraft:stone_shovel":3,"minecraft:cooked_cod":17,"minecraft:shears":1,"minecraft:diamond_boots":1,"minecraft:saddle":5,"minecraft:totem_of_undying":6,"minecraft:tuff_bricks":6,"minecraft:mutton":48,"minecraft:glow_berries":42,"minecraft:rail":238,"minecraft:white_wool":46,"minecraft:oxeye_daisy":10,"minecraft:stripped_oak_log":2,"minecraft:golden_carrot":33,"minecraft:glow_ink_sac":3,"minecraft:tripwire_hook":2,"minecraft:salmon":4,"minecraft:leather":48,"minecraft:fern":1,"minecraft:oak_log":168,"minecraft:chainmail_chestplate":5,"minecraft:cobblestone_wall":166,"minecraft:yellow_bed":3,"minecraft:gunpowder":40,"minecraft:cobblestone_stairs":1,"minecraft:white_banner":10,"minecraft:cooked_mutton":19,"minecraft:apple":1,"minecraft:wild_armor_trim_smithing_template":2,"minecraft:iron_ingot":70,"minecraft:oak_fence_gate":1,"minecraft:cooked_chicken":3,"minecraft:glass_bottle":2,"minecraft:iron_sword":2,"minecraft:oxidized_cut_copper":1,"minecraft:acacia_sapling":12,"minecraft:book":109,"minecraft:oak_slab":2,"minecraft:emerald_block":95,"minecraft:quartz":14,"minecraft:dandelion":65,"minecraft:spyglass":1,"minecraft:dripstone_block":12,"minecraft:gravel":66,"minecraft:amethyst_shard":7,"minecraft:spruce_sapling":20,"minecraft:blast_furnace":2,"minecraft:white_bed":73,"minecraft:spruce_log":765,"minecraft:spider_eye":13,"minecraft:diamond_shovel":5,"minecraft:slime_ball":5,"minecraft:stone_axe":1,"minecraft:chainmail_leggings":28,"minecraft:diamond_axe":7,"minecraft:cherry_sapling":1,"minecraft:gray_wool":158,"minecraft:baked_potato":271,"minecraft:coal":737,"minecraft:hopper":7,"minecraft:ender_pearl":6},"minecraft:used":{"minecraft:tuff_bricks":6,"minecraft:dispenser":2,"minecraft:iron_shovel":770,"minecraft:spruce_slab":110,"minecraft:carrot_on_a_stick":14,"minecraft:poppy":5,"minecraft:shield":145,"minecraft:chest":71,"minecraft:iron_sword":449,"minecraft:rotten_flesh":5,"minecraft:bell":1,"minecraft:sculk_sensor":3,"minecraft:iron_chestplate":1,"minecraft:oxidized_cut_copper":1,"minecraft:carrot":451,"minecraft:jungle_slab":48,"minecraft:tuff":6,"minecraft:obsidian":35,"minecraft:glass":95,"minecraft:lava_bucket":50,"minecraft:grass_block":1,"minecraft:iron_helmet":1,"minecraft:bow":652,"minecraft:ominous_bottle":1,"minecraft:furnace":9,"minecraft:gold_block":2,"minecraft:egg":28,"minecraft:diorite":1,"minecraft:diamond_boots":2,"minecraft:oak_planks":24,"minecraft:stone_pickaxe":1310,"minecraft:ender_pearl":6,"minecraft:wooden_pickaxe":13,"minecraft:composter":13,"minecraft:diamond_axe":2470,"minecraft:white_wool":40,"minecraft:sand":4,"minecraft:crossbow":3,"minecraft:dripstone_block":9,"minecraft:shears":127,"minecraft:redstone_torch":1,"minecraft:lever":1,"minecraft:string":27,"minecraft:bread":8,"minecraft:brown_wool":1,"minecraft:lectern":1135,"minecraft:gravel":9,"minecraft:soul_lantern":1,"minecraft:diamond_sword":637,"minecraft:andesite":1,"minecraft:oak_fence":1,"minecraft:cherry_boat":1,"minecraft:tropical_fish_bucket":1,"minecraft:oak_trapdoor":2,"minecraft:bone_meal":113,"minecraft:acacia_log":20,"minecraft:flint_and_steel":46,"minecraft:stone_shovel":1683,"minecraft:redstone":3,"minecraft:spruce_planks":176,"minecraft:cooked_chicken":3,"minecraft:netherrack":256,"minecraft:torch":459,"minecraft:spyglass":18,"minecraft:dirt":7803,"minecraft:hopper":8,"minecraft:cobblestone_wall":33,"minecraft:diamond_helmet":3,"minecraft:granite":2,"minecraft:fern":1,"minecraft:iron_hoe":144,"minecraft:wooden_axe":23,"minecraft:bookshelf":37,"minecraft:iron_axe":346,"minecraft:iron_boots":2,"minecraft:diamond_chestplate":3,"minecraft:barrel":25,"minecraft:tripwire_hook":2,"minecraft:golden_carrot":56,"minecraft:goat_horn":104,"minecraft:pointed_dripstone":2,"minecraft:enchanted_golden_apple":1,"minecraft:minecart":16,"minecraft:cooked_beef":108,"minecraft:cobbled_deepslate":194,"minecraft:acacia_planks":118,"minecraft:iron_leggings":1,"minecraft:wheat_seeds":27,"minecraft:cooked_mutton":46,"minecraft:water_bucket":439,"minecraft:amethyst_block":13,"minecraft:birch_planks":5,"minecraft:baked_potato":84,"minecraft:spruce_fence_gate":1,"minecraft:rail":61,"minecraft:crafting_table":21,"minecraft:white_bed":24,"minecraft:red_bed":1,"minecraft:spruce_log":3,"minecraft:campfire":4,"minecraft:smoker":12,"minecraft:acacia_stairs":97,"minecraft:diamond_pickaxe":4968,"minecraft:cornflower":1,"minecraft:apple":6,"minecraft:oxeye_daisy":1,"minecraft:diamond_shovel":13769,"minecraft:chicken":1,"minecraft:iron_pickaxe":602,"minecraft:suspicious_stew":1,"minecraft:spruce_sapling":71,"minecraft:stone_axe":152,"minecraft:fishing_rod":1,"minecraft:cobblestone":313,"minecraft:white_banner":4,"minecraft:cooked_porkchop":77,"minecraft:bucket":491,"minecraft:glass_pane":6,"minecraft:yellow_bed":3,"minecraft:dandelion":1,"minecraft:diamond_leggings":1,"minecraft:gray_wool":125,"minecraft:jukebox":3,"minecraft:candle":3}},"DataVersion":3953}