{"stats":{"minecraft:used":{"minecraft:tuff_bricks":6,"minecraft:dispenser":2,"minecraft:spruce_slab":674,"minecraft:poppy":5,"minecraft:chest":109,"minecraft:stone":24,"minecraft:rotten_flesh":5,"minecraft:jungle_slab":48,"minecraft:lava_bucket":62,"minecraft:grass_block":186,"minecraft:stone_brick_stairs":38,"minecraft:bow":962,"minecraft:ominous_bottle":2,"minecraft:furnace":11,"minecraft:egg":50,"minecraft:potato":872,"minecraft:diorite":13,"minecraft:powered_rail":1,"minecraft:wooden_pickaxe":13,"minecraft:composter":13,"minecraft:oak_leaves":13,"minecraft:sand":4,"minecraft:lectern":1135,"minecraft:soul_lantern":1,"minecraft:diamond_sword":1044,"minecraft:fire_charge":1,"minecraft:oak_trapdoor":2,"minecraft:acacia_log":20,"minecraft:netherrack":774,"minecraft:torch":659,"minecraft:anvil":1,"minecraft:cod_bucket":8,"minecraft:fern":1,"minecraft:iron_axe":346,"minecraft:spruce_button":3,"minecraft:barrel":26,"minecraft:diamond_chestplate":4,"minecraft:tripwire_hook":2,"minecraft:goat_horn":104,"minecraft:acacia_planks":118,"minecraft:cobbled_deepslate":194,"minecraft:pointed_dripstone":2,"minecraft:wheat_seeds":220,"minecraft:water_bucket":575,"minecraft:birch_planks":5,"minecraft:fletching_table":10,"minecraft:spruce_fence_gate":1,"minecraft:rail":61,"minecraft:vine":8,"minecraft:crafting_table":28,"minecraft:red_bed":1,"minecraft:white_bed":42,"minecraft:campfire":32,"minecraft:spruce_log":16,"minecraft:oak_log":17,"minecraft:diamond_pickaxe":16080,"minecraft:cornflower":1,"minecraft:oxeye_daisy":1,"minecraft:diamond_shovel":23260,"minecraft:iron_pickaxe":602,"minecraft:suspicious_stew":1,"minecraft:spruce_trapdoor":19,"minecraft:spruce_sapling":89,"minecraft:cobblestone":342,"minecraft:cooked_porkchop":142,"minecraft:glass_pane":6,"minecraft:dandelion":1,"minecraft:jukebox":3,"minecraft:candle":3,"minecraft:diamond_leggings":1,"minecraft:iron_shovel":770,"minecraft:carrot_on_a_stick":14,"minecraft:shield":145,"minecraft:iron_sword":449,"minecraft:bell":1,"minecraft:sculk_sensor":3,"minecraft:iron_chestplate":1,"minecraft:oxidized_cut_copper":1,"minecraft:carrot":566,"minecraft:tuff":6,"minecraft:obsidian":35,"minecraft:glass":180,"minecraft:iron_helmet":1,"minecraft:stone_bricks":30,"minecraft:scaffolding":26,"minecraft:gold_block":2,"minecraft:diamond_boots":2,"minecraft:stone_pickaxe":1310,"minecraft:oak_planks":24,"minecraft:ender_pearl":9,"minecraft:diamond_axe":3731,"minecraft:white_wool":40,"minecraft:crossbow":15,"minecraft:stone_brick_wall":4,"minecraft:dripstone_block":9,"minecraft:shears":169,"minecraft:redstone_torch":1,"minecraft:lever":4,"minecraft:string":28,"minecraft:bread":8,"minecraft:brown_wool":1,"minecraft:gravel":11,"minecraft:andesite":1,"minecraft:chain":7,"minecraft:smooth_stone_slab":2,"minecraft:tropical_fish_bucket":1,"minecraft:bone_meal":118,"minecraft:oak_fence":5,"minecraft:cherry_boat":1,"minecraft:flint_and_steel":107,"minecraft:stone_shovel":1683,"minecraft:redstone":11,"minecraft:spruce_planks":176,"minecraft:cooked_chicken":3,"minecraft:spyglass":18,"minecraft:dirt":10478,"minecraft:hopper":8,"minecraft:spruce_stairs":25,"minecraft:cobblestone_wall":33,"minecraft:diamond_helmet":4,"minecraft:salmon_bucket":3,"minecraft:granite":2,"minecraft:iron_hoe":144,"minecraft:stone_brick_slab":24,"minecraft:wooden_axe":23,"minecraft:bookshelf":38,"minecraft:iron_boots":2,"minecraft:golden_carrot":125,"minecraft:soul_soil":6,"minecraft:minecart":16,"minecraft:cooked_beef":108,"minecraft:enchanted_golden_apple":1,"minecraft:iron_leggings":1,"minecraft:cooked_mutton":47,"minecraft:amethyst_block":13,"minecraft:cobblestone_stairs":17,"minecraft:baked_potato":84,"minecraft:spruce_sign":1,"minecraft:cobblestone_slab":978,"minecraft:smoker":13,"minecraft:acacia_stairs":97,"minecraft:apple":8,"minecraft:chicken":1,"minecraft:stone_slab":27,"minecraft:stone_axe":152,"minecraft:fishing_rod":1,"minecraft:white_banner":6,"minecraft:jungle_door":5,"minecraft:bucket":650,"minecraft:yellow_bed":3,"minecraft:gray_wool":125},"minecraft:picked_up":{"minecraft:iron_chestplate":4,"minecraft:chainmail_boots":12,"minecraft:suspicious_stew":11,"minecraft:lead":10,"minecraft:smithing_table":1,"minecraft:stone_slab":14,"minecraft:diamond_sword":4,"minecraft:enchanted_book":9,"minecraft:golden_shovel":1,"minecraft:amethyst_block":22,"minecraft:string":43553,"minecraft:soul_soil":44,"minecraft:cherry_boat":1,"minecraft:diamond_leggings":4,"minecraft:gold_nugget":64,"minecraft:cobbled_deepslate":796,"minecraft:spruce_planks":694,"minecraft:melon_slice":34,"minecraft:jukebox":2,"minecraft:composter":16,"minecraft:acacia_log":101,"minecraft:golden_axe":1,"minecraft:cherry_log":10,"minecraft:golden_chestplate":3,"minecraft:orange_bed":1,"minecraft:armadillo_scute":2,"minecraft:bookshelf":5,"minecraft:birch_log":3,"minecraft:magma_block":14,"minecraft:feather":16,"minecraft:cooked_beef":114,"minecraft:water_bucket":6,"minecraft:jungle_log":71,"minecraft:brown_wool":1,"minecraft:smoker":12,"minecraft:flint":46,"minecraft:stonecutter":1,"minecraft:diamond_helmet":2,"minecraft:acacia_stairs":4,"minecraft:barrel":23,"minecraft:iron_hoe":2,"minecraft:dispenser":33,"minecraft:lever":4,"minecraft:granite":79,"minecraft:chainmail_helmet":14,"minecraft:spruce_button":2,"minecraft:bread":18,"minecraft:diamond_pickaxe":12,"minecraft:crafting_table":8,"minecraft:ominous_bottle":5,"minecraft:clay_ball":8,"minecraft:heavy_weighted_pressure_plate":2,"minecraft:cornflower":5,"minecraft:red_bed":1,"minecraft:flint_and_steel":3,"minecraft:glass_pane":25,"minecraft:music_disc_otherside":3,"minecraft:beef":108,"minecraft:poppy":37,"minecraft:iron_nugget":5,"minecraft:spruce_slab":1150,"minecraft:minecart":31,"minecraft:chest":58,"minecraft:diamond_hoe":1,"minecraft:egg":46,"minecraft:stone":63,"minecraft:spruce_fence":3,"minecraft:carrot":4593,"minecraft:redstone":255,"minecraft:jungle_sign":10,"minecraft:stone_shovel":6,"minecraft:diamond_chestplate":1,"minecraft:cooked_cod":17,"minecraft:shears":3,"minecraft:diamond_boots":3,"minecraft:totem_of_undying":21,"minecraft:tuff_bricks":6,"minecraft:glow_berries":42,"minecraft:mutton":48,"minecraft:white_wool":51,"minecraft:rail":323,"minecraft:oxeye_daisy":17,"minecraft:stripped_oak_log":2,"minecraft:tripwire_hook":2,"minecraft:fern":1,"minecraft:red_mushroom":1,"minecraft:oak_log":237,"minecraft:ancient_debris":9,"minecraft:golden_boots":2,"minecraft:blue_bed":1,"minecraft:white_banner":17,"minecraft:apple":66,"minecraft:stone_bricks":20,"minecraft:kelp":9,"minecraft:wild_armor_trim_smithing_template":2,"minecraft:oak_fence_gate":2,"minecraft:stone_pickaxe":1,"minecraft:glass_bottle":2,"minecraft:iron_sword":4,"minecraft:spyglass":1,"minecraft:gravel":170,"minecraft:spruce_sapling":59,"minecraft:spruce_log":1294,"minecraft:diamond_shovel":5,"minecraft:slime_ball":10,"minecraft:stone_axe":2,"minecraft:diamond_axe":8,"minecraft:gray_wool":159,"minecraft:baked_potato":527,"minecraft:hopper":34,"minecraft:ender_pearl":9,"minecraft:wheat":303,"minecraft:yellow_wool":2,"minecraft:potion":3,"minecraft:stone_brick_stairs":5,"minecraft:raw_copper":253,"minecraft:smooth_stone_slab":10,"minecraft:iron_leggings":4,"minecraft:activator_rail":173,"minecraft:smooth_stone":54,"minecraft:bucket":3,"minecraft:redstone_torch":1,"minecraft:cobblestone_slab":202,"minecraft:iron_pickaxe":2,"minecraft:deepslate_tile_wall":1,"minecraft:iron_boots":15,"minecraft:furnace":19,"minecraft:stick":172,"minecraft:jungle_door":2,"minecraft:oak_fence":67,"minecraft:torch":121,"minecraft:spruce_stairs":38,"minecraft:snow_block":6,"minecraft:porkchop":100,"minecraft:pointed_dripstone":6,"minecraft:diorite":40,"minecraft:vine":8,"minecraft:goat_horn":3,"minecraft:rotten_flesh":203,"minecraft:obsidian":95,"minecraft:cod":3,"minecraft:cobblestone":10116,"minecraft:repeater":1,"minecraft:andesite":52,"minecraft:potato":3390,"minecraft:tuff":91,"minecraft:lapis_lazuli":204,"minecraft:dirt":26767,"minecraft:name_tag":3,"minecraft:leather_boots":2,"minecraft:glass":144,"minecraft:bone":164,"minecraft:acacia_planks":18,"minecraft:bow":15,"minecraft:wheat_seeds":1952,"minecraft:raw_gold":19,"minecraft:grindstone":1,"minecraft:fletching_table":28,"minecraft:bamboo":5,"minecraft:powered_rail":2,"minecraft:oak_planks":58,"minecraft:stone_hoe":1,"minecraft:cooked_porkchop":22,"minecraft:poisonous_potato":11,"minecraft:sand":309,"minecraft:jungle_planks":128,"minecraft:grass_block":296,"minecraft:jungle_slab":82,"minecraft:diamond":30,"minecraft:soul_lantern":5,"minecraft:crossbow":8,"minecraft:bone_meal":1,"minecraft:golden_apple":1,"minecraft:spruce_sign":17,"minecraft:emerald":116,"minecraft:oak_sapling":10,"minecraft:netherrack":2001,"minecraft:oak_leaves":26,"minecraft:cocoa_beans":18,"minecraft:fishing_rod":6,"minecraft:charcoal":6,"minecraft:azure_bluet":13,"minecraft:chicken":8,"minecraft:gold_block":7,"minecraft:stone_brick_wall":2,"minecraft:chain":1,"minecraft:shield":1,"minecraft:oak_trapdoor":2,"minecraft:iron_axe":4,"minecraft:blackstone":51,"minecraft:candle":1,"minecraft:echo_shard":3,"minecraft:light_gray_wool":1,"minecraft:lectern":1141,"minecraft:sugar_cane":402,"minecraft:spruce_trapdoor":13,"minecraft:phantom_membrane":15,"minecraft:raw_iron":473,"minecraft:bowl":1,"minecraft:cookie":174,"minecraft:arrow":144,"minecraft:pumpkin_pie":48,"minecraft:saddle":13,"minecraft:basalt":1,"minecraft:golden_carrot":33,"minecraft:glow_ink_sac":3,"minecraft:salmon":10,"minecraft:leather":54,"minecraft:carrot_on_a_stick":1,"minecraft:chainmail_chestplate":6,"minecraft:gunpowder":68,"minecraft:yellow_bed":3,"minecraft:cobblestone_wall":187,"minecraft:cobblestone_stairs":22,"minecraft:cooked_mutton":30,"minecraft:iron_ingot":76,"minecraft:cooked_chicken":5,"minecraft:oxidized_cut_copper":1,"minecraft:acacia_sapling":12,"minecraft:soul_sand":64,"minecraft:book":112,"minecraft:scaffolding":56,"minecraft:oak_slab":2,"minecraft:emerald_block":95,"minecraft:stone_brick_slab":1,"minecraft:quartz":264,"minecraft:dandelion":82,"minecraft:dripstone_block":12,"minecraft:amethyst_shard":7,"minecraft:blast_furnace":2,"minecraft:white_bed":97,"minecraft:spruce_door":3,"minecraft:spider_eye":21,"minecraft:chainmail_leggings":40,"minecraft:iron_helmet":1,"minecraft:cherry_sapling":1,"minecraft:coal":835},"minecraft:mined":{"minecraft:white_bed":70,"minecraft:cherry_log":10,"minecraft:jungle_leaves":5,"minecraft:obsidian":46,"minecraft:granite":98,"minecraft:acacia_log":103,"minecraft:deepslate_tile_wall":1,"minecraft:stone_brick_wall":2,"minecraft:jungle_log":71,"minecraft:hopper":26,"minecraft:oxeye_daisy":2,"minecraft:spawner":1,"minecraft:magma_block":10,"minecraft:cobbled_deepslate":4,"minecraft:fire":44,"minecraft:barrel":21,"minecraft:fletching_table":20,"minecraft:deepslate_lapis_ore":7,"minecraft:sculk_shrieker":1,"minecraft:dirt_path":209,"minecraft:white_banner":2,"minecraft:tripwire":20,"minecraft:orange_bed":1,"minecraft:red_bed":1,"minecraft:smoker":12,"minecraft:soul_fire":11,"minecraft:powder_snow":21,"minecraft:torch":24,"minecraft:blast_furnace":1,"minecraft:glass":115,"minecraft:white_candle":1,"minecraft:sugar_cane":161,"minecraft:amethyst_block":13,"minecraft:chain":1,"minecraft:wheat":314,"minecraft:jukebox":1,"minecraft:stone_brick_stairs":5,"minecraft:oak_fence_gate":1,"minecraft:stonecutter":1,"minecraft:deepslate":672,"minecraft:mossy_cobblestone":1,"minecraft:jungle_planks":55,"minecraft:redstone_wire":4,"minecraft:redstone_ore":9,"minecraft:snow":2,"minecraft:andesite":35,"minecraft:potatoes":640,"minecraft:cobblestone_slab":105,"minecraft:vine":32,"minecraft:rail":74,"minecraft:bamboo":2,"minecraft:white_wool":9,"minecraft:smithing_table":1,"minecraft:glass_pane":5,"minecraft:soul_sand":101,"minecraft:stone_brick_slab":1,"minecraft:dandelion":18,"minecraft:cornflower":3,"minecraft:short_grass":700,"minecraft:spruce_button":2,"minecraft:emerald_ore":1,"minecraft:campfire":3,"minecraft:tall_grass":89,"minecraft:copper_ore":33,"minecraft:deepslate_gold_ore":2,"minecraft:diorite":38,"minecraft:cobblestone_wall":177,"minecraft:spruce_log":1226,"minecraft:gravel":220,"minecraft:dripstone_block":15,"minecraft:acacia_planks":13,"minecraft:stone_bricks":20,"minecraft:gold_ore":4,"minecraft:fern":47,"minecraft:spruce_planks":266,"minecraft:farmland":175,"minecraft:jungle_slab":2,"minecraft:cobblestone_stairs":7,"minecraft:sculk_vein":5,"minecraft:spruce_trapdoor":6,"minecraft:grass_block":13931,"minecraft:soul_soil":36,"minecraft:composter":13,"minecraft:tuff_bricks":6,"minecraft:iron_ore":250,"minecraft:azure_bluet":1,"minecraft:pointed_dripstone":3,"minecraft:spruce_slab":525,"minecraft:deepslate_redstone_ore":17,"minecraft:jungle_door":2,"minecraft:blackstone":60,"minecraft:soul_lantern":5,"minecraft:clay":1,"minecraft:poppy":1,"minecraft:chest":37,"minecraft:nether_quartz_ore":202,"minecraft:cobblestone":155,"minecraft:grindstone":1,"minecraft:oak_planks":24,"minecraft:wall_torch":8,"minecraft:seagrass":3,"minecraft:powered_rail":1,"minecraft:birch_log":3,"minecraft:stripped_oak_wood":1,"minecraft:smooth_stone_slab":3,"minecraft:oak_log":232,"minecraft:sand":359,"minecraft:dirt":9968,"minecraft:dispenser":10,"minecraft:netherrack":6505,"minecraft:ancient_debris":9,"minecraft:oak_leaves":68,"minecraft:nether_gold_ore":8,"minecraft:diamond_ore":1,"minecraft:tuff":87,"minecraft:deepslate_diamond_ore":29,"minecraft:candle":1,"minecraft:lever":2,"minecraft:spruce_leaves":6,"minecraft:oxidized_cut_copper":1,"minecraft:oak_trapdoor":10,"minecraft:spruce_sapling":1,"minecraft:furnace":7,"minecraft:carrots":678,"minecraft:acacia_stairs":5,"minecraft:gold_block":3,"minecraft:bookshelf":31,"minecraft:deepslate_iron_ore":43,"minecraft:stripped_oak_log":2,"minecraft:packed_ice":2,"minecraft:stone":7070,"minecraft:podzol":314,"minecraft:acacia_leaves":16,"minecraft:scaffolding":30,"minecraft:snow_block":6,"minecraft:basalt":1,"minecraft:oak_fence":37,"minecraft:crafting_table":6,"minecraft:sculk_sensor":8,"minecraft:lectern":1136,"minecraft:stone_slab":14,"minecraft:deepslate_coal_ore":1,"minecraft:lapis_ore":12,"minecraft:sculk":65,"minecraft:spruce_stairs":18,"minecraft:gray_wool":127,"minecraft:white_wall_banner":1,"minecraft:yellow_bed":3,"minecraft:coal_ore":398,"minecraft:jungle_wall_sign":1},"minecraft:crafted":{"minecraft:smooth_stone":104,"minecraft:chainmail_helmet":14,"minecraft:chain":96,"minecraft:lever":2,"minecraft:diamond_shovel":1,"minecraft:bookshelf":45,"minecraft:cooked_mutton":36,"minecraft:glass":378,"minecraft:diamond_helmet":2,"minecraft:diamond_leggings":5,"minecraft:emerald":3575,"minecraft:cooked_porkchop":250,"minecraft:diamond_axe":2,"minecraft:campfire":100,"minecraft:stone_brick_stairs":40,"minecraft:lectern":7,"minecraft:stone_slab":36,"minecraft:iron_pickaxe":3,"minecraft:iron_block":20,"minecraft:gold_ingot":18,"minecraft:netherite_ingot":2,"minecraft:spruce_fence_gate":1,"minecraft:golden_carrot":210,"minecraft:stone_shovel":22,"minecraft:smooth_stone_slab":6,"minecraft:jukebox":1,"minecraft:iron_nugget":288,"minecraft:bone_meal":198,"minecraft:lantern":24,"minecraft:spruce_stairs":28,"minecraft:spruce_slab":480,"minecraft:stone_pickaxe":15,"minecraft:diamond_boots":4,"minecraft:chainmail_leggings":17,"minecraft:acacia_stairs":96,"minecraft:enchanted_book":19,"minecraft:jungle_slab":120,"minecraft:chainmail_boots":12,"minecraft:wooden_axe":1,"minecraft:iron_shovel":3,"minecraft:iron_leggings":2,"minecraft:white_bed":1,"minecraft:oak_planks":544,"minecraft:cobblestone_slab":1364,"minecraft:barrel":1,"minecraft:cooked_chicken":2,"minecraft:cherry_boat":1,"minecraft:cobblestone_stairs":336,"minecraft:stone":641,"minecraft:suspicious_stew":12,"minecraft:stone_brick_slab":84,"minecraft:bow":5,"minecraft:iron_boots":26,"minecraft:chest":75,"minecraft:stone_bricks":224,"minecraft:oak_fence":9,"minecraft:smoker":1,"minecraft:crafting_table":22,"minecraft:spruce_planks":1152,"minecraft:wooden_pickaxe":1,"minecraft:iron_helmet":12,"minecraft:chainmail_chestplate":12,"minecraft:birch_planks":12,"minecraft:apple":64,"minecraft:spruce_trapdoor":16,"minecraft:book":17,"minecraft:iron_chestplate":1,"minecraft:paper":99,"minecraft:diamond_pickaxe":10,"minecraft:emerald_block":145,"minecraft:shield":4,"minecraft:stick":348,"minecraft:iron_ingot":355,"minecraft:shears":3,"minecraft:cherry_planks":40,"minecraft:cookie":216,"minecraft:stone_brick_wall":6,"minecraft:fishing_rod":1,"minecraft:spruce_button":1,"minecraft:furnace":12,"minecraft:stone_button":1,"minecraft:blast_furnace":4,"minecraft:piston":1,"minecraft:glass_pane":32,"minecraft:oak_trapdoor":6,"minecraft:flint_and_steel":2,"minecraft:iron_axe":2,"minecraft:iron_hoe":2,"minecraft:netherite_scrap":9,"minecraft:cooked_beef":95,"minecraft:diamond_sword":1,"minecraft:spruce_sign":9,"minecraft:iron_sword":2,"minecraft:bucket":1,"minecraft:stone_axe":2,"minecraft:air":0,"minecraft:bread":108,"minecraft:jungle_planks":56,"minecraft:jungle_door":3,"minecraft:anvil":1,"minecraft:pumpkin_pie":48,"minecraft:acacia_planks":344,"minecraft:torch":532,"minecraft:carrot_on_a_stick":1,"minecraft:diamond_chestplate":2},"minecraft:killed":{"minecraft:cave_spider":2,"minecraft:skeleton":179,"minecraft:chicken":14,"minecraft:skeleton_horse":1,"minecraft:iron_golem":3,"minecraft:pillager":59,"minecraft:goat":2,"minecraft:zombie":293,"minecraft:cow":53,"minecraft:evoker":12,"minecraft:vindicator":38,"minecraft:wandering_trader":3,"minecraft:ravager":12,"minecraft:enderman":10,"minecraft:zombified_piglin":1,"minecraft:witch":12,"minecraft:spider":72,"minecraft:pig":54,"minecraft:zombie_villager":4,"minecraft:creeper":96,"minecraft:sheep":38,"minecraft:trader_llama":6,"minecraft:ghast":1,"minecraft:vex":24,"minecraft:armadillo":2,"minecraft:slime":9,"minecraft:phantom":30,"minecraft:drowned":3,"minecraft:villager":1},"minecraft:dropped":{"minecraft:iron_sword":1,"minecraft:piston":1,"minecraft:porkchop":3,"minecraft:ominous_bottle":1,"minecraft:cooked_beef":81,"minecraft:diamond":2,"minecraft:crafting_table":1,"minecraft:cooked_porkchop":26,"minecraft:crossbow":3,"minecraft:cookie":2,"minecraft:glow_berries":21,"minecraft:saddle":1,"minecraft:rail":226,"minecraft:emerald":214,"minecraft:gold_block":2,"minecraft:dirt":2620,"minecraft:stone_button":1,"minecraft:bone_meal":81,"minecraft:phantom_membrane":7,"minecraft:sand":46,"minecraft:white_wool":3,"minecraft:bone":294,"minecraft:stone_axe":2,"minecraft:emerald_block":111,"minecraft:goat_horn":2,"minecraft:sugar_cane":142,"minecraft:cooked_chicken":1,"minecraft:golden_chestplate":3,"minecraft:cobbled_deepslate":11,"minecraft:wheat":3,"minecraft:obsidian":42,"minecraft:rotten_flesh":92,"minecraft:oak_planks":35,"minecraft:azure_bluet":6,"minecraft:white_bed":5,"minecraft:heavy_weighted_pressure_plate":1,"minecraft:charcoal":6,"minecraft:jungle_log":4,"minecraft:hopper":17,"minecraft:leather_boots":2,"minecraft:acacia_sapling":12,"minecraft:spruce_slab":180,"minecraft:beef":2,"minecraft:glass":170,"minecraft:campfire":29,"minecraft:lectern":12,"minecraft:egg":2,"minecraft:enchanted_book":2,"minecraft:iron_ingot":5,"minecraft:wheat_seeds":397,"minecraft:dripstone_block":1,"minecraft:book":15,"minecraft:iron_helmet":11,"minecraft:feather":16,"minecraft:cobblestone":422,"minecraft:apple":1,"minecraft:granite":35,"minecraft:disc_fragment_5":2,"minecraft:chainmail_helmet":1,"minecraft:coal":145,"minecraft:oxeye_daisy":8,"minecraft:jungle_slab":40,"minecraft:gray_wool":32,"minecraft:golden_carrot":36,"minecraft:wooden_axe":1,"minecraft:cherry_planks":9,"minecraft:diamond_helmet":1,"minecraft:potion":2,"minecraft:armadillo_scute":3,"minecraft:white_banner":2,"minecraft:smooth_stone":1,"minecraft:chainmail_leggings":34,"minecraft:paper":9,"minecraft:string":2368,"minecraft:acacia_planks":8,"minecraft:spruce_sapling":17,"minecraft:furnace":4,"minecraft:soul_soil":16,"minecraft:cobblestone_wall":7,"minecraft:cocoa_beans":18,"minecraft:diamond_hoe":1,"minecraft:stone_shovel":2,"minecraft:chicken":1,"minecraft:iron_boots":3,"minecraft:stone_slab":2,"minecraft:shears":1,"minecraft:suspicious_stew":2,"minecraft:blast_furnace":4,"minecraft:diamond_sword":3,"minecraft:cobblestone_slab":342,"minecraft:stone":2,"minecraft:spruce_trapdoor":10,"minecraft:spruce_planks":379,"minecraft:diamond_pickaxe":10,"minecraft:redstone_torch":13,"minecraft:spider_eye":12,"minecraft:barrel":4,"minecraft:bamboo":5,"minecraft:bow":6,"minecraft:magma_block":14,"minecraft:spruce_sign":9,"minecraft:diamond_axe":6,"minecraft:oak_log":22,"minecraft:lantern":24,"minecraft:deepslate_tile_wall":1,"minecraft:leather":8,"minecraft:jungle_planks":75,"minecraft:cod":1,"minecraft:flint":6,"minecraft:cobblestone_stairs":338,"minecraft:dark_oak_log":2,"minecraft:dispenser":12,"minecraft:cornflower":4,"minecraft:gravel":19,"minecraft:soul_lantern":4,"minecraft:cherry_sapling":1,"minecraft:diamond_shovel":4,"minecraft:acacia_stairs":3,"minecraft:carrot":2582,"minecraft:chainmail_chestplate":16,"minecraft:poppy":12,"minecraft:gunpowder":20,"minecraft:stone_brick_wall":4,"minecraft:chest":23,"minecraft:basalt":1,"minecraft:arrow":5,"minecraft:powered_rail":33,"minecraft:quartz":17,"minecraft:netherrack":192,"minecraft:water_bucket":7,"minecraft:bread":13,"minecraft:oak_slab":2,"minecraft:minecart":6,"minecraft:bookshelf":5,"minecraft:diamond_leggings":3,"minecraft:golden_axe":1,"minecraft:activator_rail":98,"minecraft:spruce_stairs":6,"minecraft:grass_block":16,"minecraft:stick":71,"minecraft:diorite":1,"minecraft:torch":5,"minecraft:iron_leggings":2,"minecraft:iron_axe":2,"minecraft:orange_bed":1,"minecraft:bucket":2,"minecraft:dandelion":38,"minecraft:redstone":83,"minecraft:raw_copper":39,"minecraft:tuff":21,"minecraft:raw_iron":11,"minecraft:light_gray_wool":1,"minecraft:iron_hoe":1,"minecraft:totem_of_undying":1,"minecraft:flint_and_steel":1,"minecraft:shield":1,"minecraft:diamond_chestplate":1,"minecraft:andesite":24,"minecraft:oak_sapling":4,"minecraft:diamond_boots":1,"minecraft:spruce_log":835,"minecraft:wooden_pickaxe":1},"minecraft:custom":{"minecraft:interact_with_crafting_table":154,"minecraft:open_barrel":100,"minecraft:bell_ring":1,"minecraft:leave_game":53,"minecraft:time_since_death":2397375,"minecraft:damage_blocked_by_shield":8076,"minecraft:play_time":2397375,"minecraft:jump":54626,"minecraft:enchant_item":15,"minecraft:interact_with_furnace":194,"minecraft:play_record":2,"minecraft:traded_with_villager":3917,"minecraft:sleep_in_bed":68,"minecraft:damage_dealt":125452,"minecraft:interact_with_smoker":84,"minecraft:inspect_dispenser":34,"minecraft:horse_one_cm":21839,"minecraft:interact_with_smithing_table":1,"minecraft:interact_with_anvil":55,"minecraft:inspect_hopper":9,"minecraft:sneak_time":137336,"minecraft:interact_with_blast_furnace":42,"minecraft:total_world_time":2397375,"minecraft:time_since_rest":2213,"minecraft:swim_one_cm":449289,"minecraft:fly_one_cm":13480828,"minecraft:open_chest":2100,"minecraft:fall_one_cm":1244531,"minecraft:damage_resisted":144,"minecraft:sprint_one_cm":7813381,"minecraft:drop":991,"minecraft:talked_to_villager":2834,"minecraft:walk_on_water_one_cm":242026,"minecraft:player_kills":17,"minecraft:crouch_one_cm":630759,"minecraft:mob_kills":1138,"minecraft:climb_one_cm":33321,"minecraft:walk_one_cm":4780464,"minecraft:raid_win":2,"minecraft:walk_under_water_one_cm":484465,"minecraft:raid_trigger":2,"minecraft:interact_with_grindstone":11,"minecraft:damage_taken":20679,"minecraft:damage_absorbed":160,"minecraft:minecart_one_cm":214775,"minecraft:pig_one_cm":24334},"minecraft:broken":{"minecraft:iron_boots":1,"minecraft:iron_sword":1,"minecraft:bow":1,"minecraft:shield":2,"minecraft:iron_axe":2,"minecraft:iron_pickaxe":2,"minecraft:iron_shovel":3,"minecraft:stone_pickaxe":10,"minecraft:stone_axe":1,"minecraft:stone_shovel":12}},"DataVersion":3953}