{"stats":{"minecraft:used":{"minecraft:tuff_bricks":3,"minecraft:iron_shovel":174,"minecraft:poppy":1,"minecraft:chest":4,"minecraft:shield":9,"minecraft:white_terracotta":2,"minecraft:iron_sword":51,"minecraft:rotten_flesh":2,"minecraft:jungle_planks":162,"minecraft:carrot":146,"minecraft:tuff":1,"minecraft:lava_bucket":10,"minecraft:jungle_fence_gate":5,"minecraft:furnace":8,"minecraft:egg":6,"minecraft:potato":26,"minecraft:diamond_boots":1,"minecraft:stone_pickaxe":184,"minecraft:jungle_fence":1,"minecraft:oak_planks":11,"minecraft:wooden_pickaxe":6,"minecraft:composter":2,"minecraft:blue_bed":2,"minecraft:diamond_axe":761,"minecraft:blast_furnace":2,"minecraft:shears":3,"minecraft:lever":1,"minecraft:string":7,"minecraft:lectern":61,"minecraft:jungle_sign":5,"minecraft:grindstone":2,"minecraft:smithing_table":1,"minecraft:oak_boat":7,"minecraft:bone_meal":14,"minecraft:oak_trapdoor":2,"minecraft:flint_and_steel":20,"minecraft:stone_shovel":19,"minecraft:spruce_planks":98,"minecraft:torch":78,"minecraft:dirt":307,"minecraft:hopper":1,"minecraft:iron_hoe":158,"minecraft:bookshelf":2,"minecraft:iron_axe":209,"minecraft:barrel":14,"minecraft:bamboo":2,"minecraft:tripwire_hook":2,"minecraft:golden_carrot":40,"minecraft:cooked_beef":2,"minecraft:cobbled_deepslate":5,"minecraft:cooked_mutton":2,"minecraft:water_bucket":31,"minecraft:cobblestone_stairs":1,"minecraft:crafting_table":8,"minecraft:white_bed":67,"minecraft:diamond_pickaxe":173,"minecraft:diamond_shovel":345,"minecraft:iron_pickaxe":125,"minecraft:spruce_sapling":52,"minecraft:stone_axe":39,"minecraft:fishing_rod":1,"minecraft:cobblestone":99,"minecraft:cooked_porkchop":21,"minecraft:bucket":42,"minecraft:yellow_bed":12},"minecraft:picked_up":{"minecraft:iron_chestplate":2,"minecraft:wheat":18,"minecraft:stone_slab":5,"minecraft:string":2743,"minecraft:iron_leggings":2,"minecraft:diamond_leggings":2,"minecraft:cobbled_deepslate":118,"minecraft:bucket":1,"minecraft:spruce_planks":4,"minecraft:furnace":8,"minecraft:stick":66,"minecraft:composter":7,"minecraft:torch":2,"minecraft:snow_block":3,"minecraft:diorite":7,"minecraft:rotten_flesh":29,"minecraft:white_terracotta":2,"minecraft:cod":1,"minecraft:snowball":13,"minecraft:cobblestone":177,"minecraft:feather":3,"minecraft:andesite":1,"minecraft:water_bucket":1,"minecraft:jungle_log":57,"minecraft:potato":121,"minecraft:flint":3,"minecraft:tuff":13,"minecraft:dirt":949,"minecraft:bone":17,"minecraft:wheat_seeds":112,"minecraft:raw_gold":8,"minecraft:grindstone":1,"minecraft:oak_planks":21,"minecraft:cooked_porkchop":28,"minecraft:jungle_planks":133,"minecraft:barrel":12,"minecraft:iron_hoe":1,"minecraft:diamond":7,"minecraft:emerald":35,"minecraft:bread":64,"minecraft:diamond_pickaxe":3,"minecraft:fishing_rod":4,"minecraft:cocoa_beans":18,"minecraft:crafting_table":7,"minecraft:chicken":8,"minecraft:clay_ball":4,"minecraft:shield":2,"minecraft:cornflower":1,"minecraft:iron_axe":3,"minecraft:flint_and_steel":2,"minecraft:beef":3,"minecraft:oak_boat":8,"minecraft:poppy":9,"minecraft:lectern":60,"minecraft:egg":8,"minecraft:raw_iron":79,"minecraft:stone":8,"minecraft:jungle_fence_gate":1,"minecraft:carrot":283,"minecraft:redstone":8,"minecraft:arrow":19,"minecraft:shears":2,"minecraft:diamond_boots":2,"minecraft:tuff_bricks":3,"minecraft:rail":6,"minecraft:white_wool":1,"minecraft:oxeye_daisy":1,"minecraft:golden_carrot":31,"minecraft:glow_ink_sac":2,"minecraft:salmon":6,"minecraft:jungle_fence":5,"minecraft:red_mushroom":1,"minecraft:oak_log":28,"minecraft:yellow_bed":18,"minecraft:gunpowder":5,"minecraft:blue_bed":3,"minecraft:cooked_mutton":3,"minecraft:kelp":9,"minecraft:iron_ingot":59,"minecraft:stone_pickaxe":2,"minecraft:iron_sword":1,"minecraft:book":6,"minecraft:gravel":15,"minecraft:spruce_sapling":101,"minecraft:blast_furnace":1,"minecraft:white_bed":33,"minecraft:spruce_log":569,"minecraft:spider_eye":2,"minecraft:diamond_shovel":5,"minecraft:stone_axe":2,"minecraft:iron_helmet":2,"minecraft:diamond_axe":2,"minecraft:gray_wool":1,"minecraft:terracotta":1,"minecraft:coal":151},"minecraft:dropped":{"minecraft:diamond_axe":1,"minecraft:lapis_lazuli":22,"minecraft:cookie":192,"minecraft:jungle_planks":1,"minecraft:cobblestone_stairs":3,"minecraft:dirt":157,"minecraft:snowball":1,"minecraft:fishing_rod":1,"minecraft:stone_axe":1,"minecraft:wheat":7,"minecraft:rotten_flesh":4,"minecraft:diamond_shovel":5,"minecraft:white_bed":12,"minecraft:salmon":2,"minecraft:carrot":133,"minecraft:poppy":5,"minecraft:gunpowder":2,"minecraft:arrow":8,"minecraft:bread":160,"minecraft:oak_slab":5,"minecraft:wheat_seeds":31,"minecraft:feather":3,"minecraft:cobblestone":1,"minecraft:diorite":1,"minecraft:golden_carrot":33,"minecraft:iron_leggings":1,"minecraft:iron_axe":60,"minecraft:iron_shovel":1,"minecraft:string":210,"minecraft:spruce_sapling":3,"minecraft:cocoa_beans":9,"minecraft:tuff":6,"minecraft:stone_shovel":10,"minecraft:iron_boots":11,"minecraft:stone_slab":5,"minecraft:potato":95,"minecraft:cake":3,"minecraft:andesite":1,"minecraft:spider_eye":1,"minecraft:stone_pickaxe":26,"minecraft:wooden_pickaxe":1,"minecraft:terracotta":1},"minecraft:killed":{"minecraft:witch":1,"minecraft:spider":6,"minecraft:skeleton":6,"minecraft:chicken":5,"minecraft:pig":2,"minecraft:salmon":4,"minecraft:iron_golem":12,"minecraft:creeper":6,"minecraft:sheep":1,"minecraft:zombie":15,"minecraft:cow":1,"minecraft:drowned":5,"minecraft:villager":6},"minecraft:custom":{"minecraft:animals_bred":4,"minecraft:interact_with_crafting_table":69,"minecraft:open_barrel":1,"minecraft:leave_game":2,"minecraft:time_since_death":68790,"minecraft:sprint_one_cm":972844,"minecraft:damage_blocked_by_shield":1139,"minecraft:drop":193,"minecraft:talked_to_villager":267,"minecraft:play_time":276652,"minecraft:deaths":3,"minecraft:jump":7264,"minecraft:walk_on_water_one_cm":22184,"minecraft:enchant_item":1,"minecraft:interact_with_furnace":47,"minecraft:traded_with_villager":860,"minecraft:sleep_in_bed":15,"minecraft:damage_dealt":19360,"minecraft:crouch_one_cm":39417,"minecraft:interact_with_smithing_table":1,"minecraft:mob_kills":74,"minecraft:interact_with_anvil":1,"minecraft:climb_one_cm":3699,"minecraft:walk_one_cm":454737,"minecraft:sneak_time":12845,"minecraft:walk_under_water_one_cm":39053,"minecraft:boat_one_cm":386737,"minecraft:interact_with_blast_furnace":5,"minecraft:total_world_time":276652,"minecraft:time_since_rest":3662,"minecraft:damage_taken":3813,"minecraft:swim_one_cm":110422,"minecraft:fly_one_cm":1804812,"minecraft:open_chest":250,"minecraft:fish_caught":1,"minecraft:fall_one_cm":205918},"minecraft:mined":{"minecraft:spruce_planks":4,"minecraft:white_bed":21,"minecraft:farmland":15,"minecraft:jungle_leaves":4,"minecraft:grass_block":391,"minecraft:jungle_log":57,"minecraft:composter":4,"minecraft:oxeye_daisy":1,"minecraft:tuff_bricks":1,"minecraft:cobbled_deepslate":5,"minecraft:iron_ore":76,"minecraft:fire":18,"minecraft:barrel":10,"minecraft:dirt_path":24,"minecraft:tripwire":1,"minecraft:kelp_plant":1,"minecraft:clay":1,"minecraft:torch":1,"minecraft:blast_furnace":1,"minecraft:poppy":1,"minecraft:cobblestone":37,"minecraft:grindstone":1,"minecraft:oak_planks":10,"minecraft:white_terracotta":2,"minecraft:wheat":12,"minecraft:oak_log":22,"minecraft:sand":1,"minecraft:dirt":92,"minecraft:oak_leaves":1,"minecraft:deepslate":38,"minecraft:tuff":10,"minecraft:deepslate_diamond_ore":7,"minecraft:jungle_planks":102,"minecraft:spruce_leaves":24,"minecraft:red_mushroom":1,"minecraft:kelp":1,"minecraft:spruce_sapling":4,"minecraft:furnace":6,"minecraft:carrots":99,"minecraft:snow":14,"minecraft:andesite":1,"minecraft:bookshelf":2,"minecraft:potatoes":30,"minecraft:vine":8,"minecraft:stone":122,"minecraft:jungle_fence_gate":1,"minecraft:podzol":10,"minecraft:crafting_table":6,"minecraft:cornflower":1,"minecraft:short_grass":150,"minecraft:emerald_ore":1,"minecraft:lectern":60,"minecraft:tall_grass":7,"minecraft:deepslate_gold_ore":8,"minecraft:diorite":1,"minecraft:blue_bed":2,"minecraft:spruce_log":487,"minecraft:jungle_fence":5,"minecraft:yellow_bed":18,"minecraft:coal_ore":97,"minecraft:gravel":14,"minecraft:terracotta":1,"minecraft:fern":11},"minecraft:killed_by":{"minecraft:zombie":1,"minecraft:iron_golem":1},"minecraft:crafted":{"minecraft:grindstone":1,"minecraft:oak_planks":88,"minecraft:smooth_stone":5,"minecraft:jungle_fence_gate":4,"minecraft:barrel":6,"minecraft:stone":64,"minecraft:cobblestone_stairs":4,"minecraft:diamond_shovel":4,"minecraft:lever":1,"minecraft:bookshelf":4,"minecraft:cake":3,"minecraft:hopper":1,"minecraft:diamond_helmet":1,"minecraft:iron_boots":1,"minecraft:chest":5,"minecraft:golden_boots":1,"minecraft:oak_slab":12,"minecraft:emerald":673,"minecraft:diamond_axe":6,"minecraft:crafting_table":2,"minecraft:spruce_planks":388,"minecraft:wooden_pickaxe":2,"minecraft:iron_helmet":1,"minecraft:smithing_table":1,"minecraft:apple":64,"minecraft:lectern":2,"minecraft:iron_chestplate":1,"minecraft:diamond_pickaxe":2,"minecraft:shield":1,"minecraft:stick":64,"minecraft:stone_slab":6,"minecraft:iron_ingot":76,"minecraft:iron_pickaxe":1,"minecraft:snow_block":3,"minecraft:gold_ingot":4,"minecraft:composter":1,"minecraft:shears":1,"minecraft:jungle_sign":6,"minecraft:golden_carrot":78,"minecraft:cookie":192,"minecraft:stone_shovel":11,"minecraft:fishing_rod":1,"minecraft:tripwire_hook":2,"minecraft:furnace":4,"minecraft:blast_furnace":1,"minecraft:bone_meal":69,"minecraft:oak_trapdoor":2,"minecraft:flint_and_steel":2,"minecraft:iron_axe":59,"minecraft:iron_hoe":2,"minecraft:spruce_slab":12,"minecraft:stone_pickaxe":26,"minecraft:diamond_boots":1,"minecraft:cooked_beef":3,"minecraft:iron_sword":1,"minecraft:blue_bed":1,"minecraft:bucket":1,"minecraft:stone_axe":1,"minecraft:enchanted_book":5,"minecraft:jungle_slab":12,"minecraft:bread":96,"minecraft:air":0,"minecraft:jungle_planks":228,"minecraft:blue_dye":1,"minecraft:oak_boat":1,"minecraft:white_wool":128,"minecraft:white_dye":6,"minecraft:iron_shovel":1,"minecraft:iron_leggings":1,"minecraft:white_bed":49,"minecraft:torch":76,"minecraft:diamond_chestplate":1},"minecraft:broken":{"minecraft:iron_axe":1}},"DataVersion":3953}